-- Generated by Craft v2.6.2986 on Jul 4, 2017, 10:37:52 AM.

--
-- Disable foreign key checks and autocommit.
--

SET FOREIGN_KEY_CHECKS = 0;
SET SQL_MODE = "NO_AUTO_VALUE_ON_ZERO";
SET AUTOCOMMIT = 0;
SET NAMES utf8;


DROP TABLE IF EXISTS `craft_assetfiles`;


--
-- Schema for table `craft_assetfiles`
--
CREATE TABLE `craft_assetfiles` (
  `id` int(11) NOT NULL,
  `sourceId` int(11) DEFAULT NULL,
  `folderId` int(11) NOT NULL,
  `filename` varchar(255) COLLATE utf8_unicode_ci NOT NULL,
  `kind` varchar(50) COLLATE utf8_unicode_ci NOT NULL DEFAULT 'unknown',
  `width` int(11) unsigned DEFAULT NULL,
  `height` int(11) unsigned DEFAULT NULL,
  `size` bigint(20) unsigned DEFAULT NULL,
  `dateModified` datetime DEFAULT NULL,
  `dateCreated` datetime NOT NULL,
  `dateUpdated` datetime NOT NULL,
  `uid` char(36) COLLATE utf8_unicode_ci NOT NULL DEFAULT '0',
  PRIMARY KEY (`id`),
  UNIQUE KEY `craft_assetfiles_filename_folderId_unq_idx` (`filename`,`folderId`),
  KEY `craft_assetfiles_sourceId_fk` (`sourceId`),
  KEY `craft_assetfiles_folderId_fk` (`folderId`)
) ENGINE=InnoDB DEFAULT CHARSET=utf8 COLLATE=utf8_unicode_ci;

DROP TABLE IF EXISTS `craft_assetfolders`;


--
-- Schema for table `craft_assetfolders`
--
CREATE TABLE `craft_assetfolders` (
  `id` int(11) NOT NULL AUTO_INCREMENT,
  `parentId` int(11) DEFAULT NULL,
  `sourceId` int(11) DEFAULT NULL,
  `name` varchar(255) COLLATE utf8_unicode_ci NOT NULL,
  `path` varchar(255) COLLATE utf8_unicode_ci DEFAULT NULL,
  `dateCreated` datetime NOT NULL,
  `dateUpdated` datetime NOT NULL,
  `uid` char(36) COLLATE utf8_unicode_ci NOT NULL DEFAULT '0',
  PRIMARY KEY (`id`),
  UNIQUE KEY `craft_assetfolders_name_parentId_sourceId_unq_idx` (`name`,`parentId`,`sourceId`),
  KEY `craft_assetfolders_parentId_fk` (`parentId`),
  KEY `craft_assetfolders_sourceId_fk` (`sourceId`)
) ENGINE=InnoDB AUTO_INCREMENT=9 DEFAULT CHARSET=utf8 COLLATE=utf8_unicode_ci;

--
-- Data for table `craft_assetfolders`
--

INSERT INTO `craft_assetfolders` (`id`, `parentId`, `sourceId`, `name`, `path`, `dateCreated`, `dateUpdated`, `uid`) VALUES
 ('1', NULL, '1', 'uploads', '', '2017-07-03 11:39:12', '2017-07-03 11:39:12', '516da818-94eb-441a-b762-f5e9f2668e3b'),
 ('2', NULL, '2', 'Featured Images', '', '2017-07-03 11:39:12', '2017-07-03 11:39:12', '7523d531-acc6-4c37-99cf-3ad81de3e2db'),
 ('3', NULL, NULL, 'Temporary source', NULL, '2017-07-03 11:56:57', '2017-07-03 11:56:57', '6766c924-1826-46db-bf17-c561b298b553'),
 ('4', '3', NULL, 'user_1', 'user_1/', '2017-07-03 11:56:57', '2017-07-03 11:56:57', 'dac8b4df-8340-4a6a-b4ad-0706147541df'),
 ('5', '4', NULL, 'field_67', 'user_1/field_67/', '2017-07-03 11:56:57', '2017-07-03 11:56:57', '0c5d9a11-6243-4cd9-b937-4aaf257c7b10'),
 ('6', '4', NULL, 'field_40', 'user_1/field_40/', '2017-07-03 12:02:15', '2017-07-03 12:02:15', '221dbf87-5705-4d07-b3bb-a198058b04e1'),
 ('7', '4', NULL, 'field_54', 'user_1/field_54/', '2017-07-03 13:24:20', '2017-07-03 13:24:20', 'cf09c076-9ee4-449b-8b7b-a5640851467e'),
 ('8', '4', NULL, 'field_74', 'user_1/field_74/', '2017-07-03 13:24:21', '2017-07-03 13:24:21', '55280a7e-2d97-4304-8d1d-b11905569b22');



DROP TABLE IF EXISTS `craft_assetindexdata`;


--
-- Schema for table `craft_assetindexdata`
--
CREATE TABLE `craft_assetindexdata` (
  `id` int(11) NOT NULL AUTO_INCREMENT,
  `sessionId` varchar(36) COLLATE utf8_unicode_ci NOT NULL DEFAULT '',
  `sourceId` int(10) NOT NULL,
  `offset` int(10) NOT NULL,
  `uri` varchar(255) COLLATE utf8_unicode_ci DEFAULT NULL,
  `size` varchar(255) COLLATE utf8_unicode_ci DEFAULT NULL,
  `recordId` int(10) DEFAULT NULL,
  `dateCreated` datetime NOT NULL,
  `dateUpdated` datetime NOT NULL,
  `uid` char(36) COLLATE utf8_unicode_ci NOT NULL DEFAULT '0',
  PRIMARY KEY (`id`),
  UNIQUE KEY `craft_assetindexdata_sessionId_sourceId_offset_unq_idx` (`sessionId`,`sourceId`,`offset`),
  KEY `craft_assetindexdata_sourceId_fk` (`sourceId`)
) ENGINE=InnoDB DEFAULT CHARSET=utf8 COLLATE=utf8_unicode_ci;

DROP TABLE IF EXISTS `craft_assetsources`;


--
-- Schema for table `craft_assetsources`
--
CREATE TABLE `craft_assetsources` (
  `id` int(11) NOT NULL AUTO_INCREMENT,
  `name` varchar(255) COLLATE utf8_unicode_ci NOT NULL,
  `handle` varchar(255) COLLATE utf8_unicode_ci NOT NULL,
  `type` varchar(150) COLLATE utf8_unicode_ci NOT NULL,
  `settings` text COLLATE utf8_unicode_ci,
  `sortOrder` smallint(6) unsigned DEFAULT NULL,
  `fieldLayoutId` int(10) DEFAULT NULL,
  `dateCreated` datetime NOT NULL,
  `dateUpdated` datetime NOT NULL,
  `uid` char(36) COLLATE utf8_unicode_ci NOT NULL DEFAULT '0',
  PRIMARY KEY (`id`),
  UNIQUE KEY `craft_assetsources_name_unq_idx` (`name`),
  UNIQUE KEY `craft_assetsources_handle_unq_idx` (`handle`),
  KEY `craft_assetsources_fieldLayoutId_fk` (`fieldLayoutId`)
) ENGINE=InnoDB AUTO_INCREMENT=3 DEFAULT CHARSET=utf8 COLLATE=utf8_unicode_ci;

--
-- Data for table `craft_assetsources`
--

INSERT INTO `craft_assetsources` (`id`, `name`, `handle`, `type`, `settings`, `sortOrder`, `fieldLayoutId`, `dateCreated`, `dateUpdated`, `uid`) VALUES
 ('1', 'uploads', 'uploads', 'Local', '{\"publicURLs\":\"1\",\"path\":\"uploads\\/\",\"url\":\"\\/uploads\\/\"}', '1', '104', '2017-07-03 11:39:12', '2017-07-04 10:27:36', 'd470865e-e59c-490a-81ef-b30ee2ac180b'),
 ('2', 'Featured Images', 'featured', 'Local', '{\"publicURLs\":\"1\",\"path\":\"uploads\\/featured\\/\",\"url\":\"\\/uploads\\/featured\\/\"}', '2', '105', '2017-07-03 11:39:12', '2017-07-04 10:27:36', 'a24be175-969e-4c58-8f43-49dfec650906');



DROP TABLE IF EXISTS `craft_assettransformindex`;


--
-- Schema for table `craft_assettransformindex`
--
CREATE TABLE `craft_assettransformindex` (
  `id` int(11) NOT NULL AUTO_INCREMENT,
  `fileId` int(11) NOT NULL,
  `filename` varchar(255) COLLATE utf8_unicode_ci DEFAULT NULL,
  `format` varchar(255) COLLATE utf8_unicode_ci DEFAULT NULL,
  `location` varchar(255) COLLATE utf8_unicode_ci NOT NULL,
  `sourceId` int(11) DEFAULT NULL,
  `fileExists` tinyint(1) DEFAULT NULL,
  `inProgress` tinyint(1) DEFAULT NULL,
  `dateIndexed` datetime DEFAULT NULL,
  `dateCreated` datetime NOT NULL,
  `dateUpdated` datetime NOT NULL,
  `uid` char(36) COLLATE utf8_unicode_ci NOT NULL DEFAULT '0',
  PRIMARY KEY (`id`),
  KEY `craft_assettransformindex_sourceId_fileId_location_idx` (`sourceId`,`fileId`,`location`)
) ENGINE=InnoDB DEFAULT CHARSET=utf8 COLLATE=utf8_unicode_ci;

DROP TABLE IF EXISTS `craft_assettransforms`;


--
-- Schema for table `craft_assettransforms`
--
CREATE TABLE `craft_assettransforms` (
  `id` int(11) NOT NULL AUTO_INCREMENT,
  `name` varchar(255) COLLATE utf8_unicode_ci NOT NULL,
  `handle` varchar(255) COLLATE utf8_unicode_ci NOT NULL,
  `mode` enum('stretch','fit','crop') COLLATE utf8_unicode_ci NOT NULL DEFAULT 'crop',
  `position` enum('top-left','top-center','top-right','center-left','center-center','center-right','bottom-left','bottom-center','bottom-right') COLLATE utf8_unicode_ci NOT NULL DEFAULT 'center-center',
  `height` int(10) DEFAULT NULL,
  `width` int(10) DEFAULT NULL,
  `format` varchar(255) COLLATE utf8_unicode_ci DEFAULT NULL,
  `quality` int(10) DEFAULT NULL,
  `dimensionChangeTime` datetime DEFAULT NULL,
  `dateCreated` datetime NOT NULL,
  `dateUpdated` datetime NOT NULL,
  `uid` char(36) COLLATE utf8_unicode_ci NOT NULL DEFAULT '0',
  PRIMARY KEY (`id`),
  UNIQUE KEY `craft_assettransforms_name_unq_idx` (`name`),
  UNIQUE KEY `craft_assettransforms_handle_unq_idx` (`handle`)
) ENGINE=InnoDB AUTO_INCREMENT=26 DEFAULT CHARSET=utf8 COLLATE=utf8_unicode_ci;

--
-- Data for table `craft_assettransforms`
--

INSERT INTO `craft_assettransforms` (`id`, `name`, `handle`, `mode`, `position`, `height`, `width`, `format`, `quality`, `dimensionChangeTime`, `dateCreated`, `dateUpdated`, `uid`) VALUES
 ('5', 'Portrait 2/3 (hi-res)', 'high23', 'crop', 'center-center', '2000', '1333', NULL, '82', '2017-07-03 12:26:59', '2017-07-03 12:26:59', '2017-07-04 10:27:37', 'a85d0b83-a133-4454-b705-b915653fb7a3'),
 ('6', 'Portrait 2/3 (mid-res)', 'mid23', 'crop', 'center-center', '1000', '666', NULL, '60', '2017-07-03 12:32:20', '2017-07-03 12:32:20', '2017-07-04 10:27:37', '0910735c-8a0f-42ea-b2cf-34ecfc932365'),
 ('7', 'Portrait 2/3 (low-res)', 'low23', 'crop', 'center-center', '500', '333', NULL, '60', '2017-07-03 12:34:11', '2017-07-03 12:34:11', '2017-07-04 10:27:37', '811c4963-88c1-4dba-8826-6b94c757fe1c'),
 ('8', 'Landscape 3/2 (hi-res)', 'high32', 'crop', 'center-center', '1333', '2000', NULL, '82', '2017-07-03 12:37:52', '2017-07-03 12:37:52', '2017-07-04 10:27:36', '577fa3b4-ac4c-4218-9be8-c29a461b697c'),
 ('9', 'Landscape 3/2 (mid-res)', 'mid32', 'crop', 'center-center', '666', '1000', NULL, '60', '2017-07-03 12:39:48', '2017-07-03 12:38:42', '2017-07-04 10:27:36', '0b6add8d-f30e-4522-837a-ebbfdc0c38ab'),
 ('10', 'Landscape 3/2 (low-res)', 'low32', 'crop', 'center-center', '333', '500', NULL, '60', '2017-07-03 12:39:37', '2017-07-03 12:39:37', '2017-07-04 10:27:36', '91801fb3-f7c0-46c5-958e-f65333dc861d'),
 ('11', 'Landscape 4/3 (hi-res)', 'high43', 'crop', 'center-center', '1500', '2000', NULL, '82', '2017-07-03 12:43:28', '2017-07-03 12:41:39', '2017-07-04 10:27:36', 'df21b4a3-f7cd-40b2-9f3d-5006fc733343'),
 ('12', 'Landscape 4/3 (mid-res)', 'mid43', 'crop', 'center-center', '750', '1000', NULL, '60', '2017-07-03 12:43:02', '2017-07-03 12:43:02', '2017-07-04 10:27:36', '0e9dc8b6-d762-451f-bf6d-6f488a317e54'),
 ('13', 'Landscape 4/3 (low-res)', 'low43', 'crop', 'center-center', '375', '500', NULL, '60', '2017-07-03 12:44:20', '2017-07-03 12:44:07', '2017-07-04 10:27:36', '81d7b248-9433-47a0-b74c-f023cc549adb'),
 ('14', 'Portrait 3/4 (hi-res)', 'high34', 'crop', 'center-center', '2000', '1500', NULL, '82', '2017-07-03 12:46:12', '2017-07-03 12:46:12', '2017-07-04 10:27:37', '8d4b0c7a-2afb-4693-b891-9454e1e0307e'),
 ('15', 'Portrait 3/4 (mid-res)', 'mid34', 'crop', 'center-center', '1000', '750', NULL, '60', '2017-07-03 12:46:41', '2017-07-03 12:46:41', '2017-07-04 10:27:37', 'e4668487-242b-46c5-b17a-ec80e5b7b488'),
 ('16', 'Portrait 3/4 (low-res)', 'low34', 'crop', 'center-center', '500', '375', NULL, '60', '2017-07-03 12:47:10', '2017-07-03 12:47:10', '2017-07-04 10:27:37', '29a6356e-1729-4226-83ab-52e0188a0bb7'),
 ('17', 'Wide Landscape 16:9 (hi-res)', 'high169', 'crop', 'center-center', '1125', '2000', NULL, '82', '2017-07-03 12:50:35', '2017-07-03 12:50:35', '2017-07-04 10:27:37', '3a6548eb-eed5-4bc4-b03f-73bfd7cc2bfe'),
 ('18', 'Wide Landscape 16:9 (mid-res)', 'mid169', 'crop', 'center-center', '562', '1000', NULL, '60', '2017-07-03 12:51:14', '2017-07-03 12:51:14', '2017-07-04 10:27:37', 'd339a742-7d4d-46bb-ae05-6938db082334'),
 ('19', 'Wide Landscape 16:9 (low-res)', 'low169', 'crop', 'center-center', '281', '500', NULL, '60', '2017-07-03 12:51:42', '2017-07-03 12:51:42', '2017-07-04 10:27:37', 'bb1d723b-8827-4290-a9a8-dc96223b8160'),
 ('20', 'Tall Portrait 9:16 (hi-res)', 'high916', 'crop', 'center-center', '2000', '1125', NULL, '82', '2017-07-03 12:52:34', '2017-07-03 12:52:34', '2017-07-04 10:27:37', '67f8917a-ae18-48a8-984c-3476dd8f74a0'),
 ('21', 'Tall Portrait 9:16 (mid-res)', 'mid916', 'crop', 'center-center', '1000', '562', NULL, '60', '2017-07-03 12:53:17', '2017-07-03 12:53:17', '2017-07-04 10:27:37', '9b00319e-edc6-40f8-b37c-19bedc1e8e7e'),
 ('22', 'Tall Portrait 9:16 (low-res)', 'low916', 'crop', 'center-center', '500', '281', NULL, '60', '2017-07-03 12:53:47', '2017-07-03 12:53:47', '2017-07-04 10:27:37', '259b05c9-a597-4dcc-beb8-f829775a23c3'),
 ('23', 'Squared 1:1 (hi-res)', 'high11', 'crop', 'center-center', '2000', '2000', NULL, '82', '2017-07-03 12:54:27', '2017-07-03 12:54:27', '2017-07-04 10:27:37', 'aeb8bd24-7d1d-4729-a8c5-ed7dfd750826'),
 ('24', 'Squared 1:1 (mid-res)', 'mid11', 'crop', 'center-center', '1000', '1000', NULL, '60', '2017-07-03 12:54:53', '2017-07-03 12:54:53', '2017-07-04 10:27:37', 'f453d551-a930-4094-aa35-be7ca7e47b2c'),
 ('25', 'Squared 1:1 (low-res)', 'low11', 'crop', 'center-center', '500', '500', NULL, '60', '2017-07-03 12:55:11', '2017-07-03 12:55:11', '2017-07-04 10:27:37', 'afc66de6-3ffc-4c96-93b1-c93ef25eb859');



DROP TABLE IF EXISTS `craft_categories`;


--
-- Schema for table `craft_categories`
--
CREATE TABLE `craft_categories` (
  `id` int(11) NOT NULL,
  `groupId` int(11) NOT NULL,
  `dateCreated` datetime NOT NULL,
  `dateUpdated` datetime NOT NULL,
  `uid` char(36) COLLATE utf8_unicode_ci NOT NULL DEFAULT '0',
  PRIMARY KEY (`id`),
  KEY `craft_categories_groupId_fk` (`groupId`)
) ENGINE=InnoDB DEFAULT CHARSET=utf8 COLLATE=utf8_unicode_ci;

DROP TABLE IF EXISTS `craft_categorygroups`;


--
-- Schema for table `craft_categorygroups`
--
CREATE TABLE `craft_categorygroups` (
  `id` int(11) NOT NULL AUTO_INCREMENT,
  `structureId` int(11) NOT NULL,
  `fieldLayoutId` int(11) DEFAULT NULL,
  `name` varchar(255) COLLATE utf8_unicode_ci NOT NULL,
  `handle` varchar(255) COLLATE utf8_unicode_ci NOT NULL,
  `hasUrls` tinyint(1) unsigned NOT NULL DEFAULT '1',
  `template` varchar(500) COLLATE utf8_unicode_ci DEFAULT NULL,
  `dateCreated` datetime NOT NULL,
  `dateUpdated` datetime NOT NULL,
  `uid` char(36) COLLATE utf8_unicode_ci NOT NULL DEFAULT '0',
  PRIMARY KEY (`id`),
  UNIQUE KEY `craft_categorygroups_name_unq_idx` (`name`),
  UNIQUE KEY `craft_categorygroups_handle_unq_idx` (`handle`),
  KEY `craft_categorygroups_structureId_fk` (`structureId`),
  KEY `craft_categorygroups_fieldLayoutId_fk` (`fieldLayoutId`)
) ENGINE=InnoDB AUTO_INCREMENT=3 DEFAULT CHARSET=utf8 COLLATE=utf8_unicode_ci;

DROP TABLE IF EXISTS `craft_categorygroups_i18n`;


--
-- Schema for table `craft_categorygroups_i18n`
--
CREATE TABLE `craft_categorygroups_i18n` (
  `id` int(11) NOT NULL AUTO_INCREMENT,
  `groupId` int(11) NOT NULL,
  `locale` char(12) COLLATE utf8_unicode_ci NOT NULL,
  `urlFormat` text COLLATE utf8_unicode_ci,
  `nestedUrlFormat` text COLLATE utf8_unicode_ci,
  `dateCreated` datetime NOT NULL,
  `dateUpdated` datetime NOT NULL,
  `uid` char(36) COLLATE utf8_unicode_ci NOT NULL DEFAULT '0',
  PRIMARY KEY (`id`),
  UNIQUE KEY `craft_categorygroups_i18n_groupId_locale_unq_idx` (`groupId`,`locale`),
  KEY `craft_categorygroups_i18n_locale_fk` (`locale`)
) ENGINE=InnoDB AUTO_INCREMENT=3 DEFAULT CHARSET=utf8 COLLATE=utf8_unicode_ci;

DROP TABLE IF EXISTS `craft_content`;


--
-- Schema for table `craft_content`
--
CREATE TABLE `craft_content` (
  `id` int(11) NOT NULL AUTO_INCREMENT,
  `elementId` int(11) NOT NULL,
  `locale` char(12) COLLATE utf8_unicode_ci NOT NULL,
  `title` varchar(255) COLLATE utf8_unicode_ci DEFAULT NULL,
  `field_body` text COLLATE utf8_unicode_ci,
  `field_embed` text COLLATE utf8_unicode_ci,
  `field_introText` text COLLATE utf8_unicode_ci,
  `field_seoDescription` varchar(160) COLLATE utf8_unicode_ci DEFAULT NULL,
  `field_seoTitle` varchar(60) COLLATE utf8_unicode_ci DEFAULT NULL,
  `field_address` text COLLATE utf8_unicode_ci,
  `field_ceo` text COLLATE utf8_unicode_ci,
  `field_city` text COLLATE utf8_unicode_ci,
  `field_country` text COLLATE utf8_unicode_ci,
  `field_orgEMailAddress` text COLLATE utf8_unicode_ci,
  `field_facebookPage` text COLLATE utf8_unicode_ci,
  `field_GA` varchar(10) COLLATE utf8_unicode_ci DEFAULT NULL,
  `field_googleUrl` text COLLATE utf8_unicode_ci,
  `field_imprint` text COLLATE utf8_unicode_ci,
  `field_instagramUrl` text COLLATE utf8_unicode_ci,
  `field_linkedinUrl` text COLLATE utf8_unicode_ci,
  `field_mediumUrl` text COLLATE utf8_unicode_ci,
  `field_orgDescription` varchar(160) COLLATE utf8_unicode_ci DEFAULT NULL,
  `field_orgEstablishmentYear` varchar(4) COLLATE utf8_unicode_ci DEFAULT NULL,
  `field_orgFax` text COLLATE utf8_unicode_ci,
  `field_orgGpsPosition` text COLLATE utf8_unicode_ci,
  `field_orgName` varchar(60) COLLATE utf8_unicode_ci DEFAULT NULL,
  `field_orgPhoneNumber` text COLLATE utf8_unicode_ci,
  `field_pinterestUrl` text COLLATE utf8_unicode_ci,
  `field_privacyPolicies` text COLLATE utf8_unicode_ci,
  `field_state` text COLLATE utf8_unicode_ci,
  `field_termsConditions` text COLLATE utf8_unicode_ci,
  `field_twitterUrl` text COLLATE utf8_unicode_ci,
  `field_vatNr` text COLLATE utf8_unicode_ci,
  `field_zip` text COLLATE utf8_unicode_ci,
  `field_bio` text COLLATE utf8_unicode_ci,
  `dateCreated` datetime NOT NULL,
  `dateUpdated` datetime NOT NULL,
  `uid` char(36) COLLATE utf8_unicode_ci NOT NULL DEFAULT '0',
  PRIMARY KEY (`id`),
  UNIQUE KEY `craft_content_elementId_locale_unq_idx` (`elementId`,`locale`),
  KEY `craft_content_title_idx` (`title`),
  KEY `craft_content_locale_fk` (`locale`)
) ENGINE=InnoDB AUTO_INCREMENT=15 DEFAULT CHARSET=utf8 COLLATE=utf8_unicode_ci;

--
-- Data for table `craft_content`
--

INSERT INTO `craft_content` (`id`, `elementId`, `locale`, `title`, `field_body`, `field_embed`, `field_introText`, `field_seoDescription`, `field_seoTitle`, `field_address`, `field_ceo`, `field_city`, `field_country`, `field_orgEMailAddress`, `field_facebookPage`, `field_GA`, `field_googleUrl`, `field_imprint`, `field_instagramUrl`, `field_linkedinUrl`, `field_mediumUrl`, `field_orgDescription`, `field_orgEstablishmentYear`, `field_orgFax`, `field_orgGpsPosition`, `field_orgName`, `field_orgPhoneNumber`, `field_pinterestUrl`, `field_privacyPolicies`, `field_state`, `field_termsConditions`, `field_twitterUrl`, `field_vatNr`, `field_zip`, `field_bio`, `dateCreated`, `dateUpdated`, `uid`) VALUES
 ('1', '1', 'en_us', NULL, NULL, NULL, NULL, NULL, NULL, NULL, NULL, NULL, NULL, NULL, NULL, NULL, NULL, NULL, NULL, NULL, NULL, NULL, NULL, NULL, NULL, NULL, NULL, NULL, NULL, NULL, NULL, NULL, NULL, NULL, NULL, '2017-07-03 11:38:58', '2017-07-03 11:38:58', '234a72a1-5c02-4968-981e-e2b0c3594d8a'),
 ('2', '2', 'en_us', 'Welcome to Welance CraftCMS Starter!', '<p>It’s true, this site doesn’t have a whole lot of content yet, but don’t worry. Our web developers have just installed the CMS, and they’re setting things up for the content editors this very moment. Soon Welance will be an oasis of fresh perspectives, sharp analyses, and astute opinions that will keep you coming back again and again.</p>', NULL, '', '', '', NULL, NULL, NULL, NULL, NULL, NULL, NULL, NULL, NULL, NULL, NULL, NULL, NULL, NULL, NULL, NULL, NULL, NULL, NULL, NULL, NULL, NULL, NULL, NULL, NULL, NULL, '2017-07-03 11:38:58', '2017-07-03 13:49:06', 'a2e51f13-06c7-414c-b7fb-4828bf8cc348'),
 ('4', '4', 'en_us', NULL, NULL, NULL, NULL, NULL, NULL, NULL, NULL, NULL, NULL, NULL, NULL, NULL, NULL, NULL, NULL, NULL, NULL, NULL, NULL, NULL, NULL, NULL, NULL, NULL, NULL, NULL, NULL, NULL, NULL, NULL, NULL, '2017-07-03 11:39:13', '2017-07-04 10:27:37', '5db4b561-c831-4bae-9390-78940fc42003'),
 ('5', '5', 'en_us', NULL, NULL, NULL, NULL, NULL, NULL, 'Waldemastr. 37a', NULL, 'Berlin', 'Germany', 'Customer Support <support@welance.com>', NULL, NULL, NULL, NULL, NULL, NULL, NULL, NULL, NULL, '', '', NULL, '+49 (0)30 60 98 57 750', NULL, NULL, 'Berlin', NULL, NULL, NULL, '10999', NULL, '2017-07-03 11:39:13', '2017-07-04 10:27:37', 'ee4a588a-ce54-4b69-a4e0-d7869542998f'),
 ('6', '6', 'en_us', NULL, NULL, NULL, NULL, NULL, NULL, NULL, NULL, NULL, NULL, NULL, NULL, '', NULL, NULL, NULL, NULL, NULL, NULL, NULL, NULL, NULL, NULL, NULL, NULL, NULL, NULL, NULL, NULL, NULL, NULL, NULL, '2017-07-03 11:39:13', '2017-07-04 10:27:37', 'ad70d0ae-957e-4338-97ed-7390af278d35'),
 ('7', '7', 'en_us', NULL, NULL, NULL, NULL, NULL, NULL, NULL, NULL, NULL, NULL, NULL, NULL, NULL, NULL, NULL, NULL, NULL, NULL, NULL, NULL, NULL, NULL, NULL, NULL, NULL, NULL, NULL, NULL, NULL, NULL, NULL, NULL, '2017-07-03 11:39:13', '2017-07-04 10:27:37', 'b2810686-fed4-4170-b181-00be46d0c80e'),
 ('8', '8', 'en_us', NULL, NULL, NULL, NULL, NULL, NULL, NULL, NULL, NULL, NULL, NULL, NULL, NULL, NULL, NULL, NULL, NULL, NULL, NULL, NULL, NULL, NULL, NULL, NULL, NULL, NULL, NULL, NULL, NULL, NULL, NULL, NULL, '2017-07-03 11:39:13', '2017-07-04 10:27:37', '1fb3a844-95b4-48c6-8b42-b4816bbd884c'),
 ('9', '9', 'en_us', NULL, NULL, NULL, NULL, NULL, NULL, NULL, NULL, NULL, NULL, NULL, NULL, NULL, NULL, NULL, NULL, NULL, NULL, NULL, NULL, NULL, NULL, NULL, NULL, NULL, NULL, NULL, NULL, NULL, NULL, NULL, NULL, '2017-07-03 11:39:13', '2017-07-04 10:27:37', '348628ff-bf42-4d9d-9bba-4c84014d8e75'),
 ('10', '14', 'en_us', 'This is a news', NULL, NULL, '', '', '', NULL, NULL, NULL, NULL, NULL, NULL, NULL, NULL, NULL, NULL, NULL, NULL, NULL, NULL, NULL, NULL, NULL, NULL, NULL, NULL, NULL, NULL, NULL, NULL, NULL, NULL, '2017-07-03 12:10:29', '2017-07-03 12:10:29', '60da9709-4f41-423c-a500-d56c6f7460cb'),
 ('11', '16', 'en_us', 'This is a podcast', NULL, '', '', '', '', NULL, NULL, NULL, NULL, NULL, NULL, NULL, NULL, NULL, NULL, NULL, NULL, NULL, NULL, NULL, NULL, NULL, NULL, NULL, NULL, NULL, NULL, NULL, NULL, NULL, NULL, '2017-07-03 12:13:51', '2017-07-03 13:22:28', 'c97bab37-66e7-4bc9-8952-f5ea47216e29'),
 ('12', '17', 'en_us', 'Example Page', NULL, NULL, '', '', '', NULL, NULL, NULL, NULL, NULL, NULL, NULL, NULL, NULL, NULL, NULL, NULL, NULL, NULL, NULL, NULL, NULL, NULL, NULL, NULL, NULL, NULL, NULL, NULL, NULL, NULL, '2017-07-03 12:16:16', '2017-07-03 12:16:27', '79c8f1cf-6bd9-405c-85e4-b847778e2589'),
 ('13', '19', 'en_us', 'Example Page 2', NULL, NULL, '', '', '', NULL, NULL, NULL, NULL, NULL, NULL, NULL, NULL, NULL, NULL, NULL, NULL, NULL, NULL, NULL, NULL, NULL, NULL, NULL, NULL, NULL, NULL, NULL, NULL, NULL, NULL, '2017-07-03 12:16:40', '2017-07-03 12:16:57', 'b5fb910a-3be1-4b66-9528-517c7b62a44c'),
 ('14', '21', 'en_us', 'SubPage of Page #2', NULL, NULL, '', '', '', NULL, NULL, NULL, NULL, NULL, NULL, NULL, NULL, NULL, NULL, NULL, NULL, NULL, NULL, NULL, NULL, NULL, NULL, NULL, NULL, NULL, NULL, NULL, NULL, NULL, NULL, '2017-07-03 12:17:10', '2017-07-03 13:17:55', '640efcd5-4230-4fc0-994c-918b9e607f3d');



DROP TABLE IF EXISTS `craft_deprecationerrors`;


--
-- Schema for table `craft_deprecationerrors`
--
CREATE TABLE `craft_deprecationerrors` (
  `id` int(11) NOT NULL AUTO_INCREMENT,
  `key` varchar(255) COLLATE utf8_unicode_ci NOT NULL,
  `fingerprint` varchar(255) COLLATE utf8_unicode_ci NOT NULL,
  `lastOccurrence` datetime NOT NULL,
  `file` varchar(255) COLLATE utf8_unicode_ci NOT NULL,
  `line` smallint(6) unsigned NOT NULL,
  `class` varchar(255) COLLATE utf8_unicode_ci DEFAULT NULL,
  `method` varchar(255) COLLATE utf8_unicode_ci DEFAULT NULL,
  `template` varchar(255) COLLATE utf8_unicode_ci DEFAULT NULL,
  `templateLine` smallint(6) unsigned DEFAULT NULL,
  `message` varchar(255) COLLATE utf8_unicode_ci DEFAULT NULL,
  `traces` text COLLATE utf8_unicode_ci,
  `dateCreated` datetime NOT NULL,
  `dateUpdated` datetime NOT NULL,
  `uid` char(36) COLLATE utf8_unicode_ci NOT NULL DEFAULT '0',
  PRIMARY KEY (`id`),
  UNIQUE KEY `craft_deprecationerrors_key_fingerprint_unq_idx` (`key`,`fingerprint`)
) ENGINE=InnoDB AUTO_INCREMENT=11 DEFAULT CHARSET=utf8 COLLATE=utf8_unicode_ci;

--
-- Data for table `craft_deprecationerrors`
--

INSERT INTO `craft_deprecationerrors` (`id`, `key`, `fingerprint`, `lastOccurrence`, `file`, `line`, `class`, `method`, `template`, `templateLine`, `message`, `traces`, `dateCreated`, `dateUpdated`, `uid`) VALUES
 ('1', 'BaseElementModel::getChildren()_for_relations', '../craft/templates/_entries/pages/page.html:68', '2017-07-03 13:48:55', '../craft/app/models/BaseElementModel.php', '534', 'Craft\\BaseElementModel', 'getChildren', '../craft/templates/_entries/pages/page.html', '68', 'Calling getChildren() to fetch an element’s target relations has been deprecated. Use the <a href=\"http://craftcms.com/docs/relations#the-relatedTo-param\">relatedTo</a> param instead.', '[{\"objectClass\":\"Craft\\\\DeprecatorService\",\"file\":\"..\\/craft\\/app\\/models\\/BaseElementModel.php\",\"line\":534,\"class\":\"Craft\\\\DeprecatorService\",\"method\":\"log\",\"args\":\"\\\"BaseElementModel::getChildren()_for_relations\\\", \\\"Calling getChildren() to fetch an element\\u2019s target relations h...\\\"\"},{\"objectClass\":\"Craft\\\\EntryModel\",\"file\":\"..\\/craft\\/app\\/framework\\/base\\/CComponent.php\",\"line\":188,\"class\":\"Craft\\\\BaseElementModel\",\"method\":\"getChildren\",\"args\":null},{\"objectClass\":\"Craft\\\\EntryModel\",\"file\":\"..\\/craft\\/app\\/models\\/BaseModel.php\",\"line\":153,\"class\":\"CComponent\",\"method\":\"__isset\",\"args\":\"\\\"children\\\"\"},{\"objectClass\":\"Craft\\\\EntryModel\",\"file\":\"..\\/craft\\/app\\/models\\/BaseElementModel.php\",\"line\":118,\"class\":\"Craft\\\\BaseModel\",\"method\":\"__isset\",\"args\":\"\\\"children\\\"\"},{\"objectClass\":\"Craft\\\\EntryModel\",\"file\":\"..\\/craft\\/app\\/vendor\\/twig\\/twig\\/lib\\/Twig\\/Template.php\",\"line\":580,\"class\":\"Craft\\\\BaseElementModel\",\"method\":\"__isset\",\"args\":\"\\\"children\\\"\"},{\"objectClass\":\"__TwigTemplate_2e00cb2ef0b6712c3e492104b39bdd612e588b0cbfd856c9cf706aab48e3e2c0\",\"file\":\"..\\/craft\\/app\\/etc\\/templating\\/BaseTemplate.php\",\"line\":64,\"class\":\"Twig_Template\",\"method\":\"getAttribute\",\"args\":\"Craft\\\\EntryModel, \\\"children\\\", array(), \\\"any\\\"\"},{\"objectClass\":\"__TwigTemplate_2e00cb2ef0b6712c3e492104b39bdd612e588b0cbfd856c9cf706aab48e3e2c0\",\"file\":\"..\\/craft\\/storage\\/runtime\\/compiled_templates\\/38\\/386de9273c0d7587272b14d76cc1c2c2944489a92e5eda4a81b45b217331d878.php\",\"line\":83,\"class\":\"Craft\\\\BaseTemplate\",\"method\":\"getAttribute\",\"args\":\"Craft\\\\EntryModel, \\\"children\\\", array()\",\"template\":\"_includes\\/_layouts\\/site\",\"templateLine\":68},{\"objectClass\":\"__TwigTemplate_2e00cb2ef0b6712c3e492104b39bdd612e588b0cbfd856c9cf706aab48e3e2c0\",\"file\":\"..\\/craft\\/app\\/vendor\\/twig\\/twig\\/lib\\/Twig\\/Template.php\",\"line\":432,\"class\":\"__TwigTemplate_2e00cb2ef0b6712c3e492104b39bdd612e588b0cbfd856c9cf706aab48e3e2c0\",\"method\":\"doDisplay\",\"args\":\"array(\\\"user\\\" => Craft\\\\UserModel, \\\"currentUser\\\" => Craft\\\\UserModel, \\\"craft\\\" => Craft\\\\CraftVariable, \\\"blx\\\" => Craft\\\\CraftVariable), array(\\\"body\\\" => array(__TwigTemplate_2e00cb2ef0b6712c3e492104b39bdd612e588b0cbfd856c9cf706aab48e3e2c0, \\\"block_body\\\"), \\\"subnav\\\" => array(__TwigTemplate_2e00cb2ef0b6712c3e492104b39bdd612e588b0cbfd856c9cf706aab48e3e2c0, \\\"block_subnav\\\"), \\\"main\\\" => array(__TwigTemplate_f6d293835656b0750696ab9de0fe59e1eb5bd78be3d777ae511d5cd78fa57e9b, \\\"block_main\\\"))\"},{\"objectClass\":\"__TwigTemplate_2e00cb2ef0b6712c3e492104b39bdd612e588b0cbfd856c9cf706aab48e3e2c0\",\"file\":\"..\\/craft\\/app\\/etc\\/templating\\/BaseTemplate.php\",\"line\":26,\"class\":\"Twig_Template\",\"method\":\"displayWithErrorHandling\",\"args\":\"array(\\\"entry\\\" => Craft\\\\EntryModel, \\\"user\\\" => Craft\\\\UserModel, \\\"currentUser\\\" => Craft\\\\UserModel, \\\"craft\\\" => Craft\\\\CraftVariable), array(\\\"body\\\" => array(__TwigTemplate_2e00cb2ef0b6712c3e492104b39bdd612e588b0cbfd856c9cf706aab48e3e2c0, \\\"block_body\\\"), \\\"subnav\\\" => array(__TwigTemplate_2e00cb2ef0b6712c3e492104b39bdd612e588b0cbfd856c9cf706aab48e3e2c0, \\\"block_subnav\\\"), \\\"main\\\" => array(__TwigTemplate_f6d293835656b0750696ab9de0fe59e1eb5bd78be3d777ae511d5cd78fa57e9b, \\\"block_main\\\"))\"},{\"objectClass\":\"__TwigTemplate_2e00cb2ef0b6712c3e492104b39bdd612e588b0cbfd856c9cf706aab48e3e2c0\",\"file\":\"..\\/craft\\/app\\/vendor\\/twig\\/twig\\/lib\\/Twig\\/Template.php\",\"line\":403,\"class\":\"Craft\\\\BaseTemplate\",\"method\":\"displayWithErrorHandling\",\"args\":\"array(\\\"entry\\\" => Craft\\\\EntryModel, \\\"user\\\" => Craft\\\\UserModel, \\\"currentUser\\\" => Craft\\\\UserModel, \\\"craft\\\" => Craft\\\\CraftVariable), array(\\\"body\\\" => array(__TwigTemplate_2e00cb2ef0b6712c3e492104b39bdd612e588b0cbfd856c9cf706aab48e3e2c0, \\\"block_body\\\"), \\\"subnav\\\" => array(__TwigTemplate_2e00cb2ef0b6712c3e492104b39bdd612e588b0cbfd856c9cf706aab48e3e2c0, \\\"block_subnav\\\"), \\\"main\\\" => array(__TwigTemplate_f6d293835656b0750696ab9de0fe59e1eb5bd78be3d777ae511d5cd78fa57e9b, \\\"block_main\\\"))\"},{\"objectClass\":\"__TwigTemplate_2e00cb2ef0b6712c3e492104b39bdd612e588b0cbfd856c9cf706aab48e3e2c0\",\"file\":\"..\\/craft\\/storage\\/runtime\\/compiled_templates\\/50\\/50e7a23b006728511ccd051163d5671d656c66b454746ae01d4ea41e5b45d3b9.php\",\"line\":27,\"class\":\"Twig_Template\",\"method\":\"display\",\"args\":\"array(\\\"entry\\\" => Craft\\\\EntryModel, \\\"user\\\" => Craft\\\\UserModel, \\\"currentUser\\\" => Craft\\\\UserModel, \\\"craft\\\" => Craft\\\\CraftVariable), array(\\\"main\\\" => array(__TwigTemplate_f6d293835656b0750696ab9de0fe59e1eb5bd78be3d777ae511d5cd78fa57e9b, \\\"block_main\\\"))\",\"template\":\"_includes\\/_layouts\\/site\",\"templateLine\":20},{\"objectClass\":\"__TwigTemplate_f6d293835656b0750696ab9de0fe59e1eb5bd78be3d777ae511d5cd78fa57e9b\",\"file\":\"..\\/craft\\/app\\/vendor\\/twig\\/twig\\/lib\\/Twig\\/Template.php\",\"line\":432,\"class\":\"__TwigTemplate_f6d293835656b0750696ab9de0fe59e1eb5bd78be3d777ae511d5cd78fa57e9b\",\"method\":\"doDisplay\",\"args\":\"array(\\\"entry\\\" => Craft\\\\EntryModel, \\\"user\\\" => Craft\\\\UserModel, \\\"currentUser\\\" => Craft\\\\UserModel, \\\"craft\\\" => Craft\\\\CraftVariable), array(\\\"main\\\" => array(__TwigTemplate_f6d293835656b0750696ab9de0fe59e1eb5bd78be3d777ae511d5cd78fa57e9b, \\\"block_main\\\"))\"},{\"objectClass\":\"__TwigTemplate_f6d293835656b0750696ab9de0fe59e1eb5bd78be3d777ae511d5cd78fa57e9b\",\"file\":\"..\\/craft\\/app\\/etc\\/templating\\/BaseTemplate.php\",\"line\":26,\"class\":\"Twig_Template\",\"method\":\"displayWithErrorHandling\",\"args\":\"array(\\\"entry\\\" => Craft\\\\EntryModel, \\\"user\\\" => Craft\\\\UserModel, \\\"currentUser\\\" => Craft\\\\UserModel, \\\"craft\\\" => Craft\\\\CraftVariable), array(\\\"main\\\" => array(__TwigTemplate_f6d293835656b0750696ab9de0fe59e1eb5bd78be3d777ae511d5cd78fa57e9b, \\\"block_main\\\"))\"},{\"objectClass\":\"__TwigTemplate_f6d293835656b0750696ab9de0fe59e1eb5bd78be3d777ae511d5cd78fa57e9b\",\"file\":\"..\\/craft\\/app\\/vendor\\/twig\\/twig\\/lib\\/Twig\\/Template.php\",\"line\":403,\"class\":\"Craft\\\\BaseTemplate\",\"method\":\"displayWithErrorHandling\",\"args\":\"array(\\\"entry\\\" => Craft\\\\EntryModel, \\\"user\\\" => Craft\\\\UserModel, \\\"currentUser\\\" => Craft\\\\UserModel, \\\"craft\\\" => Craft\\\\CraftVariable), array(\\\"main\\\" => array(__TwigTemplate_f6d293835656b0750696ab9de0fe59e1eb5bd78be3d777ae511d5cd78fa57e9b, \\\"block_main\\\"))\"},{\"objectClass\":\"__TwigTemplate_f6d293835656b0750696ab9de0fe59e1eb5bd78be3d777ae511d5cd78fa57e9b\",\"file\":\"..\\/craft\\/app\\/vendor\\/twig\\/twig\\/lib\\/Twig\\/Template.php\",\"line\":411,\"class\":\"Twig_Template\",\"method\":\"display\",\"args\":\"array(\\\"entry\\\" => Craft\\\\EntryModel)\"},{\"objectClass\":\"__TwigTemplate_f6d293835656b0750696ab9de0fe59e1eb5bd78be3d777ae511d5cd78fa57e9b\",\"file\":\"..\\/craft\\/app\\/vendor\\/twig\\/twig\\/lib\\/Twig\\/Environment.php\",\"line\":362,\"class\":\"Twig_Template\",\"method\":\"render\",\"args\":\"array(\\\"entry\\\" => Craft\\\\EntryModel)\"},{\"objectClass\":\"Craft\\\\TwigEnvironment\",\"file\":\"..\\/craft\\/app\\/services\\/TemplatesService.php\",\"line\":256,\"class\":\"Twig_Environment\",\"method\":\"render\",\"args\":\"\\\"_entries\\/pages\\/page\\\", array(\\\"entry\\\" => Craft\\\\EntryModel)\"},{\"objectClass\":\"Craft\\\\TemplatesService\",\"file\":\"..\\/craft\\/app\\/controllers\\/BaseController.php\",\"line\":74,\"class\":\"Craft\\\\TemplatesService\",\"method\":\"render\",\"args\":\"\\\"_entries\\/pages\\/page\\\", array(\\\"entry\\\" => Craft\\\\EntryModel)\"},{\"objectClass\":\"Craft\\\\TemplatesController\",\"file\":\"..\\/craft\\/app\\/controllers\\/TemplatesController.php\",\"line\":68,\"class\":\"Craft\\\\BaseController\",\"method\":\"renderTemplate\",\"args\":\"\\\"_entries\\/pages\\/page\\\", array(\\\"entry\\\" => Craft\\\\EntryModel)\"},{\"objectClass\":\"Craft\\\\TemplatesController\",\"file\":null,\"line\":null,\"class\":\"Craft\\\\TemplatesController\",\"method\":\"actionRender\",\"args\":\"\\\"_entries\\/pages\\/page\\\", array(\\\"entry\\\" => Craft\\\\EntryModel)\"},{\"objectClass\":\"ReflectionMethod\",\"file\":\"..\\/craft\\/app\\/framework\\/web\\/actions\\/CAction.php\",\"line\":109,\"class\":\"ReflectionMethod\",\"method\":\"invokeArgs\",\"args\":\"Craft\\\\TemplatesController, array(\\\"_entries\\/pages\\/page\\\", array(\\\"entry\\\" => Craft\\\\EntryModel))\"},{\"objectClass\":\"CInlineAction\",\"file\":\"..\\/craft\\/app\\/framework\\/web\\/actions\\/CInlineAction.php\",\"line\":47,\"class\":\"CAction\",\"method\":\"runWithParamsInternal\",\"args\":\"Craft\\\\TemplatesController, ReflectionMethod, array(\\\"variables\\\" => array(\\\"entry\\\" => Craft\\\\EntryModel), \\\"template\\\" => \\\"_entries\\/pages\\/page\\\")\"},{\"objectClass\":\"CInlineAction\",\"file\":\"..\\/craft\\/app\\/framework\\/web\\/CController.php\",\"line\":308,\"class\":\"CInlineAction\",\"method\":\"runWithParams\",\"args\":\"array(\\\"variables\\\" => array(\\\"entry\\\" => Craft\\\\EntryModel), \\\"template\\\" => \\\"_entries\\/pages\\/page\\\")\"},{\"objectClass\":\"Craft\\\\TemplatesController\",\"file\":\"..\\/craft\\/app\\/framework\\/web\\/CController.php\",\"line\":286,\"class\":\"CController\",\"method\":\"runAction\",\"args\":\"CInlineAction\"},{\"objectClass\":\"Craft\\\\TemplatesController\",\"file\":\"..\\/craft\\/app\\/framework\\/web\\/CController.php\",\"line\":265,\"class\":\"CController\",\"method\":\"runActionWithFilters\",\"args\":\"CInlineAction, array()\"},{\"objectClass\":\"Craft\\\\TemplatesController\",\"file\":\"..\\/craft\\/app\\/framework\\/web\\/CWebApplication.php\",\"line\":282,\"class\":\"CController\",\"method\":\"run\",\"args\":\"\\\"render\\\"\"},{\"objectClass\":\"Craft\\\\WebApp\",\"file\":\"..\\/craft\\/app\\/framework\\/web\\/CWebApplication.php\",\"line\":141,\"class\":\"CWebApplication\",\"method\":\"runController\",\"args\":\"\\\"templates\\/render\\\"\"},{\"objectClass\":\"Craft\\\\WebApp\",\"file\":\"..\\/craft\\/app\\/etc\\/web\\/WebApp.php\",\"line\":290,\"class\":\"CWebApplication\",\"method\":\"processRequest\",\"args\":null},{\"objectClass\":\"Craft\\\\WebApp\",\"file\":\"..\\/craft\\/app\\/framework\\/base\\/CApplication.php\",\"line\":185,\"class\":\"Craft\\\\WebApp\",\"method\":\"processRequest\",\"args\":null},{\"objectClass\":\"Craft\\\\WebApp\",\"file\":\"..\\/craft\\/app\\/index.php\",\"line\":62,\"class\":\"CApplication\",\"method\":\"run\",\"args\":null},{\"objectClass\":null,\"file\":\"\\/data\\/public\\/index.php\",\"line\":20,\"class\":null,\"method\":\"require_once\",\"args\":\"\\\"..\\/craft\\/app\\/index.php\\\"\"}]', '2017-07-03 12:10:31', '2017-07-03 13:48:55', 'ac059caf-fc8a-4aff-8217-5b85cc989994'),
 ('2', 'element_old_relation_params', '../craft/templates/_entries/pages/page.html:20', '2017-07-03 13:48:55', '../craft/app/services/ElementsService.php', '813', 'Craft\\ElementsService', 'buildElementsQuery', '../craft/templates/_entries/pages/page.html', '20', 'The ‘childOf’, ‘childField’, ‘parentOf’, and ‘parentField’ element params have been deprecated. Use ‘relatedTo’ instead.', '[{\"objectClass\":\"Craft\\\\DeprecatorService\",\"file\":\"..\\/craft\\/app\\/services\\/ElementsService.php\",\"line\":813,\"class\":\"Craft\\\\DeprecatorService\",\"method\":\"log\",\"args\":\"\\\"element_old_relation_params\\\", \\\"The \\u2018childOf\\u2019, \\u2018childField\\u2019, \\u2018parentOf\\u2019, and \\u2018pare...\\\"\"},{\"objectClass\":\"Craft\\\\ElementsService\",\"file\":\"..\\/craft\\/app\\/services\\/ElementsService.php\",\"line\":530,\"class\":\"Craft\\\\ElementsService\",\"method\":\"buildElementsQuery\",\"args\":\"Craft\\\\ElementCriteriaModel, \\\"content\\\", array(array(\\\"handle\\\" => \\\"address\\\", \\\"column\\\" => \\\"field_address\\\"), array(\\\"handle\\\" => \\\"bio\\\", \\\"column\\\" => \\\"field_bio\\\"), array(\\\"handle\\\" => \\\"body\\\", \\\"column\\\" => \\\"field_body\\\"), array(\\\"handle\\\" => \\\"ceo\\\", \\\"column\\\" => \\\"field_ceo\\\")), true\"},{\"objectClass\":\"Craft\\\\ElementsService\",\"file\":\"..\\/craft\\/app\\/models\\/ElementCriteriaModel.php\",\"line\":385,\"class\":\"Craft\\\\ElementsService\",\"method\":\"getTotalElements\",\"args\":\"Craft\\\\ElementCriteriaModel\"},{\"objectClass\":\"Craft\\\\ElementCriteriaModel\",\"file\":\"..\\/craft\\/app\\/models\\/ElementCriteriaModel.php\",\"line\":174,\"class\":\"Craft\\\\ElementCriteriaModel\",\"method\":\"total\",\"args\":null},{\"objectClass\":\"Craft\\\\ElementCriteriaModel\",\"file\":null,\"line\":null,\"class\":\"Craft\\\\ElementCriteriaModel\",\"method\":\"count\",\"args\":null},{\"objectClass\":null,\"file\":\"..\\/craft\\/app\\/vendor\\/twig\\/twig\\/lib\\/Twig\\/Extension\\/Core.php\",\"line\":1275,\"class\":null,\"method\":\"count\",\"args\":\"Craft\\\\ElementCriteriaModel\"},{\"objectClass\":null,\"file\":\"..\\/craft\\/storage\\/runtime\\/compiled_templates\\/38\\/386de9273c0d7587272b14d76cc1c2c2944489a92e5eda4a81b45b217331d878.php\",\"line\":83,\"class\":null,\"method\":\"twig_length_filter\",\"args\":\"Craft\\\\TwigEnvironment, Craft\\\\ElementCriteriaModel\"},{\"objectClass\":\"__TwigTemplate_2e00cb2ef0b6712c3e492104b39bdd612e588b0cbfd856c9cf706aab48e3e2c0\",\"file\":\"..\\/craft\\/app\\/vendor\\/twig\\/twig\\/lib\\/Twig\\/Template.php\",\"line\":432,\"class\":\"__TwigTemplate_2e00cb2ef0b6712c3e492104b39bdd612e588b0cbfd856c9cf706aab48e3e2c0\",\"method\":\"doDisplay\",\"args\":\"array(\\\"user\\\" => Craft\\\\UserModel, \\\"currentUser\\\" => Craft\\\\UserModel, \\\"craft\\\" => Craft\\\\CraftVariable, \\\"blx\\\" => Craft\\\\CraftVariable), array(\\\"body\\\" => array(__TwigTemplate_2e00cb2ef0b6712c3e492104b39bdd612e588b0cbfd856c9cf706aab48e3e2c0, \\\"block_body\\\"), \\\"subnav\\\" => array(__TwigTemplate_2e00cb2ef0b6712c3e492104b39bdd612e588b0cbfd856c9cf706aab48e3e2c0, \\\"block_subnav\\\"), \\\"main\\\" => array(__TwigTemplate_f6d293835656b0750696ab9de0fe59e1eb5bd78be3d777ae511d5cd78fa57e9b, \\\"block_main\\\"))\"},{\"objectClass\":\"__TwigTemplate_2e00cb2ef0b6712c3e492104b39bdd612e588b0cbfd856c9cf706aab48e3e2c0\",\"file\":\"..\\/craft\\/app\\/etc\\/templating\\/BaseTemplate.php\",\"line\":26,\"class\":\"Twig_Template\",\"method\":\"displayWithErrorHandling\",\"args\":\"array(\\\"entry\\\" => Craft\\\\EntryModel, \\\"user\\\" => Craft\\\\UserModel, \\\"currentUser\\\" => Craft\\\\UserModel, \\\"craft\\\" => Craft\\\\CraftVariable), array(\\\"body\\\" => array(__TwigTemplate_2e00cb2ef0b6712c3e492104b39bdd612e588b0cbfd856c9cf706aab48e3e2c0, \\\"block_body\\\"), \\\"subnav\\\" => array(__TwigTemplate_2e00cb2ef0b6712c3e492104b39bdd612e588b0cbfd856c9cf706aab48e3e2c0, \\\"block_subnav\\\"), \\\"main\\\" => array(__TwigTemplate_f6d293835656b0750696ab9de0fe59e1eb5bd78be3d777ae511d5cd78fa57e9b, \\\"block_main\\\"))\"},{\"objectClass\":\"__TwigTemplate_2e00cb2ef0b6712c3e492104b39bdd612e588b0cbfd856c9cf706aab48e3e2c0\",\"file\":\"..\\/craft\\/app\\/vendor\\/twig\\/twig\\/lib\\/Twig\\/Template.php\",\"line\":403,\"class\":\"Craft\\\\BaseTemplate\",\"method\":\"displayWithErrorHandling\",\"args\":\"array(\\\"entry\\\" => Craft\\\\EntryModel, \\\"user\\\" => Craft\\\\UserModel, \\\"currentUser\\\" => Craft\\\\UserModel, \\\"craft\\\" => Craft\\\\CraftVariable), array(\\\"body\\\" => array(__TwigTemplate_2e00cb2ef0b6712c3e492104b39bdd612e588b0cbfd856c9cf706aab48e3e2c0, \\\"block_body\\\"), \\\"subnav\\\" => array(__TwigTemplate_2e00cb2ef0b6712c3e492104b39bdd612e588b0cbfd856c9cf706aab48e3e2c0, \\\"block_subnav\\\"), \\\"main\\\" => array(__TwigTemplate_f6d293835656b0750696ab9de0fe59e1eb5bd78be3d777ae511d5cd78fa57e9b, \\\"block_main\\\"))\"},{\"objectClass\":\"__TwigTemplate_2e00cb2ef0b6712c3e492104b39bdd612e588b0cbfd856c9cf706aab48e3e2c0\",\"file\":\"..\\/craft\\/storage\\/runtime\\/compiled_templates\\/50\\/50e7a23b006728511ccd051163d5671d656c66b454746ae01d4ea41e5b45d3b9.php\",\"line\":27,\"class\":\"Twig_Template\",\"method\":\"display\",\"args\":\"array(\\\"entry\\\" => Craft\\\\EntryModel, \\\"user\\\" => Craft\\\\UserModel, \\\"currentUser\\\" => Craft\\\\UserModel, \\\"craft\\\" => Craft\\\\CraftVariable), array(\\\"main\\\" => array(__TwigTemplate_f6d293835656b0750696ab9de0fe59e1eb5bd78be3d777ae511d5cd78fa57e9b, \\\"block_main\\\"))\",\"template\":\"_includes\\/_layouts\\/site\",\"templateLine\":20},{\"objectClass\":\"__TwigTemplate_f6d293835656b0750696ab9de0fe59e1eb5bd78be3d777ae511d5cd78fa57e9b\",\"file\":\"..\\/craft\\/app\\/vendor\\/twig\\/twig\\/lib\\/Twig\\/Template.php\",\"line\":432,\"class\":\"__TwigTemplate_f6d293835656b0750696ab9de0fe59e1eb5bd78be3d777ae511d5cd78fa57e9b\",\"method\":\"doDisplay\",\"args\":\"array(\\\"entry\\\" => Craft\\\\EntryModel, \\\"user\\\" => Craft\\\\UserModel, \\\"currentUser\\\" => Craft\\\\UserModel, \\\"craft\\\" => Craft\\\\CraftVariable), array(\\\"main\\\" => array(__TwigTemplate_f6d293835656b0750696ab9de0fe59e1eb5bd78be3d777ae511d5cd78fa57e9b, \\\"block_main\\\"))\"},{\"objectClass\":\"__TwigTemplate_f6d293835656b0750696ab9de0fe59e1eb5bd78be3d777ae511d5cd78fa57e9b\",\"file\":\"..\\/craft\\/app\\/etc\\/templating\\/BaseTemplate.php\",\"line\":26,\"class\":\"Twig_Template\",\"method\":\"displayWithErrorHandling\",\"args\":\"array(\\\"entry\\\" => Craft\\\\EntryModel, \\\"user\\\" => Craft\\\\UserModel, \\\"currentUser\\\" => Craft\\\\UserModel, \\\"craft\\\" => Craft\\\\CraftVariable), array(\\\"main\\\" => array(__TwigTemplate_f6d293835656b0750696ab9de0fe59e1eb5bd78be3d777ae511d5cd78fa57e9b, \\\"block_main\\\"))\"},{\"objectClass\":\"__TwigTemplate_f6d293835656b0750696ab9de0fe59e1eb5bd78be3d777ae511d5cd78fa57e9b\",\"file\":\"..\\/craft\\/app\\/vendor\\/twig\\/twig\\/lib\\/Twig\\/Template.php\",\"line\":403,\"class\":\"Craft\\\\BaseTemplate\",\"method\":\"displayWithErrorHandling\",\"args\":\"array(\\\"entry\\\" => Craft\\\\EntryModel, \\\"user\\\" => Craft\\\\UserModel, \\\"currentUser\\\" => Craft\\\\UserModel, \\\"craft\\\" => Craft\\\\CraftVariable), array(\\\"main\\\" => array(__TwigTemplate_f6d293835656b0750696ab9de0fe59e1eb5bd78be3d777ae511d5cd78fa57e9b, \\\"block_main\\\"))\"},{\"objectClass\":\"__TwigTemplate_f6d293835656b0750696ab9de0fe59e1eb5bd78be3d777ae511d5cd78fa57e9b\",\"file\":\"..\\/craft\\/app\\/vendor\\/twig\\/twig\\/lib\\/Twig\\/Template.php\",\"line\":411,\"class\":\"Twig_Template\",\"method\":\"display\",\"args\":\"array(\\\"entry\\\" => Craft\\\\EntryModel)\"},{\"objectClass\":\"__TwigTemplate_f6d293835656b0750696ab9de0fe59e1eb5bd78be3d777ae511d5cd78fa57e9b\",\"file\":\"..\\/craft\\/app\\/vendor\\/twig\\/twig\\/lib\\/Twig\\/Environment.php\",\"line\":362,\"class\":\"Twig_Template\",\"method\":\"render\",\"args\":\"array(\\\"entry\\\" => Craft\\\\EntryModel)\"},{\"objectClass\":\"Craft\\\\TwigEnvironment\",\"file\":\"..\\/craft\\/app\\/services\\/TemplatesService.php\",\"line\":256,\"class\":\"Twig_Environment\",\"method\":\"render\",\"args\":\"\\\"_entries\\/pages\\/page\\\", array(\\\"entry\\\" => Craft\\\\EntryModel)\"},{\"objectClass\":\"Craft\\\\TemplatesService\",\"file\":\"..\\/craft\\/app\\/controllers\\/BaseController.php\",\"line\":74,\"class\":\"Craft\\\\TemplatesService\",\"method\":\"render\",\"args\":\"\\\"_entries\\/pages\\/page\\\", array(\\\"entry\\\" => Craft\\\\EntryModel)\"},{\"objectClass\":\"Craft\\\\TemplatesController\",\"file\":\"..\\/craft\\/app\\/controllers\\/TemplatesController.php\",\"line\":68,\"class\":\"Craft\\\\BaseController\",\"method\":\"renderTemplate\",\"args\":\"\\\"_entries\\/pages\\/page\\\", array(\\\"entry\\\" => Craft\\\\EntryModel)\"},{\"objectClass\":\"Craft\\\\TemplatesController\",\"file\":null,\"line\":null,\"class\":\"Craft\\\\TemplatesController\",\"method\":\"actionRender\",\"args\":\"\\\"_entries\\/pages\\/page\\\", array(\\\"entry\\\" => Craft\\\\EntryModel)\"},{\"objectClass\":\"ReflectionMethod\",\"file\":\"..\\/craft\\/app\\/framework\\/web\\/actions\\/CAction.php\",\"line\":109,\"class\":\"ReflectionMethod\",\"method\":\"invokeArgs\",\"args\":\"Craft\\\\TemplatesController, array(\\\"_entries\\/pages\\/page\\\", array(\\\"entry\\\" => Craft\\\\EntryModel))\"},{\"objectClass\":\"CInlineAction\",\"file\":\"..\\/craft\\/app\\/framework\\/web\\/actions\\/CInlineAction.php\",\"line\":47,\"class\":\"CAction\",\"method\":\"runWithParamsInternal\",\"args\":\"Craft\\\\TemplatesController, ReflectionMethod, array(\\\"variables\\\" => array(\\\"entry\\\" => Craft\\\\EntryModel), \\\"template\\\" => \\\"_entries\\/pages\\/page\\\")\"},{\"objectClass\":\"CInlineAction\",\"file\":\"..\\/craft\\/app\\/framework\\/web\\/CController.php\",\"line\":308,\"class\":\"CInlineAction\",\"method\":\"runWithParams\",\"args\":\"array(\\\"variables\\\" => array(\\\"entry\\\" => Craft\\\\EntryModel), \\\"template\\\" => \\\"_entries\\/pages\\/page\\\")\"},{\"objectClass\":\"Craft\\\\TemplatesController\",\"file\":\"..\\/craft\\/app\\/framework\\/web\\/CController.php\",\"line\":286,\"class\":\"CController\",\"method\":\"runAction\",\"args\":\"CInlineAction\"},{\"objectClass\":\"Craft\\\\TemplatesController\",\"file\":\"..\\/craft\\/app\\/framework\\/web\\/CController.php\",\"line\":265,\"class\":\"CController\",\"method\":\"runActionWithFilters\",\"args\":\"CInlineAction, array()\"},{\"objectClass\":\"Craft\\\\TemplatesController\",\"file\":\"..\\/craft\\/app\\/framework\\/web\\/CWebApplication.php\",\"line\":282,\"class\":\"CController\",\"method\":\"run\",\"args\":\"\\\"render\\\"\"},{\"objectClass\":\"Craft\\\\WebApp\",\"file\":\"..\\/craft\\/app\\/framework\\/web\\/CWebApplication.php\",\"line\":141,\"class\":\"CWebApplication\",\"method\":\"runController\",\"args\":\"\\\"templates\\/render\\\"\"},{\"objectClass\":\"Craft\\\\WebApp\",\"file\":\"..\\/craft\\/app\\/etc\\/web\\/WebApp.php\",\"line\":290,\"class\":\"CWebApplication\",\"method\":\"processRequest\",\"args\":null},{\"objectClass\":\"Craft\\\\WebApp\",\"file\":\"..\\/craft\\/app\\/framework\\/base\\/CApplication.php\",\"line\":185,\"class\":\"Craft\\\\WebApp\",\"method\":\"processRequest\",\"args\":null},{\"objectClass\":\"Craft\\\\WebApp\",\"file\":\"..\\/craft\\/app\\/index.php\",\"line\":62,\"class\":\"CApplication\",\"method\":\"run\",\"args\":null},{\"objectClass\":null,\"file\":\"\\/data\\/public\\/index.php\",\"line\":20,\"class\":null,\"method\":\"require_once\",\"args\":\"\\\"..\\/craft\\/app\\/index.php\\\"\"}]', '2017-07-03 12:10:31', '2017-07-03 13:48:55', '1d18f73e-7f58-45c4-97d0-61ae3424d79b'),
 ('3', 'BaseElementModel::getChildren()_for_relations', '/data/craft/templates/_entries/pages/page.html:68', '2017-07-04 10:36:12', '/data/craft/app/models/BaseElementModel.php', '534', 'Craft\\BaseElementModel', 'getChildren', '/data/craft/templates/_entries/pages/page.html', '68', 'Calling getChildren() to fetch an element’s target relations has been deprecated. Use the <a href=\"http://craftcms.com/docs/relations#the-relatedTo-param\">relatedTo</a> param instead.', '[{\"objectClass\":\"Craft\\\\DeprecatorService\",\"file\":\"\\/data\\/craft\\/app\\/models\\/BaseElementModel.php\",\"line\":534,\"class\":\"Craft\\\\DeprecatorService\",\"method\":\"log\",\"args\":\"\\\"BaseElementModel::getChildren()_for_relations\\\", \\\"Calling getChildren() to fetch an element\\u2019s target relations h...\\\"\"},{\"objectClass\":\"Craft\\\\EntryModel\",\"file\":\"\\/data\\/craft\\/app\\/framework\\/base\\/CComponent.php\",\"line\":188,\"class\":\"Craft\\\\BaseElementModel\",\"method\":\"getChildren\",\"args\":null},{\"objectClass\":\"Craft\\\\EntryModel\",\"file\":\"\\/data\\/craft\\/app\\/models\\/BaseModel.php\",\"line\":153,\"class\":\"CComponent\",\"method\":\"__isset\",\"args\":\"\\\"children\\\"\"},{\"objectClass\":\"Craft\\\\EntryModel\",\"file\":\"\\/data\\/craft\\/app\\/models\\/BaseElementModel.php\",\"line\":118,\"class\":\"Craft\\\\BaseModel\",\"method\":\"__isset\",\"args\":\"\\\"children\\\"\"},{\"objectClass\":\"Craft\\\\EntryModel\",\"file\":\"\\/data\\/craft\\/app\\/vendor\\/twig\\/twig\\/lib\\/Twig\\/Template.php\",\"line\":580,\"class\":\"Craft\\\\BaseElementModel\",\"method\":\"__isset\",\"args\":\"\\\"children\\\"\"},{\"objectClass\":\"__TwigTemplate_e24abb9269ca16f0f7a78daacc8194a89e4ce8fc6c38648f7b91cedc652fbd9b\",\"file\":\"\\/data\\/craft\\/app\\/etc\\/templating\\/BaseTemplate.php\",\"line\":64,\"class\":\"Twig_Template\",\"method\":\"getAttribute\",\"args\":\"Craft\\\\EntryModel, \\\"children\\\", array(), \\\"any\\\"\"},{\"objectClass\":\"__TwigTemplate_e24abb9269ca16f0f7a78daacc8194a89e4ce8fc6c38648f7b91cedc652fbd9b\",\"file\":\"\\/data\\/craft\\/storage\\/runtime\\/compiled_templates\\/f1\\/f1f0a9cc97473a52de0cad93085a90dddf1f2d01d14e9f33314783ee308fbd0b.php\",\"line\":83,\"class\":\"Craft\\\\BaseTemplate\",\"method\":\"getAttribute\",\"args\":\"Craft\\\\EntryModel, \\\"children\\\", array()\",\"template\":\"_includes\\/_layouts\\/site\",\"templateLine\":68},{\"objectClass\":\"__TwigTemplate_e24abb9269ca16f0f7a78daacc8194a89e4ce8fc6c38648f7b91cedc652fbd9b\",\"file\":\"\\/data\\/craft\\/app\\/vendor\\/twig\\/twig\\/lib\\/Twig\\/Template.php\",\"line\":432,\"class\":\"__TwigTemplate_e24abb9269ca16f0f7a78daacc8194a89e4ce8fc6c38648f7b91cedc652fbd9b\",\"method\":\"doDisplay\",\"args\":\"array(\\\"user\\\" => Craft\\\\UserModel, \\\"currentUser\\\" => Craft\\\\UserModel, \\\"craft\\\" => Craft\\\\CraftVariable, \\\"blx\\\" => Craft\\\\CraftVariable), array(\\\"body\\\" => array(__TwigTemplate_e24abb9269ca16f0f7a78daacc8194a89e4ce8fc6c38648f7b91cedc652fbd9b, \\\"block_body\\\"), \\\"subnav\\\" => array(__TwigTemplate_e24abb9269ca16f0f7a78daacc8194a89e4ce8fc6c38648f7b91cedc652fbd9b, \\\"block_subnav\\\"), \\\"main\\\" => array(__TwigTemplate_0ac7fc89f0160c2e38d51b50ef00fa4b3e9b33007cf9e92389701d24f6fedb73, \\\"block_main\\\"))\"},{\"objectClass\":\"__TwigTemplate_e24abb9269ca16f0f7a78daacc8194a89e4ce8fc6c38648f7b91cedc652fbd9b\",\"file\":\"\\/data\\/craft\\/app\\/etc\\/templating\\/BaseTemplate.php\",\"line\":26,\"class\":\"Twig_Template\",\"method\":\"displayWithErrorHandling\",\"args\":\"array(\\\"entry\\\" => Craft\\\\EntryModel, \\\"user\\\" => Craft\\\\UserModel, \\\"currentUser\\\" => Craft\\\\UserModel, \\\"craft\\\" => Craft\\\\CraftVariable), array(\\\"body\\\" => array(__TwigTemplate_e24abb9269ca16f0f7a78daacc8194a89e4ce8fc6c38648f7b91cedc652fbd9b, \\\"block_body\\\"), \\\"subnav\\\" => array(__TwigTemplate_e24abb9269ca16f0f7a78daacc8194a89e4ce8fc6c38648f7b91cedc652fbd9b, \\\"block_subnav\\\"), \\\"main\\\" => array(__TwigTemplate_0ac7fc89f0160c2e38d51b50ef00fa4b3e9b33007cf9e92389701d24f6fedb73, \\\"block_main\\\"))\"},{\"objectClass\":\"__TwigTemplate_e24abb9269ca16f0f7a78daacc8194a89e4ce8fc6c38648f7b91cedc652fbd9b\",\"file\":\"\\/data\\/craft\\/app\\/vendor\\/twig\\/twig\\/lib\\/Twig\\/Template.php\",\"line\":403,\"class\":\"Craft\\\\BaseTemplate\",\"method\":\"displayWithErrorHandling\",\"args\":\"array(\\\"entry\\\" => Craft\\\\EntryModel, \\\"user\\\" => Craft\\\\UserModel, \\\"currentUser\\\" => Craft\\\\UserModel, \\\"craft\\\" => Craft\\\\CraftVariable), array(\\\"body\\\" => array(__TwigTemplate_e24abb9269ca16f0f7a78daacc8194a89e4ce8fc6c38648f7b91cedc652fbd9b, \\\"block_body\\\"), \\\"subnav\\\" => array(__TwigTemplate_e24abb9269ca16f0f7a78daacc8194a89e4ce8fc6c38648f7b91cedc652fbd9b, \\\"block_subnav\\\"), \\\"main\\\" => array(__TwigTemplate_0ac7fc89f0160c2e38d51b50ef00fa4b3e9b33007cf9e92389701d24f6fedb73, \\\"block_main\\\"))\"},{\"objectClass\":\"__TwigTemplate_e24abb9269ca16f0f7a78daacc8194a89e4ce8fc6c38648f7b91cedc652fbd9b\",\"file\":\"\\/data\\/craft\\/storage\\/runtime\\/compiled_templates\\/9f\\/9fb2ce898d60bf3a716edcbedc4970bb48b4354183ae63ac20f4e19257fdca27.php\",\"line\":27,\"class\":\"Twig_Template\",\"method\":\"display\",\"args\":\"array(\\\"entry\\\" => Craft\\\\EntryModel, \\\"user\\\" => Craft\\\\UserModel, \\\"currentUser\\\" => Craft\\\\UserModel, \\\"craft\\\" => Craft\\\\CraftVariable), array(\\\"main\\\" => array(__TwigTemplate_0ac7fc89f0160c2e38d51b50ef00fa4b3e9b33007cf9e92389701d24f6fedb73, \\\"block_main\\\"))\",\"template\":\"_includes\\/_layouts\\/site\",\"templateLine\":20},{\"objectClass\":\"__TwigTemplate_0ac7fc89f0160c2e38d51b50ef00fa4b3e9b33007cf9e92389701d24f6fedb73\",\"file\":\"\\/data\\/craft\\/app\\/vendor\\/twig\\/twig\\/lib\\/Twig\\/Template.php\",\"line\":432,\"class\":\"__TwigTemplate_0ac7fc89f0160c2e38d51b50ef00fa4b3e9b33007cf9e92389701d24f6fedb73\",\"method\":\"doDisplay\",\"args\":\"array(\\\"entry\\\" => Craft\\\\EntryModel, \\\"user\\\" => Craft\\\\UserModel, \\\"currentUser\\\" => Craft\\\\UserModel, \\\"craft\\\" => Craft\\\\CraftVariable), array(\\\"main\\\" => array(__TwigTemplate_0ac7fc89f0160c2e38d51b50ef00fa4b3e9b33007cf9e92389701d24f6fedb73, \\\"block_main\\\"))\"},{\"objectClass\":\"__TwigTemplate_0ac7fc89f0160c2e38d51b50ef00fa4b3e9b33007cf9e92389701d24f6fedb73\",\"file\":\"\\/data\\/craft\\/app\\/etc\\/templating\\/BaseTemplate.php\",\"line\":26,\"class\":\"Twig_Template\",\"method\":\"displayWithErrorHandling\",\"args\":\"array(\\\"entry\\\" => Craft\\\\EntryModel, \\\"user\\\" => Craft\\\\UserModel, \\\"currentUser\\\" => Craft\\\\UserModel, \\\"craft\\\" => Craft\\\\CraftVariable), array(\\\"main\\\" => array(__TwigTemplate_0ac7fc89f0160c2e38d51b50ef00fa4b3e9b33007cf9e92389701d24f6fedb73, \\\"block_main\\\"))\"},{\"objectClass\":\"__TwigTemplate_0ac7fc89f0160c2e38d51b50ef00fa4b3e9b33007cf9e92389701d24f6fedb73\",\"file\":\"\\/data\\/craft\\/app\\/vendor\\/twig\\/twig\\/lib\\/Twig\\/Template.php\",\"line\":403,\"class\":\"Craft\\\\BaseTemplate\",\"method\":\"displayWithErrorHandling\",\"args\":\"array(\\\"entry\\\" => Craft\\\\EntryModel, \\\"user\\\" => Craft\\\\UserModel, \\\"currentUser\\\" => Craft\\\\UserModel, \\\"craft\\\" => Craft\\\\CraftVariable), array(\\\"main\\\" => array(__TwigTemplate_0ac7fc89f0160c2e38d51b50ef00fa4b3e9b33007cf9e92389701d24f6fedb73, \\\"block_main\\\"))\"},{\"objectClass\":\"__TwigTemplate_0ac7fc89f0160c2e38d51b50ef00fa4b3e9b33007cf9e92389701d24f6fedb73\",\"file\":\"\\/data\\/craft\\/app\\/vendor\\/twig\\/twig\\/lib\\/Twig\\/Template.php\",\"line\":411,\"class\":\"Twig_Template\",\"method\":\"display\",\"args\":\"array(\\\"entry\\\" => Craft\\\\EntryModel)\"},{\"objectClass\":\"__TwigTemplate_0ac7fc89f0160c2e38d51b50ef00fa4b3e9b33007cf9e92389701d24f6fedb73\",\"file\":\"\\/data\\/craft\\/app\\/vendor\\/twig\\/twig\\/lib\\/Twig\\/Environment.php\",\"line\":362,\"class\":\"Twig_Template\",\"method\":\"render\",\"args\":\"array(\\\"entry\\\" => Craft\\\\EntryModel)\"},{\"objectClass\":\"Craft\\\\TwigEnvironment\",\"file\":\"\\/data\\/craft\\/app\\/services\\/TemplatesService.php\",\"line\":256,\"class\":\"Twig_Environment\",\"method\":\"render\",\"args\":\"\\\"_entries\\/pages\\/page\\\", array(\\\"entry\\\" => Craft\\\\EntryModel)\"},{\"objectClass\":\"Craft\\\\TemplatesService\",\"file\":\"\\/data\\/craft\\/app\\/controllers\\/BaseController.php\",\"line\":74,\"class\":\"Craft\\\\TemplatesService\",\"method\":\"render\",\"args\":\"\\\"_entries\\/pages\\/page\\\", array(\\\"entry\\\" => Craft\\\\EntryModel)\"},{\"objectClass\":\"Craft\\\\TemplatesController\",\"file\":\"\\/data\\/craft\\/app\\/controllers\\/TemplatesController.php\",\"line\":68,\"class\":\"Craft\\\\BaseController\",\"method\":\"renderTemplate\",\"args\":\"\\\"_entries\\/pages\\/page\\\", array(\\\"entry\\\" => Craft\\\\EntryModel)\"},{\"objectClass\":\"Craft\\\\TemplatesController\",\"file\":null,\"line\":null,\"class\":\"Craft\\\\TemplatesController\",\"method\":\"actionRender\",\"args\":\"\\\"_entries\\/pages\\/page\\\", array(\\\"entry\\\" => Craft\\\\EntryModel)\"},{\"objectClass\":\"ReflectionMethod\",\"file\":\"\\/data\\/craft\\/app\\/framework\\/web\\/actions\\/CAction.php\",\"line\":109,\"class\":\"ReflectionMethod\",\"method\":\"invokeArgs\",\"args\":\"Craft\\\\TemplatesController, array(\\\"_entries\\/pages\\/page\\\", array(\\\"entry\\\" => Craft\\\\EntryModel))\"},{\"objectClass\":\"CInlineAction\",\"file\":\"\\/data\\/craft\\/app\\/framework\\/web\\/actions\\/CInlineAction.php\",\"line\":47,\"class\":\"CAction\",\"method\":\"runWithParamsInternal\",\"args\":\"Craft\\\\TemplatesController, ReflectionMethod, array(\\\"variables\\\" => array(\\\"entry\\\" => Craft\\\\EntryModel), \\\"template\\\" => \\\"_entries\\/pages\\/page\\\")\"},{\"objectClass\":\"CInlineAction\",\"file\":\"\\/data\\/craft\\/app\\/framework\\/web\\/CController.php\",\"line\":308,\"class\":\"CInlineAction\",\"method\":\"runWithParams\",\"args\":\"array(\\\"variables\\\" => array(\\\"entry\\\" => Craft\\\\EntryModel), \\\"template\\\" => \\\"_entries\\/pages\\/page\\\")\"},{\"objectClass\":\"Craft\\\\TemplatesController\",\"file\":\"\\/data\\/craft\\/app\\/framework\\/web\\/CController.php\",\"line\":286,\"class\":\"CController\",\"method\":\"runAction\",\"args\":\"CInlineAction\"},{\"objectClass\":\"Craft\\\\TemplatesController\",\"file\":\"\\/data\\/craft\\/app\\/framework\\/web\\/CController.php\",\"line\":265,\"class\":\"CController\",\"method\":\"runActionWithFilters\",\"args\":\"CInlineAction, array()\"},{\"objectClass\":\"Craft\\\\TemplatesController\",\"file\":\"\\/data\\/craft\\/app\\/framework\\/web\\/CWebApplication.php\",\"line\":282,\"class\":\"CController\",\"method\":\"run\",\"args\":\"\\\"render\\\"\"},{\"objectClass\":\"Craft\\\\WebApp\",\"file\":\"\\/data\\/craft\\/app\\/framework\\/web\\/CWebApplication.php\",\"line\":141,\"class\":\"CWebApplication\",\"method\":\"runController\",\"args\":\"\\\"templates\\/render\\\"\"},{\"objectClass\":\"Craft\\\\WebApp\",\"file\":\"\\/data\\/craft\\/app\\/etc\\/web\\/WebApp.php\",\"line\":290,\"class\":\"CWebApplication\",\"method\":\"processRequest\",\"args\":null},{\"objectClass\":\"Craft\\\\WebApp\",\"file\":\"\\/data\\/craft\\/app\\/framework\\/base\\/CApplication.php\",\"line\":185,\"class\":\"Craft\\\\WebApp\",\"method\":\"processRequest\",\"args\":null},{\"objectClass\":\"Craft\\\\WebApp\",\"file\":\"\\/data\\/craft\\/app\\/index.php\",\"line\":62,\"class\":\"CApplication\",\"method\":\"run\",\"args\":null},{\"objectClass\":null,\"file\":\"\\/data\\/public\\/index.php\",\"line\":20,\"class\":null,\"method\":\"require_once\",\"args\":\"\\\"\\/data\\/craft\\/app\\/index.php\\\"\"}]', '2017-07-03 13:56:30', '2017-07-04 10:36:12', '7b8b313f-30b2-4635-84c0-e2573e67e6f0'),
 ('4', 'element_old_relation_params', '/data/craft/templates/_entries/pages/page.html:20', '2017-07-04 10:36:12', '/data/craft/app/services/ElementsService.php', '813', 'Craft\\ElementsService', 'buildElementsQuery', '/data/craft/templates/_entries/pages/page.html', '20', 'The ‘childOf’, ‘childField’, ‘parentOf’, and ‘parentField’ element params have been deprecated. Use ‘relatedTo’ instead.', '[{\"objectClass\":\"Craft\\\\DeprecatorService\",\"file\":\"\\/data\\/craft\\/app\\/services\\/ElementsService.php\",\"line\":813,\"class\":\"Craft\\\\DeprecatorService\",\"method\":\"log\",\"args\":\"\\\"element_old_relation_params\\\", \\\"The \\u2018childOf\\u2019, \\u2018childField\\u2019, \\u2018parentOf\\u2019, and \\u2018pare...\\\"\"},{\"objectClass\":\"Craft\\\\ElementsService\",\"file\":\"\\/data\\/craft\\/app\\/services\\/ElementsService.php\",\"line\":530,\"class\":\"Craft\\\\ElementsService\",\"method\":\"buildElementsQuery\",\"args\":\"Craft\\\\ElementCriteriaModel, \\\"content\\\", array(array(\\\"handle\\\" => \\\"address\\\", \\\"column\\\" => \\\"field_address\\\"), array(\\\"handle\\\" => \\\"bio\\\", \\\"column\\\" => \\\"field_bio\\\"), array(\\\"handle\\\" => \\\"body\\\", \\\"column\\\" => \\\"field_body\\\"), array(\\\"handle\\\" => \\\"ceo\\\", \\\"column\\\" => \\\"field_ceo\\\")), true\"},{\"objectClass\":\"Craft\\\\ElementsService\",\"file\":\"\\/data\\/craft\\/app\\/models\\/ElementCriteriaModel.php\",\"line\":385,\"class\":\"Craft\\\\ElementsService\",\"method\":\"getTotalElements\",\"args\":\"Craft\\\\ElementCriteriaModel\"},{\"objectClass\":\"Craft\\\\ElementCriteriaModel\",\"file\":\"\\/data\\/craft\\/app\\/models\\/ElementCriteriaModel.php\",\"line\":174,\"class\":\"Craft\\\\ElementCriteriaModel\",\"method\":\"total\",\"args\":null},{\"objectClass\":\"Craft\\\\ElementCriteriaModel\",\"file\":null,\"line\":null,\"class\":\"Craft\\\\ElementCriteriaModel\",\"method\":\"count\",\"args\":null},{\"objectClass\":null,\"file\":\"\\/data\\/craft\\/app\\/vendor\\/twig\\/twig\\/lib\\/Twig\\/Extension\\/Core.php\",\"line\":1275,\"class\":null,\"method\":\"count\",\"args\":\"Craft\\\\ElementCriteriaModel\"},{\"objectClass\":null,\"file\":\"\\/data\\/craft\\/storage\\/runtime\\/compiled_templates\\/f1\\/f1f0a9cc97473a52de0cad93085a90dddf1f2d01d14e9f33314783ee308fbd0b.php\",\"line\":83,\"class\":null,\"method\":\"twig_length_filter\",\"args\":\"Craft\\\\TwigEnvironment, Craft\\\\ElementCriteriaModel\"},{\"objectClass\":\"__TwigTemplate_e24abb9269ca16f0f7a78daacc8194a89e4ce8fc6c38648f7b91cedc652fbd9b\",\"file\":\"\\/data\\/craft\\/app\\/vendor\\/twig\\/twig\\/lib\\/Twig\\/Template.php\",\"line\":432,\"class\":\"__TwigTemplate_e24abb9269ca16f0f7a78daacc8194a89e4ce8fc6c38648f7b91cedc652fbd9b\",\"method\":\"doDisplay\",\"args\":\"array(\\\"user\\\" => Craft\\\\UserModel, \\\"currentUser\\\" => Craft\\\\UserModel, \\\"craft\\\" => Craft\\\\CraftVariable, \\\"blx\\\" => Craft\\\\CraftVariable), array(\\\"body\\\" => array(__TwigTemplate_e24abb9269ca16f0f7a78daacc8194a89e4ce8fc6c38648f7b91cedc652fbd9b, \\\"block_body\\\"), \\\"subnav\\\" => array(__TwigTemplate_e24abb9269ca16f0f7a78daacc8194a89e4ce8fc6c38648f7b91cedc652fbd9b, \\\"block_subnav\\\"), \\\"main\\\" => array(__TwigTemplate_0ac7fc89f0160c2e38d51b50ef00fa4b3e9b33007cf9e92389701d24f6fedb73, \\\"block_main\\\"))\"},{\"objectClass\":\"__TwigTemplate_e24abb9269ca16f0f7a78daacc8194a89e4ce8fc6c38648f7b91cedc652fbd9b\",\"file\":\"\\/data\\/craft\\/app\\/etc\\/templating\\/BaseTemplate.php\",\"line\":26,\"class\":\"Twig_Template\",\"method\":\"displayWithErrorHandling\",\"args\":\"array(\\\"entry\\\" => Craft\\\\EntryModel, \\\"user\\\" => Craft\\\\UserModel, \\\"currentUser\\\" => Craft\\\\UserModel, \\\"craft\\\" => Craft\\\\CraftVariable), array(\\\"body\\\" => array(__TwigTemplate_e24abb9269ca16f0f7a78daacc8194a89e4ce8fc6c38648f7b91cedc652fbd9b, \\\"block_body\\\"), \\\"subnav\\\" => array(__TwigTemplate_e24abb9269ca16f0f7a78daacc8194a89e4ce8fc6c38648f7b91cedc652fbd9b, \\\"block_subnav\\\"), \\\"main\\\" => array(__TwigTemplate_0ac7fc89f0160c2e38d51b50ef00fa4b3e9b33007cf9e92389701d24f6fedb73, \\\"block_main\\\"))\"},{\"objectClass\":\"__TwigTemplate_e24abb9269ca16f0f7a78daacc8194a89e4ce8fc6c38648f7b91cedc652fbd9b\",\"file\":\"\\/data\\/craft\\/app\\/vendor\\/twig\\/twig\\/lib\\/Twig\\/Template.php\",\"line\":403,\"class\":\"Craft\\\\BaseTemplate\",\"method\":\"displayWithErrorHandling\",\"args\":\"array(\\\"entry\\\" => Craft\\\\EntryModel, \\\"user\\\" => Craft\\\\UserModel, \\\"currentUser\\\" => Craft\\\\UserModel, \\\"craft\\\" => Craft\\\\CraftVariable), array(\\\"body\\\" => array(__TwigTemplate_e24abb9269ca16f0f7a78daacc8194a89e4ce8fc6c38648f7b91cedc652fbd9b, \\\"block_body\\\"), \\\"subnav\\\" => array(__TwigTemplate_e24abb9269ca16f0f7a78daacc8194a89e4ce8fc6c38648f7b91cedc652fbd9b, \\\"block_subnav\\\"), \\\"main\\\" => array(__TwigTemplate_0ac7fc89f0160c2e38d51b50ef00fa4b3e9b33007cf9e92389701d24f6fedb73, \\\"block_main\\\"))\"},{\"objectClass\":\"__TwigTemplate_e24abb9269ca16f0f7a78daacc8194a89e4ce8fc6c38648f7b91cedc652fbd9b\",\"file\":\"\\/data\\/craft\\/storage\\/runtime\\/compiled_templates\\/9f\\/9fb2ce898d60bf3a716edcbedc4970bb48b4354183ae63ac20f4e19257fdca27.php\",\"line\":27,\"class\":\"Twig_Template\",\"method\":\"display\",\"args\":\"array(\\\"entry\\\" => Craft\\\\EntryModel, \\\"user\\\" => Craft\\\\UserModel, \\\"currentUser\\\" => Craft\\\\UserModel, \\\"craft\\\" => Craft\\\\CraftVariable), array(\\\"main\\\" => array(__TwigTemplate_0ac7fc89f0160c2e38d51b50ef00fa4b3e9b33007cf9e92389701d24f6fedb73, \\\"block_main\\\"))\",\"template\":\"_includes\\/_layouts\\/site\",\"templateLine\":20},{\"objectClass\":\"__TwigTemplate_0ac7fc89f0160c2e38d51b50ef00fa4b3e9b33007cf9e92389701d24f6fedb73\",\"file\":\"\\/data\\/craft\\/app\\/vendor\\/twig\\/twig\\/lib\\/Twig\\/Template.php\",\"line\":432,\"class\":\"__TwigTemplate_0ac7fc89f0160c2e38d51b50ef00fa4b3e9b33007cf9e92389701d24f6fedb73\",\"method\":\"doDisplay\",\"args\":\"array(\\\"entry\\\" => Craft\\\\EntryModel, \\\"user\\\" => Craft\\\\UserModel, \\\"currentUser\\\" => Craft\\\\UserModel, \\\"craft\\\" => Craft\\\\CraftVariable), array(\\\"main\\\" => array(__TwigTemplate_0ac7fc89f0160c2e38d51b50ef00fa4b3e9b33007cf9e92389701d24f6fedb73, \\\"block_main\\\"))\"},{\"objectClass\":\"__TwigTemplate_0ac7fc89f0160c2e38d51b50ef00fa4b3e9b33007cf9e92389701d24f6fedb73\",\"file\":\"\\/data\\/craft\\/app\\/etc\\/templating\\/BaseTemplate.php\",\"line\":26,\"class\":\"Twig_Template\",\"method\":\"displayWithErrorHandling\",\"args\":\"array(\\\"entry\\\" => Craft\\\\EntryModel, \\\"user\\\" => Craft\\\\UserModel, \\\"currentUser\\\" => Craft\\\\UserModel, \\\"craft\\\" => Craft\\\\CraftVariable), array(\\\"main\\\" => array(__TwigTemplate_0ac7fc89f0160c2e38d51b50ef00fa4b3e9b33007cf9e92389701d24f6fedb73, \\\"block_main\\\"))\"},{\"objectClass\":\"__TwigTemplate_0ac7fc89f0160c2e38d51b50ef00fa4b3e9b33007cf9e92389701d24f6fedb73\",\"file\":\"\\/data\\/craft\\/app\\/vendor\\/twig\\/twig\\/lib\\/Twig\\/Template.php\",\"line\":403,\"class\":\"Craft\\\\BaseTemplate\",\"method\":\"displayWithErrorHandling\",\"args\":\"array(\\\"entry\\\" => Craft\\\\EntryModel, \\\"user\\\" => Craft\\\\UserModel, \\\"currentUser\\\" => Craft\\\\UserModel, \\\"craft\\\" => Craft\\\\CraftVariable), array(\\\"main\\\" => array(__TwigTemplate_0ac7fc89f0160c2e38d51b50ef00fa4b3e9b33007cf9e92389701d24f6fedb73, \\\"block_main\\\"))\"},{\"objectClass\":\"__TwigTemplate_0ac7fc89f0160c2e38d51b50ef00fa4b3e9b33007cf9e92389701d24f6fedb73\",\"file\":\"\\/data\\/craft\\/app\\/vendor\\/twig\\/twig\\/lib\\/Twig\\/Template.php\",\"line\":411,\"class\":\"Twig_Template\",\"method\":\"display\",\"args\":\"array(\\\"entry\\\" => Craft\\\\EntryModel)\"},{\"objectClass\":\"__TwigTemplate_0ac7fc89f0160c2e38d51b50ef00fa4b3e9b33007cf9e92389701d24f6fedb73\",\"file\":\"\\/data\\/craft\\/app\\/vendor\\/twig\\/twig\\/lib\\/Twig\\/Environment.php\",\"line\":362,\"class\":\"Twig_Template\",\"method\":\"render\",\"args\":\"array(\\\"entry\\\" => Craft\\\\EntryModel)\"},{\"objectClass\":\"Craft\\\\TwigEnvironment\",\"file\":\"\\/data\\/craft\\/app\\/services\\/TemplatesService.php\",\"line\":256,\"class\":\"Twig_Environment\",\"method\":\"render\",\"args\":\"\\\"_entries\\/pages\\/page\\\", array(\\\"entry\\\" => Craft\\\\EntryModel)\"},{\"objectClass\":\"Craft\\\\TemplatesService\",\"file\":\"\\/data\\/craft\\/app\\/controllers\\/BaseController.php\",\"line\":74,\"class\":\"Craft\\\\TemplatesService\",\"method\":\"render\",\"args\":\"\\\"_entries\\/pages\\/page\\\", array(\\\"entry\\\" => Craft\\\\EntryModel)\"},{\"objectClass\":\"Craft\\\\TemplatesController\",\"file\":\"\\/data\\/craft\\/app\\/controllers\\/TemplatesController.php\",\"line\":68,\"class\":\"Craft\\\\BaseController\",\"method\":\"renderTemplate\",\"args\":\"\\\"_entries\\/pages\\/page\\\", array(\\\"entry\\\" => Craft\\\\EntryModel)\"},{\"objectClass\":\"Craft\\\\TemplatesController\",\"file\":null,\"line\":null,\"class\":\"Craft\\\\TemplatesController\",\"method\":\"actionRender\",\"args\":\"\\\"_entries\\/pages\\/page\\\", array(\\\"entry\\\" => Craft\\\\EntryModel)\"},{\"objectClass\":\"ReflectionMethod\",\"file\":\"\\/data\\/craft\\/app\\/framework\\/web\\/actions\\/CAction.php\",\"line\":109,\"class\":\"ReflectionMethod\",\"method\":\"invokeArgs\",\"args\":\"Craft\\\\TemplatesController, array(\\\"_entries\\/pages\\/page\\\", array(\\\"entry\\\" => Craft\\\\EntryModel))\"},{\"objectClass\":\"CInlineAction\",\"file\":\"\\/data\\/craft\\/app\\/framework\\/web\\/actions\\/CInlineAction.php\",\"line\":47,\"class\":\"CAction\",\"method\":\"runWithParamsInternal\",\"args\":\"Craft\\\\TemplatesController, ReflectionMethod, array(\\\"variables\\\" => array(\\\"entry\\\" => Craft\\\\EntryModel), \\\"template\\\" => \\\"_entries\\/pages\\/page\\\")\"},{\"objectClass\":\"CInlineAction\",\"file\":\"\\/data\\/craft\\/app\\/framework\\/web\\/CController.php\",\"line\":308,\"class\":\"CInlineAction\",\"method\":\"runWithParams\",\"args\":\"array(\\\"variables\\\" => array(\\\"entry\\\" => Craft\\\\EntryModel), \\\"template\\\" => \\\"_entries\\/pages\\/page\\\")\"},{\"objectClass\":\"Craft\\\\TemplatesController\",\"file\":\"\\/data\\/craft\\/app\\/framework\\/web\\/CController.php\",\"line\":286,\"class\":\"CController\",\"method\":\"runAction\",\"args\":\"CInlineAction\"},{\"objectClass\":\"Craft\\\\TemplatesController\",\"file\":\"\\/data\\/craft\\/app\\/framework\\/web\\/CController.php\",\"line\":265,\"class\":\"CController\",\"method\":\"runActionWithFilters\",\"args\":\"CInlineAction, array()\"},{\"objectClass\":\"Craft\\\\TemplatesController\",\"file\":\"\\/data\\/craft\\/app\\/framework\\/web\\/CWebApplication.php\",\"line\":282,\"class\":\"CController\",\"method\":\"run\",\"args\":\"\\\"render\\\"\"},{\"objectClass\":\"Craft\\\\WebApp\",\"file\":\"\\/data\\/craft\\/app\\/framework\\/web\\/CWebApplication.php\",\"line\":141,\"class\":\"CWebApplication\",\"method\":\"runController\",\"args\":\"\\\"templates\\/render\\\"\"},{\"objectClass\":\"Craft\\\\WebApp\",\"file\":\"\\/data\\/craft\\/app\\/etc\\/web\\/WebApp.php\",\"line\":290,\"class\":\"CWebApplication\",\"method\":\"processRequest\",\"args\":null},{\"objectClass\":\"Craft\\\\WebApp\",\"file\":\"\\/data\\/craft\\/app\\/framework\\/base\\/CApplication.php\",\"line\":185,\"class\":\"Craft\\\\WebApp\",\"method\":\"processRequest\",\"args\":null},{\"objectClass\":\"Craft\\\\WebApp\",\"file\":\"\\/data\\/craft\\/app\\/index.php\",\"line\":62,\"class\":\"CApplication\",\"method\":\"run\",\"args\":null},{\"objectClass\":null,\"file\":\"\\/data\\/public\\/index.php\",\"line\":20,\"class\":null,\"method\":\"require_once\",\"args\":\"\\\"\\/data\\/craft\\/app\\/index.php\\\"\"}]', '2017-07-03 13:56:30', '2017-07-04 10:36:12', '6c375a33-a049-48c5-8f1a-3e6baf369e58');



DROP TABLE IF EXISTS `craft_elementindexsettings`;


--
-- Schema for table `craft_elementindexsettings`
--
CREATE TABLE `craft_elementindexsettings` (
  `id` int(11) NOT NULL AUTO_INCREMENT,
  `type` varchar(150) COLLATE utf8_unicode_ci NOT NULL,
  `settings` text COLLATE utf8_unicode_ci,
  `dateCreated` datetime NOT NULL,
  `dateUpdated` datetime NOT NULL,
  `uid` char(36) COLLATE utf8_unicode_ci NOT NULL DEFAULT '0',
  PRIMARY KEY (`id`),
  UNIQUE KEY `craft_elementindexsettings_type_unq_idx` (`type`)
) ENGINE=InnoDB AUTO_INCREMENT=5 DEFAULT CHARSET=utf8 COLLATE=utf8_unicode_ci;

--
-- Data for table `craft_elementindexsettings`
--

INSERT INTO `craft_elementindexsettings` (`id`, `type`, `settings`, `dateCreated`, `dateUpdated`, `uid`) VALUES
 ('1', 'Category', '{\"sources\":{\"group:1\":{\"tableAttributes\":{\"1\":\"link\"}}}}', '2017-07-03 11:39:16', '2017-07-04 10:27:37', '910496a6-f20f-4c57-b3cb-33c1f252edd4'),
 ('2', 'User', '{\"sources\":{\"*\":{\"tableAttributes\":{\"1\":\"fullName\",\"2\":\"lastLoginDate\",\"3\":\"dateCreated\",\"4\":\"email\"}}}}', '2017-07-03 11:39:16', '2017-07-04 10:27:37', 'c39c9b9c-6774-49ba-a994-86dc2fa96f59');



DROP TABLE IF EXISTS `craft_elements`;


--
-- Schema for table `craft_elements`
--
CREATE TABLE `craft_elements` (
  `id` int(11) NOT NULL AUTO_INCREMENT,
  `type` varchar(150) COLLATE utf8_unicode_ci NOT NULL,
  `enabled` tinyint(1) unsigned NOT NULL DEFAULT '1',
  `archived` tinyint(1) unsigned NOT NULL DEFAULT '0',
  `dateCreated` datetime NOT NULL,
  `dateUpdated` datetime NOT NULL,
  `uid` char(36) COLLATE utf8_unicode_ci NOT NULL DEFAULT '0',
  PRIMARY KEY (`id`),
  KEY `craft_elements_type_idx` (`type`),
  KEY `craft_elements_enabled_idx` (`enabled`),
  KEY `craft_elements_archived_dateCreated_idx` (`archived`,`dateCreated`)
) ENGINE=InnoDB AUTO_INCREMENT=23 DEFAULT CHARSET=utf8 COLLATE=utf8_unicode_ci;

--
-- Data for table `craft_elements`
--

INSERT INTO `craft_elements` (`id`, `type`, `enabled`, `archived`, `dateCreated`, `dateUpdated`, `uid`) VALUES
 ('1', 'User', '1', '0', '2017-07-03 11:38:58', '2017-07-03 11:38:58', '13bdeffc-cff4-4470-a8e0-c676d073d6f7'),
 ('2', 'Entry', '1', '0', '2017-07-03 11:38:58', '2017-07-03 13:49:06', '09d9eaa7-4e23-4cda-8a86-28ab7df2a7c7'),
 ('4', 'GlobalSet', '1', '0', '2017-07-03 11:39:13', '2017-07-04 10:27:37', '70913443-79e0-4b83-a226-059adc84fef0'),
 ('5', 'GlobalSet', '1', '0', '2017-07-03 11:39:13', '2017-07-04 10:27:37', '155bc40e-99a6-4d2f-a6c0-dd622c7f6d1d'),
 ('6', 'GlobalSet', '1', '0', '2017-07-03 11:39:13', '2017-07-04 10:27:37', '12d243a7-6d69-4767-b5ae-a69101e8c298'),
 ('7', 'GlobalSet', '1', '0', '2017-07-03 11:39:13', '2017-07-04 10:27:37', '4194728e-3b76-46e7-9b37-6b8bf305d31b'),
 ('8', 'GlobalSet', '1', '0', '2017-07-03 11:39:13', '2017-07-04 10:27:37', '7142d013-c364-47a4-b648-7cbe5ecaf9da'),
 ('9', 'GlobalSet', '1', '0', '2017-07-03 11:39:13', '2017-07-04 10:27:37', '356f4a1b-b88b-4060-bdfe-4ccebaf8bff0'),
 ('10', 'MatrixBlock', '1', '0', '2017-07-03 12:03:47', '2017-07-03 13:49:06', '476d5664-94df-40bc-a49b-b16a9fed4882'),
 ('11', 'MatrixBlock', '1', '0', '2017-07-03 12:05:00', '2017-07-03 13:49:06', '41ec48a4-672c-44dd-bf3e-5bfb4979daad'),
 ('12', 'MatrixBlock', '1', '0', '2017-07-03 12:06:22', '2017-07-03 13:49:06', 'dd864cca-1434-480f-98df-e2b8964e0473'),
 ('13', 'MatrixBlock', '1', '0', '2017-07-03 12:07:31', '2017-07-03 13:49:06', '24b93715-0103-4c4e-82a6-125e06720cc6'),
 ('14', 'Entry', '1', '0', '2017-07-03 12:10:29', '2017-07-03 12:10:29', 'ee1ede71-3aed-4393-a191-4e3e4b934d28'),
 ('15', 'MatrixBlock', '1', '0', '2017-07-03 12:10:29', '2017-07-03 12:10:29', '78314c79-f697-4206-a3d3-5b49223e3ca5'),
 ('16', 'Entry', '1', '0', '2017-07-03 12:13:51', '2017-07-03 13:22:28', '4b5e36b1-d48d-4155-b6c8-0fe2fab8b6ae'),
 ('17', 'Entry', '1', '0', '2017-07-03 12:16:16', '2017-07-03 12:16:27', 'f8d929d8-0d35-4acf-a31b-d6a9730aa2fb'),
 ('18', 'MatrixBlock', '1', '0', '2017-07-03 12:16:16', '2017-07-03 12:16:27', 'aa09fafd-9c59-4fe5-bdc7-353a146bb98a'),
 ('19', 'Entry', '1', '0', '2017-07-03 12:16:40', '2017-07-03 12:16:57', '278c14b9-f40c-4ac2-9057-90fb03307b59'),
 ('20', 'MatrixBlock', '1', '0', '2017-07-03 12:16:40', '2017-07-03 12:16:57', 'cf72de2f-9675-40da-a55c-80c7273b3db6'),
 ('21', 'Entry', '1', '0', '2017-07-03 12:17:10', '2017-07-03 13:17:55', '7e0e7c77-24b2-4937-939a-de14230d47e9'),
 ('22', 'MatrixBlock', '1', '0', '2017-07-03 12:17:10', '2017-07-03 13:17:55', 'efc8aac1-8420-45d1-8584-1c4ce2a83211');



DROP TABLE IF EXISTS `craft_elements_i18n`;


--
-- Schema for table `craft_elements_i18n`
--
CREATE TABLE `craft_elements_i18n` (
  `id` int(11) NOT NULL AUTO_INCREMENT,
  `elementId` int(11) NOT NULL,
  `locale` char(12) COLLATE utf8_unicode_ci NOT NULL,
  `slug` varchar(255) COLLATE utf8_unicode_ci DEFAULT NULL,
  `uri` varchar(255) COLLATE utf8_unicode_ci DEFAULT NULL,
  `enabled` tinyint(1) unsigned NOT NULL DEFAULT '1',
  `dateCreated` datetime NOT NULL,
  `dateUpdated` datetime NOT NULL,
  `uid` char(36) COLLATE utf8_unicode_ci NOT NULL DEFAULT '0',
  PRIMARY KEY (`id`),
  UNIQUE KEY `craft_elements_i18n_elementId_locale_unq_idx` (`elementId`,`locale`),
  UNIQUE KEY `craft_elements_i18n_uri_locale_unq_idx` (`uri`,`locale`),
  KEY `craft_elements_i18n_slug_locale_idx` (`slug`,`locale`),
  KEY `craft_elements_i18n_enabled_idx` (`enabled`),
  KEY `craft_elements_i18n_locale_fk` (`locale`)
) ENGINE=InnoDB AUTO_INCREMENT=23 DEFAULT CHARSET=utf8 COLLATE=utf8_unicode_ci;

--
-- Data for table `craft_elements_i18n`
--

INSERT INTO `craft_elements_i18n` (`id`, `elementId`, `locale`, `slug`, `uri`, `enabled`, `dateCreated`, `dateUpdated`, `uid`) VALUES
 ('1', '1', 'en_us', '', NULL, '1', '2017-07-03 11:38:58', '2017-07-03 11:38:58', 'b2ed4ea1-8514-4c1e-8657-740c1b82b907'),
 ('2', '2', 'en_us', 'homepage', '__home__', '1', '2017-07-03 11:38:58', '2017-07-03 13:49:06', 'd6cd5699-b1c2-4d95-8c56-05d5dab72536'),
 ('4', '4', 'en_us', '', NULL, '1', '2017-07-03 11:39:13', '2017-07-04 10:27:37', '810927c6-6293-485d-8602-bd31e7db0faf'),
 ('5', '5', 'en_us', '', NULL, '1', '2017-07-03 11:39:13', '2017-07-04 10:27:37', '3a6f57e0-90d0-4e22-b900-835132650155'),
 ('6', '6', 'en_us', '', NULL, '1', '2017-07-03 11:39:13', '2017-07-04 10:27:37', 'aef4cba3-d069-4fda-b060-b49560f27816'),
 ('7', '7', 'en_us', '', NULL, '1', '2017-07-03 11:39:13', '2017-07-04 10:27:37', '63a27fd7-6456-471c-8aa4-5eaed9ecb13e'),
 ('8', '8', 'en_us', '', NULL, '1', '2017-07-03 11:39:13', '2017-07-04 10:27:37', '009519db-7942-4037-bd00-2246bea77abd'),
 ('9', '9', 'en_us', '', NULL, '1', '2017-07-03 11:39:13', '2017-07-04 10:27:37', '7f5de554-29cf-416d-98b3-d7c716260408'),
 ('10', '10', 'en_us', '', NULL, '1', '2017-07-03 12:03:47', '2017-07-03 13:49:06', '8d5a21ec-a7bf-4509-aede-34005f37f301'),
 ('11', '11', 'en_us', '', NULL, '1', '2017-07-03 12:05:00', '2017-07-03 13:49:06', '4314252a-24e4-40af-94e1-330c555f5460'),
 ('12', '12', 'en_us', '', NULL, '1', '2017-07-03 12:06:22', '2017-07-03 13:49:06', '143d7143-1c7e-41ca-9e15-dd30317f4247'),
 ('13', '13', 'en_us', '', NULL, '1', '2017-07-03 12:07:31', '2017-07-03 13:49:06', '1773c043-15e9-4d45-89a2-6f7995bc5f2b'),
 ('14', '14', 'en_us', 'this-is-a-news', 'news/this-is-a-news', '1', '2017-07-03 12:10:29', '2017-07-03 12:10:29', '221b8c18-1705-4477-bfc4-3ab4037c5ef9'),
 ('15', '15', 'en_us', '', NULL, '1', '2017-07-03 12:10:29', '2017-07-03 12:10:29', 'cdbd4311-b7ec-489d-9fc5-e746a3e868ab'),
 ('16', '16', 'en_us', 'this-is-a-podcast', 'news/this-is-a-podcast', '1', '2017-07-03 12:13:51', '2017-07-03 13:22:28', 'ef9c1938-5b2e-452b-88cb-f83824a4fadf'),
 ('17', '17', 'en_us', 'example-page', 'example-page', '1', '2017-07-03 12:16:16', '2017-07-03 12:16:27', '841f81ed-be75-47dc-b0a2-54613da73ea6'),
 ('18', '18', 'en_us', '', NULL, '1', '2017-07-03 12:16:16', '2017-07-03 12:16:27', 'aa7f9ff5-6d2c-4f8c-aef5-e52bb249177d'),
 ('19', '19', 'en_us', 'example-page-2', 'example-page-2', '1', '2017-07-03 12:16:40', '2017-07-03 12:16:57', '3fcc843f-4fa1-4ac6-9d0d-bf9a2e3f0d7c'),
 ('20', '20', 'en_us', '', NULL, '1', '2017-07-03 12:16:40', '2017-07-03 12:16:57', '444e96a1-1250-4ff9-817c-44e5e9f62ffe'),
 ('21', '21', 'en_us', 'example-page-2-1', 'example-page-2/example-page-2-1', '1', '2017-07-03 12:17:10', '2017-07-03 13:17:55', 'e4ad7238-293f-4854-8785-7a80cd88ff28'),
 ('22', '22', 'en_us', '', NULL, '1', '2017-07-03 12:17:10', '2017-07-03 13:17:55', '86e02a2a-b5d1-466b-af15-4e982542d24c');



DROP TABLE IF EXISTS `craft_emailmessages`;


--
-- Schema for table `craft_emailmessages`
--
CREATE TABLE `craft_emailmessages` (
  `id` int(11) NOT NULL AUTO_INCREMENT,
  `key` char(150) COLLATE utf8_unicode_ci NOT NULL,
  `locale` char(12) COLLATE utf8_unicode_ci NOT NULL,
  `subject` varchar(1000) COLLATE utf8_unicode_ci NOT NULL,
  `body` text COLLATE utf8_unicode_ci NOT NULL,
  `dateCreated` datetime NOT NULL,
  `dateUpdated` datetime NOT NULL,
  `uid` char(36) COLLATE utf8_unicode_ci NOT NULL DEFAULT '0',
  PRIMARY KEY (`id`),
  UNIQUE KEY `craft_emailmessages_key_locale_unq_idx` (`key`,`locale`),
  KEY `craft_emailmessages_locale_fk` (`locale`)
) ENGINE=InnoDB DEFAULT CHARSET=utf8 COLLATE=utf8_unicode_ci;

DROP TABLE IF EXISTS `craft_entries`;


--
-- Schema for table `craft_entries`
--
CREATE TABLE `craft_entries` (
  `id` int(11) NOT NULL,
  `sectionId` int(11) NOT NULL,
  `typeId` int(11) DEFAULT NULL,
  `authorId` int(11) DEFAULT NULL,
  `postDate` datetime DEFAULT NULL,
  `expiryDate` datetime DEFAULT NULL,
  `dateCreated` datetime NOT NULL,
  `dateUpdated` datetime NOT NULL,
  `uid` char(36) COLLATE utf8_unicode_ci NOT NULL DEFAULT '0',
  PRIMARY KEY (`id`),
  KEY `craft_entries_sectionId_idx` (`sectionId`),
  KEY `craft_entries_typeId_idx` (`typeId`),
  KEY `craft_entries_postDate_idx` (`postDate`),
  KEY `craft_entries_expiryDate_idx` (`expiryDate`),
  KEY `craft_entries_authorId_fk` (`authorId`)
) ENGINE=InnoDB DEFAULT CHARSET=utf8 COLLATE=utf8_unicode_ci;

--
-- Data for table `craft_entries`
--

INSERT INTO `craft_entries` (`id`, `sectionId`, `typeId`, `authorId`, `postDate`, `expiryDate`, `dateCreated`, `dateUpdated`, `uid`) VALUES
 ('2', '1', '1', NULL, '2017-07-03 11:39:13', NULL, '2017-07-03 11:38:58', '2017-07-03 13:49:06', 'c9fd774f-ae5b-4fb0-b04b-90a3ea694e90'),
 ('14', '3', '3', '1', '2017-07-03 12:10:29', NULL, '2017-07-03 12:10:29', '2017-07-03 12:10:29', '03b47a87-7f66-4deb-b5c3-7af6dacf90b2'),
 ('16', '3', '5', '1', '2017-07-03 12:13:00', NULL, '2017-07-03 12:13:51', '2017-07-03 13:22:28', 'ac3782cc-c39b-419d-ad36-0c3788343603'),
 ('17', '5', '7', '1', '2017-07-03 12:16:00', NULL, '2017-07-03 12:16:16', '2017-07-03 12:16:27', '8805b10b-3e5a-4650-8572-ab6fbec5f0f0'),
 ('19', '5', '7', '1', '2017-07-03 12:16:00', NULL, '2017-07-03 12:16:40', '2017-07-03 12:16:57', '12b17a10-7647-4885-8860-653eb7e43b18'),
 ('21', '5', '7', '1', '2017-07-03 12:16:00', NULL, '2017-07-03 12:17:10', '2017-07-03 13:17:55', '6a220c2f-a4d0-465f-b798-5019f78ea5bb');



DROP TABLE IF EXISTS `craft_entrydrafts`;


--
-- Schema for table `craft_entrydrafts`
--
CREATE TABLE `craft_entrydrafts` (
  `id` int(11) NOT NULL AUTO_INCREMENT,
  `entryId` int(11) NOT NULL,
  `sectionId` int(11) NOT NULL,
  `creatorId` int(11) NOT NULL,
  `locale` char(12) COLLATE utf8_unicode_ci NOT NULL,
  `name` varchar(255) COLLATE utf8_unicode_ci NOT NULL,
  `notes` tinytext COLLATE utf8_unicode_ci,
  `data` mediumtext COLLATE utf8_unicode_ci NOT NULL,
  `dateCreated` datetime NOT NULL,
  `dateUpdated` datetime NOT NULL,
  `uid` char(36) COLLATE utf8_unicode_ci NOT NULL DEFAULT '0',
  PRIMARY KEY (`id`),
  KEY `craft_entrydrafts_entryId_locale_idx` (`entryId`,`locale`),
  KEY `craft_entrydrafts_sectionId_fk` (`sectionId`),
  KEY `craft_entrydrafts_creatorId_fk` (`creatorId`),
  KEY `craft_entrydrafts_locale_fk` (`locale`)
) ENGINE=InnoDB DEFAULT CHARSET=utf8 COLLATE=utf8_unicode_ci;

DROP TABLE IF EXISTS `craft_entrytypes`;


--
-- Schema for table `craft_entrytypes`
--
CREATE TABLE `craft_entrytypes` (
  `id` int(11) NOT NULL AUTO_INCREMENT,
  `sectionId` int(11) NOT NULL,
  `fieldLayoutId` int(11) DEFAULT NULL,
  `name` varchar(255) COLLATE utf8_unicode_ci NOT NULL,
  `handle` varchar(255) COLLATE utf8_unicode_ci NOT NULL,
  `hasTitleField` tinyint(1) unsigned NOT NULL DEFAULT '1',
  `titleLabel` varchar(255) COLLATE utf8_unicode_ci DEFAULT 'Title',
  `titleFormat` varchar(255) COLLATE utf8_unicode_ci DEFAULT NULL,
  `sortOrder` smallint(6) unsigned DEFAULT NULL,
  `dateCreated` datetime NOT NULL,
  `dateUpdated` datetime NOT NULL,
  `uid` char(36) COLLATE utf8_unicode_ci NOT NULL DEFAULT '0',
  PRIMARY KEY (`id`),
  UNIQUE KEY `craft_entrytypes_name_sectionId_unq_idx` (`name`,`sectionId`),
  UNIQUE KEY `craft_entrytypes_handle_sectionId_unq_idx` (`handle`,`sectionId`),
  KEY `craft_entrytypes_sectionId_fk` (`sectionId`),
  KEY `craft_entrytypes_fieldLayoutId_fk` (`fieldLayoutId`)
) ENGINE=InnoDB AUTO_INCREMENT=8 DEFAULT CHARSET=utf8 COLLATE=utf8_unicode_ci;

--
-- Data for table `craft_entrytypes`
--

INSERT INTO `craft_entrytypes` (`id`, `sectionId`, `fieldLayoutId`, `name`, `handle`, `hasTitleField`, `titleLabel`, `titleFormat`, `sortOrder`, `dateCreated`, `dateUpdated`, `uid`) VALUES
 ('1', '1', '27', 'Homepage', 'homepage', '1', 'Title', NULL, '1', '2017-07-03 11:38:58', '2017-07-03 11:39:13', '45f1c3ef-0313-4e93-9648-1cc7918d4ca3'),
 ('3', '3', '23', 'Report', 'report', '1', 'Title', NULL, '1', '2017-07-03 11:39:13', '2017-07-03 11:39:13', 'b7ad6402-64c7-461e-93f3-b15d3479a6fa'),
 ('5', '3', '25', 'Podcast', 'podcast', '1', 'Title', NULL, '3', '2017-07-03 11:39:13', '2017-07-03 11:39:13', '34cc40be-a7b0-4e41-9b4a-c8d4081de365'),
 ('7', '5', '28', 'iContent Page', 'contentPage', '1', 'Title', NULL, '1', '2017-07-03 11:39:13', '2017-07-03 11:39:13', '3b891d49-db11-4c44-9309-a7ee34b7b9cf');



DROP TABLE IF EXISTS `craft_entryversions`;


--
-- Schema for table `craft_entryversions`
--
CREATE TABLE `craft_entryversions` (
  `id` int(11) NOT NULL AUTO_INCREMENT,
  `entryId` int(11) NOT NULL,
  `sectionId` int(11) NOT NULL,
  `creatorId` int(11) DEFAULT NULL,
  `locale` char(12) COLLATE utf8_unicode_ci NOT NULL,
  `num` smallint(6) unsigned NOT NULL,
  `notes` tinytext COLLATE utf8_unicode_ci,
  `data` mediumtext COLLATE utf8_unicode_ci NOT NULL,
  `dateCreated` datetime NOT NULL,
  `dateUpdated` datetime NOT NULL,
  `uid` char(36) COLLATE utf8_unicode_ci NOT NULL DEFAULT '0',
  PRIMARY KEY (`id`),
  KEY `craft_entryversions_entryId_locale_idx` (`entryId`,`locale`),
  KEY `craft_entryversions_sectionId_fk` (`sectionId`),
  KEY `craft_entryversions_creatorId_fk` (`creatorId`),
  KEY `craft_entryversions_locale_fk` (`locale`)
) ENGINE=InnoDB AUTO_INCREMENT=38 DEFAULT CHARSET=utf8 COLLATE=utf8_unicode_ci;

--
-- Data for table `craft_entryversions`
--

INSERT INTO `craft_entryversions` (`id`, `entryId`, `sectionId`, `creatorId`, `locale`, `num`, `notes`, `data`, `dateCreated`, `dateUpdated`, `uid`) VALUES
 ('1', '2', '1', NULL, 'en_us', '1', NULL, '{\"typeId\":\"1\",\"authorId\":null,\"title\":\"Homepage\",\"slug\":\"homepage\",\"postDate\":1499081938,\"expiryDate\":null,\"enabled\":1,\"parentId\":null,\"fields\":[]}', '2017-07-03 11:38:58', '2017-07-03 11:38:58', 'e4940b6b-31c9-4e5e-86dd-b19cdfb03564'),
 ('2', '2', '1', NULL, 'en_us', '2', NULL, '{\"typeId\":null,\"authorId\":null,\"title\":\"Welcome to Welance!\",\"slug\":\"homepage\",\"postDate\":1499081938,\"expiryDate\":null,\"enabled\":\"1\",\"parentId\":null,\"fields\":{\"1\":\"<p>It\\u2019s true, this site doesn\\u2019t have a whole lot of content yet, but don\\u2019t worry. Our web developers have just installed the CMS, and they\\u2019re setting things up for the content editors this very moment. Soon Welance will be an oasis of fresh perspectives, sharp analyses, and astute opinions that will keep you coming back again and again.<\\/p>\"}}', '2017-07-03 11:38:58', '2017-07-03 11:38:58', '0d1332d5-fd54-435d-81fd-8ecdd1097307'),
 ('4', '2', '1', '1', 'en_us', '3', '', '{\"typeId\":\"1\",\"authorId\":null,\"title\":\"Welcome to Welance!\",\"slug\":\"homepage\",\"postDate\":1499081953,\"expiryDate\":null,\"enabled\":1,\"parentId\":null,\"fields\":{\"7\":\"\",\"8\":\"\",\"13\":{\"new1\":{\"type\":\"richContent\",\"enabled\":\"1\",\"fields\":{\"colWidth\":\"{\\\"mobile\\\":{\\\"offset\\\":0,\\\"width\\\":12,\\\"active\\\":false},\\\"desktop\\\":{\\\"offset\\\":\\\"0\\\",\\\"width\\\":\\\"6\\\",\\\"active\\\":true},\\\"tablet\\\":{\\\"offset\\\":0,\\\"width\\\":12,\\\"active\\\":false},\\\"wide\\\":{\\\"offset\\\":0,\\\"width\\\":12,\\\"active\\\":false},\\\"new_row\\\":false,\\\"full_width\\\":false,\\\"v_align\\\":\\\"top\\\"}\",\"v-align\":\"top\",\"richContent\":\"<h2>This is an example Homepage&nbsp;;)<\\/h2>\"}}},\"45\":\"\",\"46\":\"\",\"2\":\"\"}}', '2017-07-03 12:03:47', '2017-07-03 12:03:47', '070b8abb-8ad4-4d6c-b42b-86276ffd702a'),
 ('5', '2', '1', '1', 'en_us', '4', '', '{\"typeId\":\"1\",\"authorId\":null,\"title\":\"Welcome to Welance!\",\"slug\":\"homepage\",\"postDate\":1499081953,\"expiryDate\":null,\"enabled\":1,\"parentId\":null,\"fields\":{\"7\":\"\",\"8\":\"\",\"13\":{\"10\":{\"type\":\"richContent\",\"enabled\":\"1\",\"fields\":{\"colWidth\":\"{\\\"mobile\\\":{\\\"offset\\\":0,\\\"width\\\":12,\\\"active\\\":false},\\\"desktop\\\":{\\\"offset\\\":\\\"0\\\",\\\"width\\\":\\\"6\\\",\\\"active\\\":true},\\\"tablet\\\":{\\\"offset\\\":0,\\\"width\\\":12,\\\"active\\\":false},\\\"wide\\\":{\\\"offset\\\":0,\\\"width\\\":12,\\\"active\\\":false},\\\"new_row\\\":false,\\\"full_width\\\":false,\\\"v_align\\\":\\\"top\\\"}\",\"v-align\":\"top\",\"richContent\":\"<h2>This is an example Homepage&nbsp;;)<\\/h2>\"}},\"new2\":{\"type\":\"richContent\",\"enabled\":\"1\",\"fields\":{\"colWidth\":\"{\\\"mobile\\\":{\\\"offset\\\":0,\\\"width\\\":12,\\\"active\\\":false},\\\"desktop\\\":{\\\"offset\\\":\\\"5\\\",\\\"width\\\":\\\"12\\\",\\\"active\\\":true},\\\"tablet\\\":{\\\"offset\\\":0,\\\"width\\\":12,\\\"active\\\":false},\\\"wide\\\":{\\\"offset\\\":0,\\\"width\\\":12,\\\"active\\\":false},\\\"new_row\\\":false,\\\"full_width\\\":false,\\\"v_align\\\":\\\"top\\\"}\",\"v-align\":\"top\",\"richContent\":\"<p>This is a content element, shifted a bit on the right side of the page...but only on desktop!<\\/p><p>Sed ut perspiciatis unde omnis iste natus error sit voluptatem accusantium doloremque laudantium, totam rem aperiam, eaque ipsa quae ab illo inventore veritatis et quasi architecto beatae vitae dicta sunt explicabo. Nemo enim ipsam voluptatem quia voluptas sit aspernatur aut odit aut fugit, sed quia consequuntur magni dolores eos qui ratione voluptatem sequi nesciunt. Neque porro quisquam est, qui dolorem ipsum quia dolor sit amet, consectetur, adipisci velit, sed quia non numquam eius modi tempora incidunt ut labore et dolore magnam aliquam quaerat voluptatem. Ut enim ad minima veniam, quis nostrum exercitationem ullam corporis suscipit laboriosam, nisi ut aliquid ex ea commodi consequatur? Quis autem vel eum iure reprehenderit qui in ea voluptate velit esse quam nihil molestiae consequatur, vel illum qui dolorem eum fugiat quo voluptas nulla pariatur?<br><\\/p>\"}}},\"45\":\"\",\"46\":\"\",\"2\":\"\"}}', '2017-07-03 12:05:00', '2017-07-03 12:05:00', '1f0cff46-ddac-47c1-8a35-44dfaead6c4b'),
 ('6', '2', '1', '1', 'en_us', '5', '', '{\"typeId\":\"1\",\"authorId\":null,\"title\":\"Welcome to Welance!\",\"slug\":\"homepage\",\"postDate\":1499081953,\"expiryDate\":null,\"enabled\":1,\"parentId\":null,\"fields\":{\"7\":\"\",\"8\":\"\",\"13\":{\"10\":{\"type\":\"richContent\",\"enabled\":\"1\",\"fields\":{\"colWidth\":\"{\\\"mobile\\\":{\\\"offset\\\":0,\\\"width\\\":12,\\\"active\\\":false},\\\"desktop\\\":{\\\"offset\\\":\\\"0\\\",\\\"width\\\":\\\"12\\\",\\\"active\\\":true},\\\"tablet\\\":{\\\"offset\\\":0,\\\"width\\\":12,\\\"active\\\":false},\\\"wide\\\":{\\\"offset\\\":0,\\\"width\\\":12,\\\"active\\\":false},\\\"new_row\\\":false,\\\"full_width\\\":false,\\\"v_align\\\":\\\"top\\\"}\",\"v-align\":\"top\",\"richContent\":\"<h2>This is an example Homepage&nbsp;;)<\\/h2>\"}},\"11\":{\"type\":\"richContent\",\"enabled\":\"1\",\"fields\":{\"colWidth\":\"{\\\"mobile\\\":{\\\"offset\\\":0,\\\"width\\\":12,\\\"active\\\":false},\\\"desktop\\\":{\\\"offset\\\":\\\"5\\\",\\\"width\\\":\\\"12\\\",\\\"active\\\":true},\\\"tablet\\\":{\\\"offset\\\":0,\\\"width\\\":12,\\\"active\\\":false},\\\"wide\\\":{\\\"offset\\\":0,\\\"width\\\":12,\\\"active\\\":false},\\\"new_row\\\":false,\\\"full_width\\\":false,\\\"v_align\\\":\\\"top\\\"}\",\"v-align\":\"top\",\"richContent\":\"<p>This is a content element, shifted a bit on the right side of the page...but only on desktop!<\\/p>\\r\\n<p>Sed ut perspiciatis unde omnis iste natus error sit voluptatem accusantium doloremque laudantium, totam rem aperiam, eaque ipsa quae ab illo inventore veritatis et quasi architecto beatae vitae dicta sunt explicabo. Nemo enim ipsam voluptatem quia voluptas sit aspernatur aut odit aut fugit, sed quia consequuntur magni dolores eos qui ratione voluptatem sequi nesciunt. Neque porro quisquam est, qui dolorem ipsum quia dolor sit amet, consectetur, adipisci velit, sed quia non numquam eius modi tempora incidunt ut labore et dolore magnam aliquam quaerat voluptatem. Ut enim ad minima veniam, quis nostrum exercitationem ullam corporis suscipit laboriosam, nisi ut aliquid ex ea commodi consequatur? Quis autem vel eum iure reprehenderit qui in ea voluptate velit esse quam nihil molestiae consequatur, vel illum qui dolorem eum fugiat quo voluptas nulla pariatur?<br><\\/p>\"}}},\"45\":\"\",\"46\":\"\",\"2\":\"\"}}', '2017-07-03 12:05:30', '2017-07-03 12:05:30', '1c9dadac-5599-4572-bd5f-61df913773c5'),
 ('7', '2', '1', '1', 'en_us', '6', '', '{\"typeId\":\"1\",\"authorId\":null,\"title\":\"Welcome to Welance!\",\"slug\":\"homepage\",\"postDate\":1499081953,\"expiryDate\":null,\"enabled\":1,\"parentId\":null,\"fields\":{\"7\":\"\",\"8\":\"\",\"13\":{\"10\":{\"type\":\"richContent\",\"enabled\":\"1\",\"fields\":{\"colWidth\":\"{\\\"mobile\\\":{\\\"offset\\\":0,\\\"width\\\":12,\\\"active\\\":false},\\\"desktop\\\":{\\\"offset\\\":\\\"0\\\",\\\"width\\\":\\\"12\\\",\\\"active\\\":true},\\\"tablet\\\":{\\\"offset\\\":0,\\\"width\\\":12,\\\"active\\\":false},\\\"wide\\\":{\\\"offset\\\":0,\\\"width\\\":12,\\\"active\\\":false},\\\"new_row\\\":false,\\\"full_width\\\":false,\\\"v_align\\\":\\\"top\\\"}\",\"v-align\":\"top\",\"richContent\":\"<h2>This is an example Homepage&nbsp;;)<\\/h2>\"}},\"new1\":{\"type\":\"richContent\",\"enabled\":\"1\",\"fields\":{\"colWidth\":\"{\\\"mobile\\\":{\\\"offset\\\":0,\\\"width\\\":12,\\\"active\\\":false},\\\"desktop\\\":{\\\"offset\\\":\\\"0\\\",\\\"width\\\":\\\"6\\\",\\\"active\\\":true},\\\"tablet\\\":{\\\"offset\\\":0,\\\"width\\\":12,\\\"active\\\":false},\\\"wide\\\":{\\\"offset\\\":0,\\\"width\\\":12,\\\"active\\\":false},\\\"new_row\\\":false,\\\"full_width\\\":false,\\\"v_align\\\":\\\"top\\\"}\",\"v-align\":\"top\",\"richContent\":\"<p>This is a content element...but only on desktop it\'s shown as a \\\"different column\\\"&nbsp;;)<\\/p>\"}},\"11\":{\"type\":\"richContent\",\"enabled\":\"1\",\"fields\":{\"colWidth\":\"{\\\"mobile\\\":{\\\"offset\\\":0,\\\"width\\\":12,\\\"active\\\":false},\\\"desktop\\\":{\\\"offset\\\":\\\"5\\\",\\\"width\\\":\\\"12\\\",\\\"active\\\":true},\\\"tablet\\\":{\\\"offset\\\":0,\\\"width\\\":12,\\\"active\\\":false},\\\"wide\\\":{\\\"offset\\\":0,\\\"width\\\":12,\\\"active\\\":false},\\\"new_row\\\":false,\\\"full_width\\\":false,\\\"v_align\\\":\\\"top\\\"}\",\"v-align\":\"top\",\"richContent\":\"<p>This is a content element, shifted a bit on the right side of the page...but only on desktop!<\\/p>\\r\\n<p>Sed ut perspiciatis unde omnis iste natus error sit voluptatem accusantium doloremque laudantium, totam rem aperiam, eaque ipsa quae ab illo inventore veritatis et quasi architecto beatae vitae dicta sunt explicabo. Nemo enim ipsam voluptatem quia voluptas sit aspernatur aut odit aut fugit, sed quia consequuntur magni dolores eos qui ratione voluptatem sequi nesciunt. Neque porro quisquam est, qui dolorem ipsum quia dolor sit amet, consectetur, adipisci velit, sed quia non numquam eius modi tempora incidunt ut labore et dolore magnam aliquam quaerat voluptatem. Ut enim ad minima veniam, quis nostrum exercitationem ullam corporis suscipit laboriosam, nisi ut aliquid ex ea commodi consequatur? Quis autem vel eum iure reprehenderit qui in ea voluptate velit esse quam nihil molestiae consequatur, vel illum qui dolorem eum fugiat quo voluptas nulla pariatur?<br><\\/p>\"}}},\"45\":\"\",\"46\":\"\",\"2\":\"\"}}', '2017-07-03 12:06:22', '2017-07-03 12:06:22', 'ad3f25a8-9c7f-4f3a-acba-ae0853b6752e'),
 ('8', '2', '1', '1', 'en_us', '7', '', '{\"typeId\":\"1\",\"authorId\":null,\"title\":\"Welcome to Welance!\",\"slug\":\"homepage\",\"postDate\":1499081953,\"expiryDate\":null,\"enabled\":1,\"parentId\":null,\"fields\":{\"7\":\"\",\"8\":\"\",\"13\":{\"10\":{\"type\":\"richContent\",\"enabled\":\"1\",\"fields\":{\"colWidth\":\"{\\\"mobile\\\":{\\\"offset\\\":0,\\\"width\\\":12,\\\"active\\\":false},\\\"desktop\\\":{\\\"offset\\\":\\\"0\\\",\\\"width\\\":\\\"12\\\",\\\"active\\\":true},\\\"tablet\\\":{\\\"offset\\\":0,\\\"width\\\":12,\\\"active\\\":false},\\\"wide\\\":{\\\"offset\\\":0,\\\"width\\\":12,\\\"active\\\":false},\\\"new_row\\\":false,\\\"full_width\\\":false,\\\"v_align\\\":\\\"top\\\"}\",\"v-align\":\"top\",\"richContent\":\"<h2>This is an example Homepage&nbsp;;)<\\/h2>\"}},\"12\":{\"type\":\"richContent\",\"enabled\":\"1\",\"fields\":{\"colWidth\":\"{\\\"mobile\\\":{\\\"offset\\\":0,\\\"width\\\":12,\\\"active\\\":false},\\\"desktop\\\":{\\\"offset\\\":\\\"0\\\",\\\"width\\\":\\\"6\\\",\\\"active\\\":true},\\\"tablet\\\":{\\\"offset\\\":0,\\\"width\\\":12,\\\"active\\\":false},\\\"wide\\\":{\\\"offset\\\":0,\\\"width\\\":12,\\\"active\\\":false},\\\"new_row\\\":false,\\\"full_width\\\":false,\\\"v_align\\\":\\\"top\\\"}\",\"v-align\":\"top\",\"richContent\":\"<p>This is a content element...but only on desktop it\'s shown as a \\\"different column\\\"&nbsp;;)<\\/p>\"}},\"11\":{\"type\":\"richContent\",\"enabled\":\"1\",\"fields\":{\"colWidth\":\"{\\\"mobile\\\":{\\\"offset\\\":0,\\\"width\\\":12,\\\"active\\\":false},\\\"desktop\\\":{\\\"offset\\\":\\\"6\\\",\\\"width\\\":\\\"12\\\",\\\"active\\\":true},\\\"tablet\\\":{\\\"offset\\\":0,\\\"width\\\":12,\\\"active\\\":false},\\\"wide\\\":{\\\"offset\\\":0,\\\"width\\\":12,\\\"active\\\":false},\\\"new_row\\\":false,\\\"full_width\\\":false,\\\"v_align\\\":\\\"top\\\"}\",\"v-align\":\"top\",\"richContent\":\"<p>This is a content element, shifted a bit on the right side of the page...but only on desktop!<\\/p>\\r\\n<p>Sed ut perspiciatis unde omnis iste natus error sit voluptatem accusantium doloremque laudantium, totam rem aperiam, eaque ipsa quae ab illo inventore veritatis et quasi architecto beatae vitae dicta sunt explicabo. Nemo enim ipsam voluptatem quia voluptas sit aspernatur aut odit aut fugit, sed quia consequuntur magni dolores eos qui ratione voluptatem sequi nesciunt. Neque porro quisquam est, qui dolorem ipsum quia dolor sit amet, consectetur, adipisci velit, sed quia non numquam eius modi tempora incidunt ut labore et dolore magnam aliquam quaerat voluptatem. Ut enim ad minima veniam, quis nostrum exercitationem ullam corporis suscipit laboriosam, nisi ut aliquid ex ea commodi consequatur? Quis autem vel eum iure reprehenderit qui in ea voluptate velit esse quam nihil molestiae consequatur, vel illum qui dolorem eum fugiat quo voluptas nulla pariatur?<br><\\/p>\"}}},\"45\":\"\",\"46\":\"\",\"2\":\"\"}}', '2017-07-03 12:06:31', '2017-07-03 12:06:31', '052e7e63-f4d2-455e-9f21-2204026e05d3'),
 ('9', '2', '1', '1', 'en_us', '8', '', '{\"typeId\":\"1\",\"authorId\":null,\"title\":\"Welcome to Welance!\",\"slug\":\"homepage\",\"postDate\":1499081953,\"expiryDate\":null,\"enabled\":1,\"parentId\":null,\"fields\":{\"7\":\"\",\"8\":\"\",\"13\":{\"10\":{\"type\":\"richContent\",\"enabled\":\"1\",\"fields\":{\"colWidth\":\"{\\\"mobile\\\":{\\\"offset\\\":0,\\\"width\\\":12,\\\"active\\\":false},\\\"desktop\\\":{\\\"offset\\\":\\\"0\\\",\\\"width\\\":\\\"12\\\",\\\"active\\\":true},\\\"tablet\\\":{\\\"offset\\\":0,\\\"width\\\":12,\\\"active\\\":false},\\\"wide\\\":{\\\"offset\\\":0,\\\"width\\\":12,\\\"active\\\":false},\\\"new_row\\\":false,\\\"full_width\\\":false,\\\"v_align\\\":\\\"top\\\"}\",\"v-align\":\"top\",\"richContent\":\"<h2>This is an example Homepage&nbsp;;)<\\/h2>\"}},\"12\":{\"type\":\"richContent\",\"enabled\":\"1\",\"fields\":{\"colWidth\":\"{\\\"mobile\\\":{\\\"offset\\\":0,\\\"width\\\":12,\\\"active\\\":false},\\\"desktop\\\":{\\\"offset\\\":\\\"0\\\",\\\"width\\\":\\\"6\\\",\\\"active\\\":true},\\\"tablet\\\":{\\\"offset\\\":0,\\\"width\\\":12,\\\"active\\\":false},\\\"wide\\\":{\\\"offset\\\":0,\\\"width\\\":12,\\\"active\\\":false},\\\"new_row\\\":false,\\\"full_width\\\":false,\\\"v_align\\\":\\\"top\\\"}\",\"v-align\":\"top\",\"richContent\":\"<p>This is a content element...but only on desktop it\'s shown as a \\\"different column\\\"&nbsp;;)<\\/p>\"}},\"11\":{\"type\":\"richContent\",\"enabled\":\"1\",\"fields\":{\"colWidth\":\"{\\\"mobile\\\":{\\\"offset\\\":0,\\\"width\\\":12,\\\"active\\\":false},\\\"desktop\\\":{\\\"offset\\\":\\\"0\\\",\\\"width\\\":\\\"6\\\",\\\"active\\\":true},\\\"tablet\\\":{\\\"offset\\\":0,\\\"width\\\":12,\\\"active\\\":false},\\\"wide\\\":{\\\"offset\\\":0,\\\"width\\\":12,\\\"active\\\":false},\\\"new_row\\\":false,\\\"full_width\\\":false,\\\"v_align\\\":\\\"top\\\"}\",\"v-align\":\"top\",\"richContent\":\"<p>This is a content element, shifted a bit on the right side of the page...but only on desktop!<\\/p>\\r\\n<p>Sed ut perspiciatis unde omnis iste natus error sit voluptatem accusantium doloremque laudantium, totam rem aperiam, eaque ipsa quae ab illo inventore veritatis et quasi architecto beatae vitae dicta sunt explicabo. Nemo enim ipsam voluptatem quia voluptas sit aspernatur aut odit aut fugit, sed quia consequuntur magni dolores eos qui ratione voluptatem sequi nesciunt. Neque porro quisquam est, qui dolorem ipsum quia dolor sit amet, consectetur, adipisci velit, sed quia non numquam eius modi tempora incidunt ut labore et dolore magnam aliquam quaerat voluptatem. Ut enim ad minima veniam, quis nostrum exercitationem ullam corporis suscipit laboriosam, nisi ut aliquid ex ea commodi consequatur? Quis autem vel eum iure reprehenderit qui in ea voluptate velit esse quam nihil molestiae consequatur, vel illum qui dolorem eum fugiat quo voluptas nulla pariatur?<br><\\/p>\"}}},\"45\":\"\",\"46\":\"\",\"2\":\"\"}}', '2017-07-03 12:06:56', '2017-07-03 12:06:56', '3734bb3d-d5a2-427e-ba3a-d19bb376e4e2'),
 ('10', '2', '1', '1', 'en_us', '9', '', '{\"typeId\":\"1\",\"authorId\":null,\"title\":\"Welcome to Welance!\",\"slug\":\"homepage\",\"postDate\":1499081953,\"expiryDate\":null,\"enabled\":1,\"parentId\":null,\"fields\":{\"7\":\"\",\"8\":\"\",\"13\":{\"10\":{\"type\":\"richContent\",\"enabled\":\"1\",\"fields\":{\"colWidth\":\"{\\\"mobile\\\":{\\\"offset\\\":0,\\\"width\\\":12,\\\"active\\\":false},\\\"desktop\\\":{\\\"offset\\\":\\\"0\\\",\\\"width\\\":\\\"12\\\",\\\"active\\\":true},\\\"tablet\\\":{\\\"offset\\\":0,\\\"width\\\":12,\\\"active\\\":false},\\\"wide\\\":{\\\"offset\\\":0,\\\"width\\\":12,\\\"active\\\":false},\\\"new_row\\\":false,\\\"full_width\\\":false,\\\"v_align\\\":\\\"top\\\"}\",\"v-align\":\"top\",\"richContent\":\"<h2>This is an example Homepage&nbsp;;)<\\/h2>\"}},\"12\":{\"type\":\"richContent\",\"enabled\":\"1\",\"fields\":{\"colWidth\":\"{\\\"mobile\\\":{\\\"offset\\\":0,\\\"width\\\":12,\\\"active\\\":false},\\\"desktop\\\":{\\\"offset\\\":\\\"0\\\",\\\"width\\\":\\\"6\\\",\\\"active\\\":true},\\\"tablet\\\":{\\\"offset\\\":0,\\\"width\\\":12,\\\"active\\\":false},\\\"wide\\\":{\\\"offset\\\":0,\\\"width\\\":12,\\\"active\\\":false},\\\"new_row\\\":false,\\\"full_width\\\":false,\\\"v_align\\\":\\\"top\\\"}\",\"v-align\":\"top\",\"richContent\":\"<p>This is a content element...but only on desktop it\'s shown as a \\\"different column\\\"&nbsp;;)<\\/p>\"}},\"11\":{\"type\":\"richContent\",\"enabled\":\"1\",\"fields\":{\"colWidth\":\"{\\\"mobile\\\":{\\\"offset\\\":0,\\\"width\\\":12,\\\"active\\\":false},\\\"desktop\\\":{\\\"offset\\\":\\\"0\\\",\\\"width\\\":\\\"6\\\",\\\"active\\\":true},\\\"tablet\\\":{\\\"offset\\\":0,\\\"width\\\":12,\\\"active\\\":false},\\\"wide\\\":{\\\"offset\\\":0,\\\"width\\\":12,\\\"active\\\":false},\\\"new_row\\\":false,\\\"full_width\\\":false,\\\"v_align\\\":\\\"top\\\"}\",\"v-align\":\"top\",\"richContent\":\"<p>This is a content element, shifted a bit on the right side of the page...but only on desktop!<\\/p>\\r\\n<p>Sed ut perspiciatis unde omnis iste natus error sit voluptatem accusantium doloremque laudantium, totam rem aperiam, eaque ipsa quae ab illo inventore veritatis et quasi architecto beatae vitae dicta sunt explicabo. Nemo enim ipsam voluptatem quia voluptas sit aspernatur aut odit aut fugit, sed quia consequuntur magni dolores eos qui ratione voluptatem sequi nesciunt. Neque porro quisquam est, qui dolorem ipsum quia dolor sit amet, consectetur, adipisci velit, sed quia non numquam eius modi tempora incidunt ut labore et dolore magnam aliquam quaerat voluptatem. Ut enim ad minima veniam, quis nostrum exercitationem ullam corporis suscipit laboriosam, nisi ut aliquid ex ea commodi consequatur? Quis autem vel eum iure reprehenderit qui in ea voluptate velit esse quam nihil molestiae consequatur, vel illum qui dolorem eum fugiat quo voluptas nulla pariatur?<br><\\/p>\"}},\"new1\":{\"type\":\"richContent\",\"enabled\":\"1\",\"fields\":{\"colWidth\":\"{\\\"mobile\\\":{\\\"offset\\\":0,\\\"width\\\":12,\\\"active\\\":false},\\\"desktop\\\":{\\\"offset\\\":\\\"3\\\",\\\"width\\\":\\\"12\\\",\\\"active\\\":true},\\\"tablet\\\":{\\\"offset\\\":0,\\\"width\\\":12,\\\"active\\\":false},\\\"wide\\\":{\\\"offset\\\":0,\\\"width\\\":12,\\\"active\\\":false},\\\"new_row\\\":false,\\\"full_width\\\":false,\\\"v_align\\\":\\\"top\\\"}\",\"v-align\":\"top\",\"richContent\":\"<p>This is content placed somewhere else...<\\/p>\"}}},\"45\":\"\",\"46\":\"\",\"2\":\"\"}}', '2017-07-03 12:07:31', '2017-07-03 12:07:31', '1ddda38c-c28b-478d-8fbb-1363b84df7e4'),
 ('11', '2', '1', '1', 'en_us', '10', '', '{\"typeId\":\"1\",\"authorId\":null,\"title\":\"Welcome to Welance!\",\"slug\":\"homepage\",\"postDate\":1499081953,\"expiryDate\":null,\"enabled\":1,\"parentId\":null,\"fields\":{\"7\":\"\",\"8\":\"\",\"13\":{\"10\":{\"type\":\"richContent\",\"enabled\":\"1\",\"fields\":{\"colWidth\":\"{\\\"mobile\\\":{\\\"offset\\\":0,\\\"width\\\":12,\\\"active\\\":false},\\\"desktop\\\":{\\\"offset\\\":\\\"0\\\",\\\"width\\\":\\\"12\\\",\\\"active\\\":true},\\\"tablet\\\":{\\\"offset\\\":0,\\\"width\\\":12,\\\"active\\\":false},\\\"wide\\\":{\\\"offset\\\":0,\\\"width\\\":12,\\\"active\\\":false},\\\"new_row\\\":false,\\\"full_width\\\":false,\\\"v_align\\\":\\\"top\\\"}\",\"v-align\":\"top\",\"richContent\":\"<h2>This is an example Homepage&nbsp;;)<\\/h2>\"}},\"12\":{\"type\":\"richContent\",\"enabled\":\"1\",\"fields\":{\"colWidth\":\"{\\\"mobile\\\":{\\\"offset\\\":0,\\\"width\\\":12,\\\"active\\\":false},\\\"desktop\\\":{\\\"offset\\\":\\\"0\\\",\\\"width\\\":\\\"6\\\",\\\"active\\\":true},\\\"tablet\\\":{\\\"offset\\\":0,\\\"width\\\":12,\\\"active\\\":false},\\\"wide\\\":{\\\"offset\\\":0,\\\"width\\\":12,\\\"active\\\":false},\\\"new_row\\\":false,\\\"full_width\\\":false,\\\"v_align\\\":\\\"top\\\"}\",\"v-align\":\"top\",\"richContent\":\"<p>This is a content element...but only on desktop it\'s shown as a \\\"different column\\\"&nbsp;;)<\\/p>\"}},\"11\":{\"type\":\"richContent\",\"enabled\":\"1\",\"fields\":{\"colWidth\":\"{\\\"mobile\\\":{\\\"offset\\\":0,\\\"width\\\":12,\\\"active\\\":false},\\\"desktop\\\":{\\\"offset\\\":\\\"0\\\",\\\"width\\\":\\\"6\\\",\\\"active\\\":true},\\\"tablet\\\":{\\\"offset\\\":0,\\\"width\\\":12,\\\"active\\\":false},\\\"wide\\\":{\\\"offset\\\":0,\\\"width\\\":12,\\\"active\\\":false},\\\"new_row\\\":false,\\\"full_width\\\":false,\\\"v_align\\\":\\\"top\\\"}\",\"v-align\":\"top\",\"richContent\":\"<p>This is a content element, shifted a bit on the right side of the page...but only on desktop!<\\/p>\\r\\n<p>Sed ut perspiciatis unde omnis iste natus error sit voluptatem accusantium doloremque laudantium, totam rem aperiam, eaque ipsa quae ab illo inventore veritatis et quasi architecto beatae vitae dicta sunt explicabo. Nemo enim ipsam voluptatem quia voluptas sit aspernatur aut odit aut fugit, sed quia consequuntur magni dolores eos qui ratione voluptatem sequi nesciunt. Neque porro quisquam est, qui dolorem ipsum quia dolor sit amet, consectetur, adipisci velit, sed quia non numquam eius modi tempora incidunt ut labore et dolore magnam aliquam quaerat voluptatem. Ut enim ad minima veniam, quis nostrum exercitationem ullam corporis suscipit laboriosam, nisi ut aliquid ex ea commodi consequatur? Quis autem vel eum iure reprehenderit qui in ea voluptate velit esse quam nihil molestiae consequatur, vel illum qui dolorem eum fugiat quo voluptas nulla pariatur?<br><\\/p>\"}},\"13\":{\"type\":\"richContent\",\"enabled\":\"1\",\"fields\":{\"colWidth\":\"{\\\"mobile\\\":{\\\"offset\\\":0,\\\"width\\\":12,\\\"active\\\":false},\\\"desktop\\\":{\\\"offset\\\":\\\"6\\\",\\\"width\\\":\\\"12\\\",\\\"active\\\":true},\\\"tablet\\\":{\\\"offset\\\":0,\\\"width\\\":12,\\\"active\\\":false},\\\"wide\\\":{\\\"offset\\\":0,\\\"width\\\":12,\\\"active\\\":false},\\\"new_row\\\":false,\\\"full_width\\\":false,\\\"v_align\\\":\\\"top\\\"}\",\"v-align\":\"top\",\"richContent\":\"<p>This is content placed on right side thanks to some offset.&nbsp;<a href=\\\"http:\\/\\/emojipedia.org\\/winking-face\\/\\\"><span class=\\\"emoji\\\">\\ud83d\\ude09<\\/span><\\/a><span><\\/span><\\/p>\"}}},\"45\":\"\",\"46\":\"\",\"2\":\"\"}}', '2017-07-03 12:08:36', '2017-07-03 12:08:36', '3c9587fc-acfe-41e4-b958-beca58b2adf7'),
 ('12', '2', '1', '1', 'en_us', '11', '', '{\"typeId\":\"1\",\"authorId\":null,\"title\":\"Welcome to Welance!\",\"slug\":\"homepage\",\"postDate\":1499081953,\"expiryDate\":null,\"enabled\":1,\"parentId\":null,\"fields\":{\"7\":\"\",\"8\":\"\",\"13\":{\"10\":{\"type\":\"richContent\",\"enabled\":\"1\",\"fields\":{\"colWidth\":\"{\\\"mobile\\\":{\\\"offset\\\":0,\\\"width\\\":12,\\\"active\\\":false},\\\"desktop\\\":{\\\"offset\\\":\\\"0\\\",\\\"width\\\":\\\"12\\\",\\\"active\\\":true},\\\"tablet\\\":{\\\"offset\\\":0,\\\"width\\\":12,\\\"active\\\":false},\\\"wide\\\":{\\\"offset\\\":0,\\\"width\\\":12,\\\"active\\\":false},\\\"new_row\\\":false,\\\"full_width\\\":false,\\\"v_align\\\":\\\"top\\\"}\",\"v-align\":\"top\",\"richContent\":\"<h2>This is an example Homepage&nbsp;\\u270c\\ufe0f<\\/h2>\"}},\"12\":{\"type\":\"richContent\",\"enabled\":\"1\",\"fields\":{\"colWidth\":\"{\\\"mobile\\\":{\\\"offset\\\":0,\\\"width\\\":12,\\\"active\\\":false},\\\"desktop\\\":{\\\"offset\\\":\\\"0\\\",\\\"width\\\":\\\"6\\\",\\\"active\\\":true},\\\"tablet\\\":{\\\"offset\\\":0,\\\"width\\\":12,\\\"active\\\":false},\\\"wide\\\":{\\\"offset\\\":0,\\\"width\\\":12,\\\"active\\\":false},\\\"new_row\\\":false,\\\"full_width\\\":false,\\\"v_align\\\":\\\"top\\\"}\",\"v-align\":\"top\",\"richContent\":\"<p>This is a content element...but only on desktop it\'s shown as a \\\"different column\\\"&nbsp;;)<\\/p>\"}},\"11\":{\"type\":\"richContent\",\"enabled\":\"1\",\"fields\":{\"colWidth\":\"{\\\"mobile\\\":{\\\"offset\\\":0,\\\"width\\\":12,\\\"active\\\":false},\\\"desktop\\\":{\\\"offset\\\":\\\"0\\\",\\\"width\\\":\\\"6\\\",\\\"active\\\":true},\\\"tablet\\\":{\\\"offset\\\":0,\\\"width\\\":12,\\\"active\\\":false},\\\"wide\\\":{\\\"offset\\\":0,\\\"width\\\":12,\\\"active\\\":false},\\\"new_row\\\":false,\\\"full_width\\\":false,\\\"v_align\\\":\\\"top\\\"}\",\"v-align\":\"top\",\"richContent\":\"<p>This is a content element, shifted a bit on the right side of the page...but only on desktop!<\\/p>\\r\\n<p>Sed ut perspiciatis unde omnis iste natus error sit voluptatem accusantium doloremque laudantium, totam rem aperiam, eaque ipsa quae ab illo inventore veritatis et quasi architecto beatae vitae dicta sunt explicabo. Nemo enim ipsam voluptatem quia voluptas sit aspernatur aut odit aut fugit, sed quia consequuntur magni dolores eos qui ratione voluptatem sequi nesciunt. Neque porro quisquam est, qui dolorem ipsum quia dolor sit amet, consectetur, adipisci velit, sed quia non numquam eius modi tempora incidunt ut labore et dolore magnam aliquam quaerat voluptatem. Ut enim ad minima veniam, quis nostrum exercitationem ullam corporis suscipit laboriosam, nisi ut aliquid ex ea commodi consequatur? Quis autem vel eum iure reprehenderit qui in ea voluptate velit esse quam nihil molestiae consequatur, vel illum qui dolorem eum fugiat quo voluptas nulla pariatur?<br><\\/p>\"}},\"13\":{\"type\":\"richContent\",\"enabled\":\"1\",\"fields\":{\"colWidth\":\"{\\\"mobile\\\":{\\\"offset\\\":0,\\\"width\\\":12,\\\"active\\\":false},\\\"desktop\\\":{\\\"offset\\\":\\\"6\\\",\\\"width\\\":\\\"12\\\",\\\"active\\\":true},\\\"tablet\\\":{\\\"offset\\\":0,\\\"width\\\":12,\\\"active\\\":false},\\\"wide\\\":{\\\"offset\\\":0,\\\"width\\\":12,\\\"active\\\":false},\\\"new_row\\\":false,\\\"full_width\\\":false,\\\"v_align\\\":\\\"top\\\"}\",\"v-align\":\"top\",\"richContent\":\"<p>This is content placed on right side thanks to some offset.&nbsp;<a href=\\\"http:\\/\\/emojipedia.org\\/winking-face\\/\\\">\\ud83d\\ude09<\\/a><\\/p>\"}}},\"45\":\"\",\"46\":\"\",\"2\":\"\"}}', '2017-07-03 12:09:35', '2017-07-03 12:09:35', '25d20733-6a01-4040-be93-96a33f01e9e5'),
 ('13', '14', '3', '1', 'en_us', '1', '', '{\"typeId\":\"3\",\"authorId\":\"1\",\"title\":\"This is a news\",\"slug\":\"this-is-a-news\",\"postDate\":1499083829,\"expiryDate\":null,\"enabled\":1,\"parentId\":null,\"fields\":{\"3\":\"\",\"7\":\"\",\"8\":\"\",\"13\":{\"new1\":{\"type\":\"richContent\",\"enabled\":\"1\",\"fields\":{\"colWidth\":\"\",\"v-align\":\"top\",\"richContent\":\"<h2><a href=\\\"http:\\/\\/emojipedia.org\\/victory-hand\\/\\\"><span class=\\\"emoji\\\"><\\/span><\\/a><\\/h2><p>This is a content element.<\\/p>\\r\\n<p>Sed ut perspiciatis unde omnis iste natus error sit voluptatem accusantium doloremque laudantium, totam rem aperiam, eaque ipsa quae ab illo inventore veritatis et quasi architecto beatae vitae dicta sunt explicabo. Nemo enim ipsam voluptatem quia voluptas sit aspernatur aut odit aut fugit, sed quia consequuntur magni dolores eos qui ratione voluptatem sequi nesciunt. Neque porro quisquam est, qui dolorem ipsum quia dolor sit amet, consectetur, adipisci velit, sed quia non numquam eius modi tempora incidunt ut labore et dolore magnam aliquam quaerat voluptatem. Ut enim ad minima veniam, quis nostrum exercitationem ullam corporis suscipit laboriosam, nisi ut aliquid ex ea commodi consequatur? Quis autem vel eum iure reprehenderit qui in ea voluptate velit esse quam nihil molestiae consequatur, vel illum qui dolorem eum fugiat quo voluptas nulla pariatur?<\\/p><h2><\\/h2>\"}}},\"45\":\"\",\"46\":\"\",\"2\":\"\"}}', '2017-07-03 12:10:29', '2017-07-03 12:10:29', '0cb4b88f-9dc1-419b-b89f-cb8fe17fa51a'),
 ('14', '16', '3', '1', 'en_us', '1', '', '{\"typeId\":\"5\",\"authorId\":\"1\",\"title\":\"This is a podcast\",\"slug\":\"this-is-a-podcast\",\"postDate\":1499084031,\"expiryDate\":null,\"enabled\":1,\"parentId\":null,\"fields\":{\"3\":\"\",\"6\":\"\",\"7\":\"\",\"8\":\"\",\"13\":\"\",\"45\":\"\",\"46\":\"\",\"2\":\"\"}}', '2017-07-03 12:13:51', '2017-07-03 12:13:51', 'adb99b7d-22df-4816-bf68-75eb1cc13b83'),
 ('15', '17', '5', '1', 'en_us', '1', '', '{\"typeId\":null,\"authorId\":\"1\",\"title\":\"Example PAge\",\"slug\":\"example-page\",\"postDate\":1499084176,\"expiryDate\":null,\"enabled\":1,\"parentId\":\"\",\"fields\":{\"7\":\"\",\"8\":\"\",\"13\":{\"new1\":{\"type\":\"richContent\",\"enabled\":\"1\",\"fields\":{\"colWidth\":\"{\\\"mobile\\\":{\\\"offset\\\":0,\\\"width\\\":12,\\\"active\\\":false},\\\"desktop\\\":{\\\"offset\\\":\\\"0\\\",\\\"width\\\":\\\"12\\\",\\\"active\\\":true},\\\"tablet\\\":{\\\"offset\\\":0,\\\"width\\\":12,\\\"active\\\":false},\\\"wide\\\":{\\\"offset\\\":0,\\\"width\\\":12,\\\"active\\\":false},\\\"new_row\\\":false,\\\"full_width\\\":false,\\\"v_align\\\":\\\"top\\\"}\",\"v-align\":\"top\",\"richContent\":\"<h2>This could be an example page<\\/h2><p>With some content as usual<\\/p>\"}}},\"45\":\"\",\"46\":\"\",\"2\":\"\"}}', '2017-07-03 12:16:16', '2017-07-03 12:16:16', '02de108b-edde-4740-9d2f-3c5dbbaa4cc5'),
 ('16', '17', '5', '1', 'en_us', '2', '', '{\"typeId\":\"7\",\"authorId\":\"1\",\"title\":\"Example Page\",\"slug\":\"example-page\",\"postDate\":1499084160,\"expiryDate\":null,\"enabled\":1,\"parentId\":\"\",\"fields\":{\"7\":\"\",\"8\":\"\",\"13\":{\"18\":{\"type\":\"richContent\",\"enabled\":\"1\",\"fields\":{\"colWidth\":\"{\\\"mobile\\\":{\\\"offset\\\":0,\\\"width\\\":12,\\\"active\\\":false},\\\"desktop\\\":{\\\"offset\\\":\\\"0\\\",\\\"width\\\":\\\"12\\\",\\\"active\\\":true},\\\"tablet\\\":{\\\"offset\\\":0,\\\"width\\\":12,\\\"active\\\":false},\\\"wide\\\":{\\\"offset\\\":0,\\\"width\\\":12,\\\"active\\\":false},\\\"new_row\\\":false,\\\"full_width\\\":false,\\\"v_align\\\":\\\"top\\\"}\",\"v-align\":\"top\",\"richContent\":\"<h2>This could be an example page<\\/h2>\\r\\n<p>With some content as usual<\\/p>\"}}},\"45\":\"\",\"46\":\"\",\"2\":\"\"}}', '2017-07-03 12:16:27', '2017-07-03 12:16:27', '31fa7735-6cdc-4e8c-8ed1-fb73d2829a00'),
 ('17', '19', '5', '1', 'en_us', '1', '', '{\"typeId\":null,\"authorId\":\"1\",\"title\":\"Example Page\",\"slug\":\"example-page-1\",\"postDate\":1499084160,\"expiryDate\":null,\"enabled\":1,\"parentId\":\"\",\"fields\":{\"7\":\"\",\"8\":\"\",\"13\":{\"18\":{\"type\":\"richContent\",\"enabled\":\"1\",\"fields\":{\"colWidth\":\"{\\\"mobile\\\":{\\\"offset\\\":0,\\\"width\\\":12,\\\"active\\\":false},\\\"desktop\\\":{\\\"offset\\\":\\\"0\\\",\\\"width\\\":\\\"12\\\",\\\"active\\\":true},\\\"tablet\\\":{\\\"offset\\\":0,\\\"width\\\":12,\\\"active\\\":false},\\\"wide\\\":{\\\"offset\\\":0,\\\"width\\\":12,\\\"active\\\":false},\\\"new_row\\\":false,\\\"full_width\\\":false,\\\"v_align\\\":\\\"top\\\"}\",\"v-align\":\"top\",\"richContent\":\"<h2>This could be an example page<\\/h2>\\r\\n<p>With some content as usual<\\/p>\"}}},\"45\":\"\",\"46\":\"\",\"2\":\"\"}}', '2017-07-03 12:16:40', '2017-07-03 12:16:40', 'a16dd3eb-a452-41d0-9c9b-b917faf59cf6'),
 ('18', '19', '5', '1', 'en_us', '2', '', '{\"typeId\":\"7\",\"authorId\":\"1\",\"title\":\"Example Page 2\",\"slug\":\"example-page-2\",\"postDate\":1499084160,\"expiryDate\":null,\"enabled\":1,\"parentId\":\"\",\"fields\":{\"7\":\"\",\"8\":\"\",\"13\":{\"20\":{\"type\":\"richContent\",\"enabled\":\"1\",\"fields\":{\"colWidth\":\"{\\\"mobile\\\":{\\\"offset\\\":0,\\\"width\\\":12,\\\"active\\\":false},\\\"desktop\\\":{\\\"offset\\\":\\\"0\\\",\\\"width\\\":\\\"12\\\",\\\"active\\\":true},\\\"tablet\\\":{\\\"offset\\\":0,\\\"width\\\":12,\\\"active\\\":false},\\\"wide\\\":{\\\"offset\\\":0,\\\"width\\\":12,\\\"active\\\":false},\\\"new_row\\\":false,\\\"full_width\\\":false,\\\"v_align\\\":\\\"top\\\"}\",\"v-align\":\"top\",\"richContent\":\"<h2>This is an example page #2<\\/h2>\\r\\n<p>With some content as usual<\\/p>\"}}},\"45\":\"\",\"46\":\"\",\"2\":\"\"}}', '2017-07-03 12:16:57', '2017-07-03 12:16:57', 'e55121b4-f556-47fc-b7bd-e480e9273a19'),
 ('19', '21', '5', '1', 'en_us', '1', '', '{\"typeId\":null,\"authorId\":\"1\",\"title\":\"Example Page 2\",\"slug\":\"example-page-2-1\",\"postDate\":1499084160,\"expiryDate\":null,\"enabled\":1,\"parentId\":\"\",\"fields\":{\"7\":\"\",\"8\":\"\",\"13\":{\"20\":{\"type\":\"richContent\",\"enabled\":\"1\",\"fields\":{\"colWidth\":\"{\\\"mobile\\\":{\\\"offset\\\":0,\\\"width\\\":12,\\\"active\\\":false},\\\"desktop\\\":{\\\"offset\\\":\\\"0\\\",\\\"width\\\":\\\"12\\\",\\\"active\\\":true},\\\"tablet\\\":{\\\"offset\\\":0,\\\"width\\\":12,\\\"active\\\":false},\\\"wide\\\":{\\\"offset\\\":0,\\\"width\\\":12,\\\"active\\\":false},\\\"new_row\\\":false,\\\"full_width\\\":false,\\\"v_align\\\":\\\"top\\\"}\",\"v-align\":\"top\",\"richContent\":\"<h2>This is an example page #2<\\/h2>\\r\\n<p>With some content as usual<\\/p>\"}}},\"45\":\"\",\"46\":\"\",\"2\":\"\"}}', '2017-07-03 12:17:10', '2017-07-03 12:17:10', '3181cac2-ec7f-4f0b-a92f-c86f7e651740'),
 ('20', '21', '5', '1', 'en_us', '2', '', '{\"typeId\":\"7\",\"authorId\":\"1\",\"title\":\"SubPage of Page #2\",\"slug\":\"example-page-2-1\",\"postDate\":1499084160,\"expiryDate\":null,\"enabled\":1,\"parentId\":\"19\",\"fields\":{\"7\":\"\",\"8\":\"\",\"13\":{\"22\":{\"type\":\"richContent\",\"enabled\":\"1\",\"fields\":{\"colWidth\":\"{\\\"mobile\\\":{\\\"offset\\\":0,\\\"width\\\":12,\\\"active\\\":false},\\\"desktop\\\":{\\\"offset\\\":\\\"0\\\",\\\"width\\\":\\\"12\\\",\\\"active\\\":true},\\\"tablet\\\":{\\\"offset\\\":0,\\\"width\\\":12,\\\"active\\\":false},\\\"wide\\\":{\\\"offset\\\":0,\\\"width\\\":12,\\\"active\\\":false},\\\"new_row\\\":false,\\\"full_width\\\":false,\\\"v_align\\\":\\\"top\\\"}\",\"v-align\":\"top\",\"richContent\":\"<h2>This is a subpage of page #2<\\/h2>\\r\\n<p>With some content as usual<\\/p>\"}}},\"45\":\"\",\"46\":\"\",\"2\":\"\"}}', '2017-07-03 12:17:34', '2017-07-03 12:17:34', 'adcc2cc4-b2b2-4c89-a22e-28c7bd47e1d1'),
 ('21', '21', '5', '1', 'en_us', '3', '', '{\"typeId\":\"7\",\"authorId\":\"1\",\"title\":\"SubPage of Page #2\",\"slug\":\"example-page-2-1\",\"postDate\":1499084160,\"expiryDate\":null,\"enabled\":1,\"parentId\":\"19\",\"fields\":{\"7\":\"\",\"8\":\"\",\"13\":{\"22\":{\"type\":\"richContent\",\"enabled\":\"1\",\"fields\":{\"colWidth\":\"{\\\"mobile\\\":{\\\"offset\\\":0,\\\"width\\\":12,\\\"active\\\":false},\\\"desktop\\\":{\\\"offset\\\":\\\"0\\\",\\\"width\\\":\\\"12\\\",\\\"active\\\":true},\\\"tablet\\\":{\\\"offset\\\":0,\\\"width\\\":12,\\\"active\\\":false},\\\"wide\\\":{\\\"offset\\\":0,\\\"width\\\":12,\\\"active\\\":false},\\\"new_row\\\":false,\\\"full_width\\\":false,\\\"v_align\\\":\\\"top\\\"}\",\"v-align\":\"top\",\"richContent\":\"<h2>This is a subpage of page #2<\\/h2>\\r\\n<p>With some content as usual<\\/p>\"}},\"new1\":{\"type\":\"hero\",\"enabled\":\"1\",\"fields\":{\"colWidth\":\"\",\"v-align\":\"top\",\"mode\":\"contained-margins\",\"backgroundColor\":\"#000000\",\"mainTitle\":\"\",\"text\":\"<p>afasfasfasf<\\/p>\",\"medias\":[\"23\"],\"mediasPosition\":\"left\",\"mediaRatio\":\"1-1\"}}},\"45\":\"\",\"46\":\"\",\"2\":\"\"}}', '2017-07-03 12:59:28', '2017-07-03 12:59:28', '65274c49-ced0-4432-86bc-c9b8d836fff6'),
 ('22', '21', '5', '1', 'en_us', '4', '', '{\"typeId\":\"7\",\"authorId\":\"1\",\"title\":\"SubPage of Page #2\",\"slug\":\"example-page-2-1\",\"postDate\":1499084160,\"expiryDate\":null,\"enabled\":1,\"parentId\":\"19\",\"fields\":{\"7\":\"\",\"8\":\"\",\"13\":{\"22\":{\"type\":\"richContent\",\"enabled\":\"1\",\"fields\":{\"colWidth\":\"{\\\"mobile\\\":{\\\"offset\\\":0,\\\"width\\\":12,\\\"active\\\":false},\\\"desktop\\\":{\\\"offset\\\":\\\"0\\\",\\\"width\\\":\\\"12\\\",\\\"active\\\":true},\\\"tablet\\\":{\\\"offset\\\":0,\\\"width\\\":12,\\\"active\\\":false},\\\"wide\\\":{\\\"offset\\\":0,\\\"width\\\":12,\\\"active\\\":false},\\\"new_row\\\":false,\\\"full_width\\\":false,\\\"v_align\\\":\\\"top\\\"}\",\"v-align\":\"top\",\"richContent\":\"<h2>This is a subpage of page #2<\\/h2>\\r\\n<p>With some content as usual<\\/p>\"}}},\"45\":\"\",\"46\":\"\",\"2\":\"\"}}', '2017-07-03 12:59:59', '2017-07-03 12:59:59', '128942c0-e02f-4af6-ad56-05fe6959cadb'),
 ('23', '21', '5', '1', 'en_us', '5', '', '{\"typeId\":\"7\",\"authorId\":\"1\",\"title\":\"SubPage of Page #2\",\"slug\":\"example-page-2-1\",\"postDate\":1499084160,\"expiryDate\":null,\"enabled\":1,\"parentId\":\"19\",\"fields\":{\"7\":\"\",\"8\":\"\",\"13\":{\"22\":{\"type\":\"richContent\",\"enabled\":\"1\",\"fields\":{\"colWidth\":\"{\\\"mobile\\\":{\\\"offset\\\":0,\\\"width\\\":12,\\\"active\\\":false},\\\"desktop\\\":{\\\"offset\\\":\\\"0\\\",\\\"width\\\":\\\"12\\\",\\\"active\\\":true},\\\"tablet\\\":{\\\"offset\\\":0,\\\"width\\\":12,\\\"active\\\":false},\\\"wide\\\":{\\\"offset\\\":0,\\\"width\\\":12,\\\"active\\\":false},\\\"new_row\\\":false,\\\"full_width\\\":false,\\\"v_align\\\":\\\"top\\\"}\",\"v-align\":\"top\",\"richContent\":\"<h2>This is a subpage of page #2<\\/h2>\\r\\n<p>With some content as usual<\\/p>\"}},\"new1\":{\"type\":\"hero\",\"enabled\":\"1\",\"fields\":{\"colWidth\":\"\",\"v-align\":\"top\",\"mode\":\"contained-margins\",\"backgroundColor\":\"#000000\",\"mainTitle\":\"\",\"text\":\"<p>asasfas<\\/p>\",\"medias\":\"\",\"mediasPosition\":\"left\",\"mediaRatio\":\"1-1\"}}},\"45\":\"\",\"46\":\"\",\"2\":\"\"}}', '2017-07-03 13:08:20', '2017-07-03 13:08:20', 'cb67ed3f-2dfe-4338-bb39-613087211ba2'),
 ('24', '21', '5', '1', 'en_us', '6', '', '{\"typeId\":\"7\",\"authorId\":\"1\",\"title\":\"SubPage of Page #2\",\"slug\":\"example-page-2-1\",\"postDate\":1499084160,\"expiryDate\":null,\"enabled\":1,\"parentId\":\"19\",\"fields\":{\"7\":\"\",\"8\":\"\",\"13\":{\"22\":{\"type\":\"richContent\",\"enabled\":\"1\",\"fields\":{\"colWidth\":\"{\\\"mobile\\\":{\\\"offset\\\":0,\\\"width\\\":12,\\\"active\\\":false},\\\"desktop\\\":{\\\"offset\\\":\\\"0\\\",\\\"width\\\":\\\"12\\\",\\\"active\\\":true},\\\"tablet\\\":{\\\"offset\\\":0,\\\"width\\\":12,\\\"active\\\":false},\\\"wide\\\":{\\\"offset\\\":0,\\\"width\\\":12,\\\"active\\\":false},\\\"new_row\\\":false,\\\"full_width\\\":false,\\\"v_align\\\":\\\"top\\\"}\",\"v-align\":\"top\",\"richContent\":\"<h2>This is a subpage of page #2<\\/h2>\\r\\n<p>With some content as usual<\\/p>\"}},\"25\":{\"type\":\"hero\",\"enabled\":\"1\",\"fields\":{\"colWidth\":\"\",\"v-align\":\"top\",\"mode\":\"contained-margins\",\"backgroundColor\":\"#000000\",\"mainTitle\":\"\",\"text\":\"<p>asasfas<\\/p>\",\"medias\":[\"26\"],\"mediasPosition\":\"left\",\"mediaRatio\":\"1-1\"}}},\"45\":\"\",\"46\":\"\",\"2\":\"\"}}', '2017-07-03 13:10:59', '2017-07-03 13:10:59', '4f860385-c0ec-42eb-a13f-ca2eff433ae1'),
 ('25', '21', '5', '1', 'en_us', '7', '', '{\"typeId\":\"7\",\"authorId\":\"1\",\"title\":\"SubPage of Page #2\",\"slug\":\"example-page-2-1\",\"postDate\":1499084160,\"expiryDate\":null,\"enabled\":1,\"parentId\":\"19\",\"fields\":{\"7\":\"\",\"8\":\"\",\"13\":{\"22\":{\"type\":\"richContent\",\"enabled\":\"1\",\"fields\":{\"colWidth\":\"{\\\"mobile\\\":{\\\"offset\\\":0,\\\"width\\\":12,\\\"active\\\":false},\\\"desktop\\\":{\\\"offset\\\":\\\"0\\\",\\\"width\\\":\\\"12\\\",\\\"active\\\":true},\\\"tablet\\\":{\\\"offset\\\":0,\\\"width\\\":12,\\\"active\\\":false},\\\"wide\\\":{\\\"offset\\\":0,\\\"width\\\":12,\\\"active\\\":false},\\\"new_row\\\":false,\\\"full_width\\\":false,\\\"v_align\\\":\\\"top\\\"}\",\"v-align\":\"top\",\"richContent\":\"<h2>This is a subpage of page #2<\\/h2>\\r\\n<p>With some content as usual<\\/p>\"}}},\"45\":\"\",\"46\":\"\",\"2\":\"\"}}', '2017-07-03 13:17:55', '2017-07-03 13:17:55', '862a7785-e9ee-4e30-9364-e318fb34f79e'),
 ('26', '16', '3', '1', 'en_us', '2', '', '{\"typeId\":\"5\",\"authorId\":\"1\",\"title\":\"This is a podcast\",\"slug\":\"this-is-a-podcast\",\"postDate\":1499083980,\"expiryDate\":null,\"enabled\":1,\"parentId\":null,\"fields\":{\"3\":\"\",\"6\":\"\",\"7\":[\"27\"],\"8\":\"\",\"13\":\"\",\"45\":\"\",\"46\":\"\",\"2\":\"\"}}', '2017-07-03 13:21:07', '2017-07-03 13:21:07', '47e5fc9e-1d0a-4ad6-81c4-b015ece8c9cc'),
 ('27', '16', '3', '1', 'en_us', '3', '', '{\"typeId\":\"5\",\"authorId\":\"1\",\"title\":\"This is a podcast\",\"slug\":\"this-is-a-podcast\",\"postDate\":1499083980,\"expiryDate\":null,\"enabled\":1,\"parentId\":null,\"fields\":{\"3\":\"\",\"6\":\"\",\"7\":\"\",\"8\":\"\",\"13\":\"\",\"45\":\"\",\"46\":\"\",\"2\":\"\"}}', '2017-07-03 13:22:28', '2017-07-03 13:22:28', '0751782f-1b2c-4e3c-8001-b11738c69a8a'),
 ('28', '2', '1', '1', 'en_us', '12', '', '{\"typeId\":\"1\",\"authorId\":null,\"title\":\"Welcome to Welance CraftCMS Starter!\",\"slug\":\"homepage\",\"postDate\":1499081953,\"expiryDate\":null,\"enabled\":1,\"parentId\":null,\"fields\":{\"7\":\"\",\"8\":\"\",\"13\":{\"10\":{\"type\":\"richContent\",\"enabled\":\"1\",\"fields\":{\"colWidth\":\"{\\\"mobile\\\":{\\\"offset\\\":0,\\\"width\\\":12,\\\"active\\\":false},\\\"desktop\\\":{\\\"offset\\\":\\\"0\\\",\\\"width\\\":\\\"12\\\",\\\"active\\\":true},\\\"tablet\\\":{\\\"offset\\\":0,\\\"width\\\":12,\\\"active\\\":false},\\\"wide\\\":{\\\"offset\\\":0,\\\"width\\\":12,\\\"active\\\":false},\\\"new_row\\\":false,\\\"full_width\\\":false,\\\"v_align\\\":\\\"top\\\"}\",\"v-align\":\"top\",\"richContent\":\"<h2>This is an example Homepage&nbsp;\\u270c\\ufe0f<\\/h2>\"}},\"12\":{\"type\":\"richContent\",\"enabled\":\"1\",\"fields\":{\"colWidth\":\"{\\\"mobile\\\":{\\\"offset\\\":0,\\\"width\\\":12,\\\"active\\\":false},\\\"desktop\\\":{\\\"offset\\\":\\\"0\\\",\\\"width\\\":\\\"6\\\",\\\"active\\\":true},\\\"tablet\\\":{\\\"offset\\\":0,\\\"width\\\":12,\\\"active\\\":false},\\\"wide\\\":{\\\"offset\\\":0,\\\"width\\\":12,\\\"active\\\":false},\\\"new_row\\\":false,\\\"full_width\\\":false,\\\"v_align\\\":\\\"top\\\"}\",\"v-align\":\"top\",\"richContent\":\"<p>This is a content element...but only on desktop it\'s shown as a \\\"different column\\\"&nbsp;;)<\\/p><p><strong>IMPORTANT: <\\/strong>This craftCMS starter is using a <strong>paid font<\\/strong>&nbsp;(Maison Neue Book) for which welance only owns a license for only one website (<a href=\\\"http:\\/\\/welance.com\\\" target=\\\"_blank\\\">welance.com<\\/a>).&nbsp;So please, make sure to <strong>change it<\\/strong>&nbsp;(or pay a new license) before publishing this website. <\\/p><h2><a href=\\\"http:\\/\\/emojipedia.org\\/person-with-folded-hands\\/\\\"><span class=\\\"emoji\\\">\\ud83d\\ude4f<\\/span>&nbsp;<\\/a>Thanks!<\\/h2>\"}},\"11\":{\"type\":\"richContent\",\"enabled\":\"1\",\"fields\":{\"colWidth\":\"{\\\"mobile\\\":{\\\"offset\\\":0,\\\"width\\\":12,\\\"active\\\":false},\\\"desktop\\\":{\\\"offset\\\":\\\"0\\\",\\\"width\\\":\\\"6\\\",\\\"active\\\":true},\\\"tablet\\\":{\\\"offset\\\":0,\\\"width\\\":12,\\\"active\\\":false},\\\"wide\\\":{\\\"offset\\\":0,\\\"width\\\":12,\\\"active\\\":false},\\\"new_row\\\":false,\\\"full_width\\\":false,\\\"v_align\\\":\\\"top\\\"}\",\"v-align\":\"top\",\"richContent\":\"<p>This is a content element, shifted a bit on the right side of the page...but only on desktop!<\\/p>\\r\\n<p>Sed ut perspiciatis unde omnis iste natus error sit voluptatem accusantium doloremque laudantium, totam rem aperiam, eaque ipsa quae ab illo inventore veritatis et quasi architecto beatae vitae dicta sunt explicabo. Nemo enim ipsam voluptatem quia voluptas sit aspernatur aut odit aut fugit, sed quia consequuntur magni dolores eos qui ratione voluptatem sequi nesciunt. Neque porro quisquam est, qui dolorem ipsum quia dolor sit amet, consectetur, adipisci velit, sed quia non numquam eius modi tempora incidunt ut labore et dolore magnam aliquam quaerat voluptatem. Ut enim ad minima veniam, quis nostrum exercitationem ullam corporis suscipit laboriosam, nisi ut aliquid ex ea commodi consequatur? Quis autem vel eum iure reprehenderit qui in ea voluptate velit esse quam nihil molestiae consequatur, vel illum qui dolorem eum fugiat quo voluptas nulla pariatur?<br><\\/p>\"}},\"13\":{\"type\":\"richContent\",\"enabled\":\"1\",\"fields\":{\"colWidth\":\"{\\\"mobile\\\":{\\\"offset\\\":0,\\\"width\\\":12,\\\"active\\\":false},\\\"desktop\\\":{\\\"offset\\\":\\\"6\\\",\\\"width\\\":\\\"12\\\",\\\"active\\\":true},\\\"tablet\\\":{\\\"offset\\\":0,\\\"width\\\":12,\\\"active\\\":false},\\\"wide\\\":{\\\"offset\\\":0,\\\"width\\\":12,\\\"active\\\":false},\\\"new_row\\\":false,\\\"full_width\\\":false,\\\"v_align\\\":\\\"top\\\"}\",\"v-align\":\"top\",\"richContent\":\"<p>This is content placed on right side thanks to some offset.&nbsp;<a href=\\\"http:\\/\\/emojipedia.org\\/winking-face\\/\\\">\\ud83d\\ude09<\\/a><\\/p>\"}}},\"45\":\"\",\"46\":\"\",\"2\":\"\"}}', '2017-07-03 13:47:26', '2017-07-03 13:47:26', '7571fe07-4804-41c0-a182-4a6737120116'),
 ('29', '2', '1', '1', 'en_us', '13', '', '{\"typeId\":\"1\",\"authorId\":null,\"title\":\"Welcome to Welance CraftCMS Starter!\",\"slug\":\"homepage\",\"postDate\":1499081953,\"expiryDate\":null,\"enabled\":1,\"parentId\":null,\"fields\":{\"7\":\"\",\"8\":\"\",\"13\":{\"10\":{\"type\":\"richContent\",\"enabled\":\"1\",\"fields\":{\"colWidth\":\"{\\\"mobile\\\":{\\\"offset\\\":0,\\\"width\\\":12,\\\"active\\\":false},\\\"desktop\\\":{\\\"offset\\\":\\\"0\\\",\\\"width\\\":\\\"12\\\",\\\"active\\\":true},\\\"tablet\\\":{\\\"offset\\\":0,\\\"width\\\":12,\\\"active\\\":false},\\\"wide\\\":{\\\"offset\\\":0,\\\"width\\\":12,\\\"active\\\":false},\\\"new_row\\\":false,\\\"full_width\\\":false,\\\"v_align\\\":\\\"top\\\"}\",\"v-align\":\"top\",\"richContent\":\"<h2>This is an example Homepage&nbsp;\\u270c\\ufe0f<\\/h2>\"}},\"12\":{\"type\":\"richContent\",\"enabled\":\"1\",\"fields\":{\"colWidth\":\"{\\\"mobile\\\":{\\\"offset\\\":0,\\\"width\\\":12,\\\"active\\\":false},\\\"desktop\\\":{\\\"offset\\\":\\\"0\\\",\\\"width\\\":\\\"6\\\",\\\"active\\\":true},\\\"tablet\\\":{\\\"offset\\\":0,\\\"width\\\":12,\\\"active\\\":false},\\\"wide\\\":{\\\"offset\\\":0,\\\"width\\\":12,\\\"active\\\":false},\\\"new_row\\\":false,\\\"full_width\\\":false,\\\"v_align\\\":\\\"top\\\"}\",\"v-align\":\"top\",\"richContent\":\"<p>This is a content element...but only on desktop it\'s shown as a \\\"different column\\\"&nbsp;;)<\\/p>\\r\\n<p><strong>IMPORTANT: <\\/strong>This craftCMS starter is using a <strong>paid font<\\/strong>&nbsp;(Maison Neue Book) for which welance only owns a license for only one website (<a href=\\\"http:\\/\\/welance.com\\\" target=\\\"_blank\\\">welance.com<\\/a>).&nbsp;So please, make sure to <strong>change it<\\/strong>&nbsp;(or pay a new license) before publishing this website. <\\/p>\\r\\n<h4><a href=\\\"http:\\/\\/emojipedia.org\\/person-with-folded-hands\\/\\\">\\ud83d\\ude4f&nbsp;<\\/a>Thanks!<\\/h4>\"}},\"11\":{\"type\":\"richContent\",\"enabled\":\"1\",\"fields\":{\"colWidth\":\"{\\\"mobile\\\":{\\\"offset\\\":0,\\\"width\\\":12,\\\"active\\\":false},\\\"desktop\\\":{\\\"offset\\\":\\\"0\\\",\\\"width\\\":\\\"6\\\",\\\"active\\\":true},\\\"tablet\\\":{\\\"offset\\\":0,\\\"width\\\":12,\\\"active\\\":false},\\\"wide\\\":{\\\"offset\\\":0,\\\"width\\\":12,\\\"active\\\":false},\\\"new_row\\\":false,\\\"full_width\\\":false,\\\"v_align\\\":\\\"top\\\"}\",\"v-align\":\"top\",\"richContent\":\"<p>This is a content element, shifted a bit on the right side of the page...but only on desktop!<\\/p>\\r\\n<p>Sed ut perspiciatis unde omnis iste natus error sit voluptatem accusantium doloremque laudantium, totam rem aperiam, eaque ipsa quae ab illo inventore veritatis et quasi architecto beatae vitae dicta sunt explicabo. Nemo enim ipsam voluptatem quia voluptas sit aspernatur aut odit aut fugit, sed quia consequuntur magni dolores eos qui ratione voluptatem sequi nesciunt. Neque porro quisquam est, qui dolorem ipsum quia dolor sit amet, consectetur, adipisci velit, sed quia non numquam eius modi tempora incidunt ut labore et dolore magnam aliquam quaerat voluptatem. Ut enim ad minima veniam, quis nostrum exercitationem ullam corporis suscipit laboriosam, nisi ut aliquid ex ea commodi consequatur? Quis autem vel eum iure reprehenderit qui in ea voluptate velit esse quam nihil molestiae consequatur, vel illum qui dolorem eum fugiat quo voluptas nulla pariatur?<br><\\/p>\"}},\"13\":{\"type\":\"richContent\",\"enabled\":\"1\",\"fields\":{\"colWidth\":\"{\\\"mobile\\\":{\\\"offset\\\":0,\\\"width\\\":12,\\\"active\\\":false},\\\"desktop\\\":{\\\"offset\\\":\\\"6\\\",\\\"width\\\":\\\"12\\\",\\\"active\\\":true},\\\"tablet\\\":{\\\"offset\\\":0,\\\"width\\\":12,\\\"active\\\":false},\\\"wide\\\":{\\\"offset\\\":0,\\\"width\\\":12,\\\"active\\\":false},\\\"new_row\\\":false,\\\"full_width\\\":false,\\\"v_align\\\":\\\"top\\\"}\",\"v-align\":\"top\",\"richContent\":\"<p>This is content placed on right side thanks to some offset.&nbsp;<a href=\\\"http:\\/\\/emojipedia.org\\/winking-face\\/\\\">\\ud83d\\ude09<\\/a><\\/p>\"}}},\"45\":\"\",\"46\":\"\",\"2\":\"\"}}', '2017-07-03 13:47:38', '2017-07-03 13:47:38', '44339b76-a2b9-46f6-9664-b5d2ef2ec545'),
 ('30', '2', '1', '1', 'en_us', '14', '', '{\"typeId\":\"1\",\"authorId\":null,\"title\":\"Welcome to Welance CraftCMS Starter!\",\"slug\":\"homepage\",\"postDate\":1499081953,\"expiryDate\":null,\"enabled\":1,\"parentId\":null,\"fields\":{\"7\":\"\",\"8\":\"\",\"13\":{\"10\":{\"type\":\"richContent\",\"enabled\":\"1\",\"fields\":{\"colWidth\":\"{\\\"mobile\\\":{\\\"offset\\\":0,\\\"width\\\":12,\\\"active\\\":false},\\\"desktop\\\":{\\\"offset\\\":\\\"0\\\",\\\"width\\\":\\\"12\\\",\\\"active\\\":true},\\\"tablet\\\":{\\\"offset\\\":0,\\\"width\\\":12,\\\"active\\\":false},\\\"wide\\\":{\\\"offset\\\":0,\\\"width\\\":12,\\\"active\\\":false},\\\"new_row\\\":false,\\\"full_width\\\":false,\\\"v_align\\\":\\\"top\\\"}\",\"v-align\":\"top\",\"richContent\":\"<h2>This is an example Homepage&nbsp;\\u270c\\ufe0f<\\/h2>\"}},\"12\":{\"type\":\"richContent\",\"enabled\":\"1\",\"fields\":{\"colWidth\":\"{\\\"mobile\\\":{\\\"offset\\\":0,\\\"width\\\":12,\\\"active\\\":false},\\\"desktop\\\":{\\\"offset\\\":\\\"0\\\",\\\"width\\\":\\\"6\\\",\\\"active\\\":true},\\\"tablet\\\":{\\\"offset\\\":0,\\\"width\\\":12,\\\"active\\\":false},\\\"wide\\\":{\\\"offset\\\":0,\\\"width\\\":12,\\\"active\\\":false},\\\"new_row\\\":false,\\\"full_width\\\":false,\\\"v_align\\\":\\\"top\\\"}\",\"v-align\":\"top\",\"richContent\":\"<p>This is a content element...but only on desktop it\'s shown as a \\\"different column\\\"&nbsp;;)<\\/p>\\r\\n<p><strong>IMPORTANT: <\\/strong>This craftCMS starter is using a <strong>paid font<\\/strong>&nbsp;(Maison Neue Book) for which welance only owns a license for only one website (<a href=\\\"http:\\/\\/welance.com\\\" target=\\\"_blank\\\">welance.com<\\/a>).&nbsp;So please, make sure to <strong>change it<\\/strong>&nbsp;(or pay a new license) before publishing this website. <\\/p>\\r\\n<h4>\\ud83d\\ude4f&nbsp;Thanks!<\\/h4>\"}},\"11\":{\"type\":\"richContent\",\"enabled\":\"1\",\"fields\":{\"colWidth\":\"{\\\"mobile\\\":{\\\"offset\\\":0,\\\"width\\\":12,\\\"active\\\":false},\\\"desktop\\\":{\\\"offset\\\":\\\"0\\\",\\\"width\\\":\\\"6\\\",\\\"active\\\":true},\\\"tablet\\\":{\\\"offset\\\":0,\\\"width\\\":12,\\\"active\\\":false},\\\"wide\\\":{\\\"offset\\\":0,\\\"width\\\":12,\\\"active\\\":false},\\\"new_row\\\":false,\\\"full_width\\\":false,\\\"v_align\\\":\\\"top\\\"}\",\"v-align\":\"top\",\"richContent\":\"<p>This is a content element, shifted a bit on the right side of the page...but only on desktop!<\\/p>\\r\\n<p>Sed ut perspiciatis unde omnis iste natus error sit voluptatem accusantium doloremque laudantium, totam rem aperiam, eaque ipsa quae ab illo inventore veritatis et quasi architecto beatae vitae dicta sunt explicabo. Nemo enim ipsam voluptatem quia voluptas sit aspernatur aut odit aut fugit, sed quia consequuntur magni dolores eos qui ratione voluptatem sequi nesciunt. Neque porro quisquam est, qui dolorem ipsum quia dolor sit amet, consectetur, adipisci velit, sed quia non numquam eius modi tempora incidunt ut labore et dolore magnam aliquam quaerat voluptatem. Ut enim ad minima veniam, quis nostrum exercitationem ullam corporis suscipit laboriosam, nisi ut aliquid ex ea commodi consequatur? Quis autem vel eum iure reprehenderit qui in ea voluptate velit esse quam nihil molestiae consequatur, vel illum qui dolorem eum fugiat quo voluptas nulla pariatur?<br><\\/p>\"}},\"13\":{\"type\":\"richContent\",\"enabled\":\"1\",\"fields\":{\"colWidth\":\"{\\\"mobile\\\":{\\\"offset\\\":0,\\\"width\\\":12,\\\"active\\\":false},\\\"desktop\\\":{\\\"offset\\\":\\\"6\\\",\\\"width\\\":\\\"12\\\",\\\"active\\\":true},\\\"tablet\\\":{\\\"offset\\\":0,\\\"width\\\":12,\\\"active\\\":false},\\\"wide\\\":{\\\"offset\\\":0,\\\"width\\\":12,\\\"active\\\":false},\\\"new_row\\\":false,\\\"full_width\\\":false,\\\"v_align\\\":\\\"top\\\"}\",\"v-align\":\"top\",\"richContent\":\"<p>This is content placed on right side thanks to some offset.&nbsp;<a href=\\\"http:\\/\\/emojipedia.org\\/winking-face\\/\\\">\\ud83d\\ude09<\\/a><\\/p>\"}}},\"45\":\"\",\"46\":\"\",\"2\":\"\"}}', '2017-07-03 13:47:54', '2017-07-03 13:47:54', '8f63246e-1b47-460c-ad73-7508e0b13659'),
 ('31', '2', '1', '1', 'en_us', '15', '', '{\"typeId\":\"1\",\"authorId\":null,\"title\":\"Welcome to Welance CraftCMS Starter!\",\"slug\":\"homepage\",\"postDate\":1499081953,\"expiryDate\":null,\"enabled\":1,\"parentId\":null,\"fields\":{\"7\":\"\",\"8\":\"\",\"13\":{\"10\":{\"type\":\"richContent\",\"enabled\":\"1\",\"fields\":{\"colWidth\":\"{\\\"mobile\\\":{\\\"offset\\\":0,\\\"width\\\":12,\\\"active\\\":false},\\\"desktop\\\":{\\\"offset\\\":\\\"0\\\",\\\"width\\\":\\\"12\\\",\\\"active\\\":true},\\\"tablet\\\":{\\\"offset\\\":0,\\\"width\\\":12,\\\"active\\\":false},\\\"wide\\\":{\\\"offset\\\":0,\\\"width\\\":12,\\\"active\\\":false},\\\"new_row\\\":false,\\\"full_width\\\":false,\\\"v_align\\\":\\\"top\\\"}\",\"v-align\":\"top\",\"richContent\":\"<h2>This is an example Homepage&nbsp;\\u270c\\ufe0f<\\/h2>\"}},\"12\":{\"type\":\"richContent\",\"enabled\":\"1\",\"fields\":{\"colWidth\":\"{\\\"mobile\\\":{\\\"offset\\\":0,\\\"width\\\":12,\\\"active\\\":false},\\\"desktop\\\":{\\\"offset\\\":\\\"0\\\",\\\"width\\\":\\\"6\\\",\\\"active\\\":true},\\\"tablet\\\":{\\\"offset\\\":0,\\\"width\\\":12,\\\"active\\\":false},\\\"wide\\\":{\\\"offset\\\":0,\\\"width\\\":12,\\\"active\\\":false},\\\"new_row\\\":false,\\\"full_width\\\":false,\\\"v_align\\\":\\\"top\\\"}\",\"v-align\":\"top\",\"richContent\":\"<p>This is a content element...but only on desktop it\'s shown as a \\\"different column\\\"&nbsp;;)<\\/p>\\r\\n<p><strong>IMPORTANT: <\\/strong>This craftCMS starter is using a <strong>paid font<\\/strong>&nbsp;(Maison Neue Book) for which welance only owns a license for only one website (<a href=\\\"http:\\/\\/welance.com\\\" target=\\\"_blank\\\">welance.com<\\/a>).&nbsp;So please, make sure to <strong>change it<\\/strong>&nbsp;(or pay a new license) before publishing this website. <\\/p><p><br><\\/p><p><br><\\/p>\\r\\n<h4>\\ud83d\\ude4f&nbsp;Thanks!<\\/h4>\"}},\"11\":{\"type\":\"richContent\",\"enabled\":\"1\",\"fields\":{\"colWidth\":\"{\\\"mobile\\\":{\\\"offset\\\":0,\\\"width\\\":12,\\\"active\\\":false},\\\"desktop\\\":{\\\"offset\\\":\\\"0\\\",\\\"width\\\":\\\"6\\\",\\\"active\\\":true},\\\"tablet\\\":{\\\"offset\\\":0,\\\"width\\\":12,\\\"active\\\":false},\\\"wide\\\":{\\\"offset\\\":0,\\\"width\\\":12,\\\"active\\\":false},\\\"new_row\\\":false,\\\"full_width\\\":false,\\\"v_align\\\":\\\"top\\\"}\",\"v-align\":\"top\",\"richContent\":\"<p>This is a content element, shifted a bit on the right side of the page...but only on desktop!<\\/p>\\r\\n<p>Sed ut perspiciatis unde omnis iste natus error sit voluptatem accusantium doloremque laudantium, totam rem aperiam, eaque ipsa quae ab illo inventore veritatis et quasi architecto beatae vitae dicta sunt explicabo. Nemo enim ipsam voluptatem quia voluptas sit aspernatur aut odit aut fugit, sed quia consequuntur magni dolores eos qui ratione voluptatem sequi nesciunt. Neque porro quisquam est, qui dolorem ipsum quia dolor sit amet, consectetur, adipisci velit, sed quia non numquam eius modi tempora incidunt ut labore et dolore magnam aliquam quaerat voluptatem. Ut enim ad minima veniam, quis nostrum exercitationem ullam corporis suscipit laboriosam, nisi ut aliquid ex ea commodi consequatur? Quis autem vel eum iure reprehenderit qui in ea voluptate velit esse quam nihil molestiae consequatur, vel illum qui dolorem eum fugiat quo voluptas nulla pariatur?<br><\\/p>\"}},\"13\":{\"type\":\"richContent\",\"enabled\":\"1\",\"fields\":{\"colWidth\":\"{\\\"mobile\\\":{\\\"offset\\\":0,\\\"width\\\":12,\\\"active\\\":false},\\\"desktop\\\":{\\\"offset\\\":\\\"6\\\",\\\"width\\\":\\\"12\\\",\\\"active\\\":true},\\\"tablet\\\":{\\\"offset\\\":0,\\\"width\\\":12,\\\"active\\\":false},\\\"wide\\\":{\\\"offset\\\":0,\\\"width\\\":12,\\\"active\\\":false},\\\"new_row\\\":false,\\\"full_width\\\":false,\\\"v_align\\\":\\\"top\\\"}\",\"v-align\":\"top\",\"richContent\":\"<p>This is content placed on right side thanks to some offset.&nbsp;<a href=\\\"http:\\/\\/emojipedia.org\\/winking-face\\/\\\">\\ud83d\\ude09<\\/a><\\/p>\"}}},\"45\":\"\",\"46\":\"\",\"2\":\"\"}}', '2017-07-03 13:48:02', '2017-07-03 13:48:02', 'e2ed9fef-d699-4cc5-a9d1-ea6aaf3273d4'),
 ('32', '2', '1', '1', 'en_us', '16', '', '{\"typeId\":\"1\",\"authorId\":null,\"title\":\"Welcome to Welance CraftCMS Starter!\",\"slug\":\"homepage\",\"postDate\":1499081953,\"expiryDate\":null,\"enabled\":1,\"parentId\":null,\"fields\":{\"7\":\"\",\"8\":\"\",\"13\":{\"10\":{\"type\":\"richContent\",\"enabled\":\"1\",\"fields\":{\"colWidth\":\"{\\\"mobile\\\":{\\\"offset\\\":0,\\\"width\\\":12,\\\"active\\\":false},\\\"desktop\\\":{\\\"offset\\\":\\\"0\\\",\\\"width\\\":\\\"12\\\",\\\"active\\\":true},\\\"tablet\\\":{\\\"offset\\\":0,\\\"width\\\":12,\\\"active\\\":false},\\\"wide\\\":{\\\"offset\\\":0,\\\"width\\\":12,\\\"active\\\":false},\\\"new_row\\\":false,\\\"full_width\\\":false,\\\"v_align\\\":\\\"top\\\"}\",\"v-align\":\"top\",\"richContent\":\"<h2>This is an example Homepage&nbsp;\\u270c\\ufe0f<\\/h2>\"}},\"12\":{\"type\":\"richContent\",\"enabled\":\"1\",\"fields\":{\"colWidth\":\"{\\\"mobile\\\":{\\\"offset\\\":0,\\\"width\\\":12,\\\"active\\\":false},\\\"desktop\\\":{\\\"offset\\\":\\\"0\\\",\\\"width\\\":\\\"6\\\",\\\"active\\\":true},\\\"tablet\\\":{\\\"offset\\\":0,\\\"width\\\":12,\\\"active\\\":false},\\\"wide\\\":{\\\"offset\\\":0,\\\"width\\\":12,\\\"active\\\":false},\\\"new_row\\\":false,\\\"full_width\\\":false,\\\"v_align\\\":\\\"top\\\"}\",\"v-align\":\"top\",\"richContent\":\"<p>This is a content element...but only on desktop it\'s shown as a \\\"different column\\\"&nbsp;;)<\\/p>\\r\\n<p><strong>IMPORTANT: <\\/strong>This craftCMS starter is using a <strong>paid font<\\/strong>&nbsp;(Maison Neue Book) for which welance only owns a license for only one website (<a href=\\\"http:\\/\\/welance.com\\\" target=\\\"_blank\\\">welance.com<\\/a>).&nbsp;So please, make sure to <strong>change it<\\/strong>&nbsp;(or pay a new license) before publishing this website. <\\/p><p><br><\\/p>\\r\\n<p><br><\\/p>\\r\\n<p><br><\\/p>\\r\\n<h4>\\ud83d\\ude4f&nbsp;Thanks!<\\/h4>\"}},\"11\":{\"type\":\"richContent\",\"enabled\":\"1\",\"fields\":{\"colWidth\":\"{\\\"mobile\\\":{\\\"offset\\\":0,\\\"width\\\":12,\\\"active\\\":false},\\\"desktop\\\":{\\\"offset\\\":\\\"0\\\",\\\"width\\\":\\\"6\\\",\\\"active\\\":true},\\\"tablet\\\":{\\\"offset\\\":0,\\\"width\\\":12,\\\"active\\\":false},\\\"wide\\\":{\\\"offset\\\":0,\\\"width\\\":12,\\\"active\\\":false},\\\"new_row\\\":false,\\\"full_width\\\":false,\\\"v_align\\\":\\\"top\\\"}\",\"v-align\":\"top\",\"richContent\":\"<p>This is a content element, shifted a bit on the right side of the page...but only on desktop!<\\/p>\\r\\n<p>Sed ut perspiciatis unde omnis iste natus error sit voluptatem accusantium doloremque laudantium, totam rem aperiam, eaque ipsa quae ab illo inventore veritatis et quasi architecto beatae vitae dicta sunt explicabo. Nemo enim ipsam voluptatem quia voluptas sit aspernatur aut odit aut fugit, sed quia consequuntur magni dolores eos qui ratione voluptatem sequi nesciunt. Neque porro quisquam est, qui dolorem ipsum quia dolor sit amet, consectetur, adipisci velit, sed quia non numquam eius modi tempora incidunt ut labore et dolore magnam aliquam quaerat voluptatem. Ut enim ad minima veniam, quis nostrum exercitationem ullam corporis suscipit laboriosam, nisi ut aliquid ex ea commodi consequatur? Quis autem vel eum iure reprehenderit qui in ea voluptate velit esse quam nihil molestiae consequatur, vel illum qui dolorem eum fugiat quo voluptas nulla pariatur?<br><\\/p>\"}},\"13\":{\"type\":\"richContent\",\"enabled\":\"1\",\"fields\":{\"colWidth\":\"{\\\"mobile\\\":{\\\"offset\\\":0,\\\"width\\\":12,\\\"active\\\":false},\\\"desktop\\\":{\\\"offset\\\":\\\"6\\\",\\\"width\\\":\\\"12\\\",\\\"active\\\":true},\\\"tablet\\\":{\\\"offset\\\":0,\\\"width\\\":12,\\\"active\\\":false},\\\"wide\\\":{\\\"offset\\\":0,\\\"width\\\":12,\\\"active\\\":false},\\\"new_row\\\":false,\\\"full_width\\\":false,\\\"v_align\\\":\\\"top\\\"}\",\"v-align\":\"top\",\"richContent\":\"<p>This is content placed on right side thanks to some offset.&nbsp;<a href=\\\"http:\\/\\/emojipedia.org\\/winking-face\\/\\\">\\ud83d\\ude09<\\/a><\\/p>\"}}},\"45\":\"\",\"46\":\"\",\"2\":\"\"}}', '2017-07-03 13:48:10', '2017-07-03 13:48:10', '73151d20-3ba4-4134-9cd1-9c782f2587a8'),
 ('33', '2', '1', '1', 'en_us', '17', '', '{\"typeId\":\"1\",\"authorId\":null,\"title\":\"Welcome to Welance CraftCMS Starter!\",\"slug\":\"homepage\",\"postDate\":1499081953,\"expiryDate\":null,\"enabled\":1,\"parentId\":null,\"fields\":{\"7\":\"\",\"8\":\"\",\"13\":{\"10\":{\"type\":\"richContent\",\"enabled\":\"1\",\"fields\":{\"colWidth\":\"{\\\"mobile\\\":{\\\"offset\\\":0,\\\"width\\\":12,\\\"active\\\":false},\\\"desktop\\\":{\\\"offset\\\":\\\"0\\\",\\\"width\\\":\\\"12\\\",\\\"active\\\":true},\\\"tablet\\\":{\\\"offset\\\":0,\\\"width\\\":12,\\\"active\\\":false},\\\"wide\\\":{\\\"offset\\\":0,\\\"width\\\":12,\\\"active\\\":false},\\\"new_row\\\":false,\\\"full_width\\\":false,\\\"v_align\\\":\\\"top\\\"}\",\"v-align\":\"top\",\"richContent\":\"<h2>This is an example Homepage&nbsp;\\u270c\\ufe0f<\\/h2>\"}},\"12\":{\"type\":\"richContent\",\"enabled\":\"1\",\"fields\":{\"colWidth\":\"{\\\"mobile\\\":{\\\"offset\\\":0,\\\"width\\\":12,\\\"active\\\":false},\\\"desktop\\\":{\\\"offset\\\":\\\"0\\\",\\\"width\\\":\\\"6\\\",\\\"active\\\":true},\\\"tablet\\\":{\\\"offset\\\":0,\\\"width\\\":12,\\\"active\\\":false},\\\"wide\\\":{\\\"offset\\\":0,\\\"width\\\":12,\\\"active\\\":false},\\\"new_row\\\":false,\\\"full_width\\\":false,\\\"v_align\\\":\\\"top\\\"}\",\"v-align\":\"top\",\"richContent\":\"<p>This is a content element...but only on desktop it\'s shown as a \\\"different column\\\"&nbsp;;)<\\/p>\\r\\n<p><strong>IMPORTANT: <\\/strong>This craftCMS starter is using a <strong>paid font<\\/strong>&nbsp;(Maison Neue Book) for which welance only owns a license for only one website (<a href=\\\"http:\\/\\/welance.com\\\" target=\\\"_blank\\\">welance.com<\\/a>).&nbsp;So please, make sure to <strong>change it<\\/strong>&nbsp;(or pay a new license) before publishing this website. <\\/p>\\r\\n<p><br><\\/p>\\r\\n<h4>\\ud83d\\ude4f&nbsp;Thanks!<\\/h4>\"}},\"11\":{\"type\":\"richContent\",\"enabled\":\"1\",\"fields\":{\"colWidth\":\"{\\\"mobile\\\":{\\\"offset\\\":0,\\\"width\\\":12,\\\"active\\\":false},\\\"desktop\\\":{\\\"offset\\\":\\\"0\\\",\\\"width\\\":\\\"6\\\",\\\"active\\\":true},\\\"tablet\\\":{\\\"offset\\\":0,\\\"width\\\":12,\\\"active\\\":false},\\\"wide\\\":{\\\"offset\\\":0,\\\"width\\\":12,\\\"active\\\":false},\\\"new_row\\\":false,\\\"full_width\\\":false,\\\"v_align\\\":\\\"top\\\"}\",\"v-align\":\"top\",\"richContent\":\"<p>This is a content element, shifted a bit on the right side of the page...but only on desktop!<\\/p>\\r\\n<p>Sed ut perspiciatis unde omnis iste natus error sit voluptatem accusantium doloremque laudantium, totam rem aperiam, eaque ipsa quae ab illo inventore veritatis et quasi architecto beatae vitae dicta sunt explicabo. Nemo enim ipsam voluptatem quia voluptas sit aspernatur aut odit aut fugit, sed quia consequuntur magni dolores eos qui ratione voluptatem sequi nesciunt. Neque porro quisquam est, qui dolorem ipsum quia dolor sit amet, consectetur, adipisci velit, sed quia non numquam eius modi tempora incidunt ut labore et dolore magnam aliquam quaerat voluptatem. Ut enim ad minima veniam, quis nostrum exercitationem ullam corporis suscipit laboriosam, nisi ut aliquid ex ea commodi consequatur? Quis autem vel eum iure reprehenderit qui in ea voluptate velit esse quam nihil molestiae consequatur, vel illum qui dolorem eum fugiat quo voluptas nulla pariatur?<br><\\/p>\"}},\"13\":{\"type\":\"richContent\",\"enabled\":\"1\",\"fields\":{\"colWidth\":\"{\\\"mobile\\\":{\\\"offset\\\":0,\\\"width\\\":12,\\\"active\\\":false},\\\"desktop\\\":{\\\"offset\\\":\\\"6\\\",\\\"width\\\":\\\"12\\\",\\\"active\\\":true},\\\"tablet\\\":{\\\"offset\\\":0,\\\"width\\\":12,\\\"active\\\":false},\\\"wide\\\":{\\\"offset\\\":0,\\\"width\\\":12,\\\"active\\\":false},\\\"new_row\\\":false,\\\"full_width\\\":false,\\\"v_align\\\":\\\"top\\\"}\",\"v-align\":\"top\",\"richContent\":\"<p>This is content placed on right side thanks to some offset.&nbsp;<a href=\\\"http:\\/\\/emojipedia.org\\/winking-face\\/\\\">\\ud83d\\ude09<\\/a><\\/p>\"}}},\"45\":\"\",\"46\":\"\",\"2\":\"\"}}', '2017-07-03 13:48:18', '2017-07-03 13:48:18', 'b81cd39a-87da-406e-8027-40f6c3c78c30'),
 ('34', '2', '1', '1', 'en_us', '18', '', '{\"typeId\":\"1\",\"authorId\":null,\"title\":\"Welcome to Welance CraftCMS Starter!\",\"slug\":\"homepage\",\"postDate\":1499081953,\"expiryDate\":null,\"enabled\":1,\"parentId\":null,\"fields\":{\"7\":\"\",\"8\":\"\",\"13\":{\"10\":{\"type\":\"richContent\",\"enabled\":\"1\",\"fields\":{\"colWidth\":\"{\\\"mobile\\\":{\\\"offset\\\":0,\\\"width\\\":12,\\\"active\\\":false},\\\"desktop\\\":{\\\"offset\\\":\\\"0\\\",\\\"width\\\":\\\"12\\\",\\\"active\\\":true},\\\"tablet\\\":{\\\"offset\\\":0,\\\"width\\\":12,\\\"active\\\":false},\\\"wide\\\":{\\\"offset\\\":0,\\\"width\\\":12,\\\"active\\\":false},\\\"new_row\\\":false,\\\"full_width\\\":false,\\\"v_align\\\":\\\"top\\\"}\",\"v-align\":\"top\",\"richContent\":\"<h2>This is an example Homepage&nbsp;\\u270c\\ufe0f<\\/h2>\"}},\"12\":{\"type\":\"richContent\",\"enabled\":\"1\",\"fields\":{\"colWidth\":\"{\\\"mobile\\\":{\\\"offset\\\":0,\\\"width\\\":12,\\\"active\\\":false},\\\"desktop\\\":{\\\"offset\\\":\\\"0\\\",\\\"width\\\":\\\"6\\\",\\\"active\\\":true},\\\"tablet\\\":{\\\"offset\\\":0,\\\"width\\\":12,\\\"active\\\":false},\\\"wide\\\":{\\\"offset\\\":0,\\\"width\\\":12,\\\"active\\\":false},\\\"new_row\\\":false,\\\"full_width\\\":false,\\\"v_align\\\":\\\"top\\\"}\",\"v-align\":\"top\",\"richContent\":\"<p>This is a content element...but only on desktop it\'s shown as a \\\"different column\\\"&nbsp;;)<\\/p>\\r\\n<p><strong><br><\\/strong><\\/p><p><strong><br><\\/strong><\\/p><p><strong>IMPORTANT: <\\/strong>This craftCMS starter is using a <strong>paid font<\\/strong>&nbsp;(Maison Neue Book) for which welance only owns a license for only one website (<a href=\\\"http:\\/\\/welance.com\\\" target=\\\"_blank\\\">welance.com<\\/a>).&nbsp;So please, make sure to <strong>change it<\\/strong>&nbsp;(or pay a new license) before publishing this website. <\\/p>\\r\\n<p><br><\\/p>\\r\\n<h4>\\ud83d\\ude4f&nbsp;Thanks!<\\/h4>\"}},\"11\":{\"type\":\"richContent\",\"enabled\":\"1\",\"fields\":{\"colWidth\":\"{\\\"mobile\\\":{\\\"offset\\\":0,\\\"width\\\":12,\\\"active\\\":false},\\\"desktop\\\":{\\\"offset\\\":\\\"0\\\",\\\"width\\\":\\\"6\\\",\\\"active\\\":true},\\\"tablet\\\":{\\\"offset\\\":0,\\\"width\\\":12,\\\"active\\\":false},\\\"wide\\\":{\\\"offset\\\":0,\\\"width\\\":12,\\\"active\\\":false},\\\"new_row\\\":false,\\\"full_width\\\":false,\\\"v_align\\\":\\\"top\\\"}\",\"v-align\":\"top\",\"richContent\":\"<p>This is a content element, shifted a bit on the right side of the page...but only on desktop!<\\/p>\\r\\n<p>Sed ut perspiciatis unde omnis iste natus error sit voluptatem accusantium doloremque laudantium, totam rem aperiam, eaque ipsa quae ab illo inventore veritatis et quasi architecto beatae vitae dicta sunt explicabo. Nemo enim ipsam voluptatem quia voluptas sit aspernatur aut odit aut fugit, sed quia consequuntur magni dolores eos qui ratione voluptatem sequi nesciunt. Neque porro quisquam est, qui dolorem ipsum quia dolor sit amet, consectetur, adipisci velit, sed quia non numquam eius modi tempora incidunt ut labore et dolore magnam aliquam quaerat voluptatem. Ut enim ad minima veniam, quis nostrum exercitationem ullam corporis suscipit laboriosam, nisi ut aliquid ex ea commodi consequatur? Quis autem vel eum iure reprehenderit qui in ea voluptate velit esse quam nihil molestiae consequatur, vel illum qui dolorem eum fugiat quo voluptas nulla pariatur?<br><\\/p>\"}},\"13\":{\"type\":\"richContent\",\"enabled\":\"1\",\"fields\":{\"colWidth\":\"{\\\"mobile\\\":{\\\"offset\\\":0,\\\"width\\\":12,\\\"active\\\":false},\\\"desktop\\\":{\\\"offset\\\":\\\"6\\\",\\\"width\\\":\\\"12\\\",\\\"active\\\":true},\\\"tablet\\\":{\\\"offset\\\":0,\\\"width\\\":12,\\\"active\\\":false},\\\"wide\\\":{\\\"offset\\\":0,\\\"width\\\":12,\\\"active\\\":false},\\\"new_row\\\":false,\\\"full_width\\\":false,\\\"v_align\\\":\\\"top\\\"}\",\"v-align\":\"top\",\"richContent\":\"<p>This is content placed on right side thanks to some offset.&nbsp;<a href=\\\"http:\\/\\/emojipedia.org\\/winking-face\\/\\\">\\ud83d\\ude09<\\/a><\\/p>\"}}},\"45\":\"\",\"46\":\"\",\"2\":\"\"}}', '2017-07-03 13:48:26', '2017-07-03 13:48:26', '58b217ea-85f7-4658-8deb-3c69ba8b8e16'),
 ('35', '2', '1', '1', 'en_us', '19', '', '{\"typeId\":\"1\",\"authorId\":null,\"title\":\"Welcome to Welance CraftCMS Starter!\",\"slug\":\"homepage\",\"postDate\":1499081953,\"expiryDate\":null,\"enabled\":1,\"parentId\":null,\"fields\":{\"7\":\"\",\"8\":\"\",\"13\":{\"10\":{\"type\":\"richContent\",\"enabled\":\"1\",\"fields\":{\"colWidth\":\"{\\\"mobile\\\":{\\\"offset\\\":0,\\\"width\\\":12,\\\"active\\\":false},\\\"desktop\\\":{\\\"offset\\\":\\\"0\\\",\\\"width\\\":\\\"12\\\",\\\"active\\\":true},\\\"tablet\\\":{\\\"offset\\\":0,\\\"width\\\":12,\\\"active\\\":false},\\\"wide\\\":{\\\"offset\\\":0,\\\"width\\\":12,\\\"active\\\":false},\\\"new_row\\\":false,\\\"full_width\\\":false,\\\"v_align\\\":\\\"top\\\"}\",\"v-align\":\"top\",\"richContent\":\"<h2>This is an example Homepage&nbsp;\\u270c\\ufe0f<\\/h2>\"}},\"12\":{\"type\":\"richContent\",\"enabled\":\"1\",\"fields\":{\"colWidth\":\"{\\\"mobile\\\":{\\\"offset\\\":0,\\\"width\\\":12,\\\"active\\\":false},\\\"desktop\\\":{\\\"offset\\\":\\\"0\\\",\\\"width\\\":\\\"6\\\",\\\"active\\\":true},\\\"tablet\\\":{\\\"offset\\\":0,\\\"width\\\":12,\\\"active\\\":false},\\\"wide\\\":{\\\"offset\\\":0,\\\"width\\\":12,\\\"active\\\":false},\\\"new_row\\\":false,\\\"full_width\\\":false,\\\"v_align\\\":\\\"top\\\"}\",\"v-align\":\"top\",\"richContent\":\"<p>This is a content element...but only on desktop it\'s shown as a \\\"different column\\\"&nbsp;;)<\\/p>\\r\\n<p><strong><br><\\/strong><\\/p>\\r\\n<p><strong><br><\\/strong><\\/p>\\r\\n<p><strong>IMPORTANT: <\\/strong>This craftCMS starter is using a <strong>paid font<\\/strong>&nbsp;(Maison Neue Book) for which welance only owns a license for only one website (<a href=\\\"http:\\/\\/welance.com\\\" target=\\\"_blank\\\">welance.com<\\/a>).&nbsp;So please, make sure to <strong>change it<\\/strong>&nbsp;(or pay a new license) before publishing this website. <\\/p>\\r\\n<p><br><\\/p>\\r\\n<h4 class=\\\"subtitle\\\">\\ud83d\\ude4f&nbsp;Thanks!<\\/h4>\"}},\"11\":{\"type\":\"richContent\",\"enabled\":\"1\",\"fields\":{\"colWidth\":\"{\\\"mobile\\\":{\\\"offset\\\":0,\\\"width\\\":12,\\\"active\\\":false},\\\"desktop\\\":{\\\"offset\\\":\\\"0\\\",\\\"width\\\":\\\"6\\\",\\\"active\\\":true},\\\"tablet\\\":{\\\"offset\\\":0,\\\"width\\\":12,\\\"active\\\":false},\\\"wide\\\":{\\\"offset\\\":0,\\\"width\\\":12,\\\"active\\\":false},\\\"new_row\\\":false,\\\"full_width\\\":false,\\\"v_align\\\":\\\"top\\\"}\",\"v-align\":\"top\",\"richContent\":\"<p>This is a content element, shifted a bit on the right side of the page...but only on desktop!<\\/p>\\r\\n<p>Sed ut perspiciatis unde omnis iste natus error sit voluptatem accusantium doloremque laudantium, totam rem aperiam, eaque ipsa quae ab illo inventore veritatis et quasi architecto beatae vitae dicta sunt explicabo. Nemo enim ipsam voluptatem quia voluptas sit aspernatur aut odit aut fugit, sed quia consequuntur magni dolores eos qui ratione voluptatem sequi nesciunt. Neque porro quisquam est, qui dolorem ipsum quia dolor sit amet, consectetur, adipisci velit, sed quia non numquam eius modi tempora incidunt ut labore et dolore magnam aliquam quaerat voluptatem. Ut enim ad minima veniam, quis nostrum exercitationem ullam corporis suscipit laboriosam, nisi ut aliquid ex ea commodi consequatur? Quis autem vel eum iure reprehenderit qui in ea voluptate velit esse quam nihil molestiae consequatur, vel illum qui dolorem eum fugiat quo voluptas nulla pariatur?<br><\\/p>\"}},\"13\":{\"type\":\"richContent\",\"enabled\":\"1\",\"fields\":{\"colWidth\":\"{\\\"mobile\\\":{\\\"offset\\\":0,\\\"width\\\":12,\\\"active\\\":false},\\\"desktop\\\":{\\\"offset\\\":\\\"6\\\",\\\"width\\\":\\\"12\\\",\\\"active\\\":true},\\\"tablet\\\":{\\\"offset\\\":0,\\\"width\\\":12,\\\"active\\\":false},\\\"wide\\\":{\\\"offset\\\":0,\\\"width\\\":12,\\\"active\\\":false},\\\"new_row\\\":false,\\\"full_width\\\":false,\\\"v_align\\\":\\\"top\\\"}\",\"v-align\":\"top\",\"richContent\":\"<p>This is content placed on right side thanks to some offset.&nbsp;<a href=\\\"http:\\/\\/emojipedia.org\\/winking-face\\/\\\">\\ud83d\\ude09<\\/a><\\/p>\"}}},\"45\":\"\",\"46\":\"\",\"2\":\"\"}}', '2017-07-03 13:48:43', '2017-07-03 13:48:43', 'd80e2d54-cbb7-4eaf-9227-bbf929765ae6'),
 ('36', '2', '1', '1', 'en_us', '20', '', '{\"typeId\":\"1\",\"authorId\":null,\"title\":\"Welcome to Welance CraftCMS Starter!\",\"slug\":\"homepage\",\"postDate\":1499081953,\"expiryDate\":null,\"enabled\":1,\"parentId\":null,\"fields\":{\"7\":\"\",\"8\":\"\",\"13\":{\"10\":{\"type\":\"richContent\",\"enabled\":\"1\",\"fields\":{\"colWidth\":\"{\\\"mobile\\\":{\\\"offset\\\":0,\\\"width\\\":12,\\\"active\\\":false},\\\"desktop\\\":{\\\"offset\\\":\\\"0\\\",\\\"width\\\":\\\"12\\\",\\\"active\\\":true},\\\"tablet\\\":{\\\"offset\\\":0,\\\"width\\\":12,\\\"active\\\":false},\\\"wide\\\":{\\\"offset\\\":0,\\\"width\\\":12,\\\"active\\\":false},\\\"new_row\\\":false,\\\"full_width\\\":false,\\\"v_align\\\":\\\"top\\\"}\",\"v-align\":\"top\",\"richContent\":\"<h2>This is an example Homepage&nbsp;\\u270c\\ufe0f<\\/h2>\"}},\"12\":{\"type\":\"richContent\",\"enabled\":\"1\",\"fields\":{\"colWidth\":\"{\\\"mobile\\\":{\\\"offset\\\":0,\\\"width\\\":12,\\\"active\\\":false},\\\"desktop\\\":{\\\"offset\\\":\\\"0\\\",\\\"width\\\":\\\"6\\\",\\\"active\\\":true},\\\"tablet\\\":{\\\"offset\\\":0,\\\"width\\\":12,\\\"active\\\":false},\\\"wide\\\":{\\\"offset\\\":0,\\\"width\\\":12,\\\"active\\\":false},\\\"new_row\\\":false,\\\"full_width\\\":false,\\\"v_align\\\":\\\"top\\\"}\",\"v-align\":\"top\",\"richContent\":\"<p>This is a content element...but only on desktop it\'s shown as a \\\"different column\\\"&nbsp;;)<\\/p>\\r\\n<p><strong><br><\\/strong><\\/p>\\r\\n<p><strong><br><\\/strong><\\/p>\\r\\n<p><strong>IMPORTANT: <\\/strong>This craftCMS starter is using a <strong>paid font<\\/strong>&nbsp;(Maison Neue Book) for which welance only owns a license for only one website (<a href=\\\"http:\\/\\/welance.com\\\" target=\\\"_blank\\\">welance.com<\\/a>).&nbsp;So please, make sure to <strong>change it<\\/strong>&nbsp;(or pay a new license) before publishing this website. <\\/p>\\r\\n<p><br><\\/p>\\r\\n<h5 class=\\\"subtitle\\\">\\ud83d\\ude4f&nbsp;Thanks!<\\/h5>\"}},\"11\":{\"type\":\"richContent\",\"enabled\":\"1\",\"fields\":{\"colWidth\":\"{\\\"mobile\\\":{\\\"offset\\\":0,\\\"width\\\":12,\\\"active\\\":false},\\\"desktop\\\":{\\\"offset\\\":\\\"0\\\",\\\"width\\\":\\\"6\\\",\\\"active\\\":true},\\\"tablet\\\":{\\\"offset\\\":0,\\\"width\\\":12,\\\"active\\\":false},\\\"wide\\\":{\\\"offset\\\":0,\\\"width\\\":12,\\\"active\\\":false},\\\"new_row\\\":false,\\\"full_width\\\":false,\\\"v_align\\\":\\\"top\\\"}\",\"v-align\":\"top\",\"richContent\":\"<p>This is a content element, shifted a bit on the right side of the page...but only on desktop!<\\/p>\\r\\n<p>Sed ut perspiciatis unde omnis iste natus error sit voluptatem accusantium doloremque laudantium, totam rem aperiam, eaque ipsa quae ab illo inventore veritatis et quasi architecto beatae vitae dicta sunt explicabo. Nemo enim ipsam voluptatem quia voluptas sit aspernatur aut odit aut fugit, sed quia consequuntur magni dolores eos qui ratione voluptatem sequi nesciunt. Neque porro quisquam est, qui dolorem ipsum quia dolor sit amet, consectetur, adipisci velit, sed quia non numquam eius modi tempora incidunt ut labore et dolore magnam aliquam quaerat voluptatem. Ut enim ad minima veniam, quis nostrum exercitationem ullam corporis suscipit laboriosam, nisi ut aliquid ex ea commodi consequatur? Quis autem vel eum iure reprehenderit qui in ea voluptate velit esse quam nihil molestiae consequatur, vel illum qui dolorem eum fugiat quo voluptas nulla pariatur?<br><\\/p>\"}},\"13\":{\"type\":\"richContent\",\"enabled\":\"1\",\"fields\":{\"colWidth\":\"{\\\"mobile\\\":{\\\"offset\\\":0,\\\"width\\\":12,\\\"active\\\":false},\\\"desktop\\\":{\\\"offset\\\":\\\"6\\\",\\\"width\\\":\\\"12\\\",\\\"active\\\":true},\\\"tablet\\\":{\\\"offset\\\":0,\\\"width\\\":12,\\\"active\\\":false},\\\"wide\\\":{\\\"offset\\\":0,\\\"width\\\":12,\\\"active\\\":false},\\\"new_row\\\":false,\\\"full_width\\\":false,\\\"v_align\\\":\\\"top\\\"}\",\"v-align\":\"top\",\"richContent\":\"<p>This is content placed on right side thanks to some offset.&nbsp;<a href=\\\"http:\\/\\/emojipedia.org\\/winking-face\\/\\\">\\ud83d\\ude09<\\/a><\\/p>\"}}},\"45\":\"\",\"46\":\"\",\"2\":\"\"}}', '2017-07-03 13:48:54', '2017-07-03 13:48:54', '015cf533-e8f5-4789-b437-58fa4685929f'),
 ('37', '2', '1', '1', 'en_us', '21', '', '{\"typeId\":\"1\",\"authorId\":null,\"title\":\"Welcome to Welance CraftCMS Starter!\",\"slug\":\"homepage\",\"postDate\":1499081953,\"expiryDate\":null,\"enabled\":1,\"parentId\":null,\"fields\":{\"7\":\"\",\"8\":\"\",\"13\":{\"10\":{\"type\":\"richContent\",\"enabled\":\"1\",\"fields\":{\"colWidth\":\"{\\\"mobile\\\":{\\\"offset\\\":0,\\\"width\\\":12,\\\"active\\\":false},\\\"desktop\\\":{\\\"offset\\\":\\\"0\\\",\\\"width\\\":\\\"12\\\",\\\"active\\\":true},\\\"tablet\\\":{\\\"offset\\\":0,\\\"width\\\":12,\\\"active\\\":false},\\\"wide\\\":{\\\"offset\\\":0,\\\"width\\\":12,\\\"active\\\":false},\\\"new_row\\\":false,\\\"full_width\\\":false,\\\"v_align\\\":\\\"top\\\"}\",\"v-align\":\"top\",\"richContent\":\"<h2>This is an example Homepage&nbsp;\\u270c\\ufe0f<\\/h2>\"}},\"12\":{\"type\":\"richContent\",\"enabled\":\"1\",\"fields\":{\"colWidth\":\"{\\\"mobile\\\":{\\\"offset\\\":0,\\\"width\\\":12,\\\"active\\\":false},\\\"desktop\\\":{\\\"offset\\\":\\\"0\\\",\\\"width\\\":\\\"6\\\",\\\"active\\\":true},\\\"tablet\\\":{\\\"offset\\\":0,\\\"width\\\":12,\\\"active\\\":false},\\\"wide\\\":{\\\"offset\\\":0,\\\"width\\\":12,\\\"active\\\":false},\\\"new_row\\\":false,\\\"full_width\\\":false,\\\"v_align\\\":\\\"top\\\"}\",\"v-align\":\"top\",\"richContent\":\"<p>This is a content element...but only on desktop it\'s shown as a \\\"different column\\\"&nbsp;;)<\\/p>\\r\\n<p><strong><br><\\/strong><\\/p>\\r\\n<p><strong><br><\\/strong><\\/p>\\r\\n<p><strong>IMPORTANT: <\\/strong>This craftCMS starter is using a <strong>paid font<\\/strong>&nbsp;(Maison Neue Book) for which welance only owns a license for only one website (<a href=\\\"http:\\/\\/welance.com\\\" target=\\\"_blank\\\">welance.com<\\/a>).&nbsp;So please, make sure to <strong>change it<\\/strong>&nbsp;(or pay a new license) before publishing this website. <\\/p>\\r\\n<p><br><\\/p>\\r\\n<h4 class=\\\"subtitle\\\">\\ud83d\\ude4f&nbsp;Thanks!<\\/h4>\"}},\"11\":{\"type\":\"richContent\",\"enabled\":\"1\",\"fields\":{\"colWidth\":\"{\\\"mobile\\\":{\\\"offset\\\":0,\\\"width\\\":12,\\\"active\\\":false},\\\"desktop\\\":{\\\"offset\\\":\\\"0\\\",\\\"width\\\":\\\"6\\\",\\\"active\\\":true},\\\"tablet\\\":{\\\"offset\\\":0,\\\"width\\\":12,\\\"active\\\":false},\\\"wide\\\":{\\\"offset\\\":0,\\\"width\\\":12,\\\"active\\\":false},\\\"new_row\\\":false,\\\"full_width\\\":false,\\\"v_align\\\":\\\"top\\\"}\",\"v-align\":\"top\",\"richContent\":\"<p>This is a content element, shifted a bit on the right side of the page...but only on desktop!<\\/p>\\r\\n<p>Sed ut perspiciatis unde omnis iste natus error sit voluptatem accusantium doloremque laudantium, totam rem aperiam, eaque ipsa quae ab illo inventore veritatis et quasi architecto beatae vitae dicta sunt explicabo. Nemo enim ipsam voluptatem quia voluptas sit aspernatur aut odit aut fugit, sed quia consequuntur magni dolores eos qui ratione voluptatem sequi nesciunt. Neque porro quisquam est, qui dolorem ipsum quia dolor sit amet, consectetur, adipisci velit, sed quia non numquam eius modi tempora incidunt ut labore et dolore magnam aliquam quaerat voluptatem. Ut enim ad minima veniam, quis nostrum exercitationem ullam corporis suscipit laboriosam, nisi ut aliquid ex ea commodi consequatur? Quis autem vel eum iure reprehenderit qui in ea voluptate velit esse quam nihil molestiae consequatur, vel illum qui dolorem eum fugiat quo voluptas nulla pariatur?<br><\\/p>\"}},\"13\":{\"type\":\"richContent\",\"enabled\":\"1\",\"fields\":{\"colWidth\":\"{\\\"mobile\\\":{\\\"offset\\\":0,\\\"width\\\":12,\\\"active\\\":false},\\\"desktop\\\":{\\\"offset\\\":\\\"6\\\",\\\"width\\\":\\\"12\\\",\\\"active\\\":true},\\\"tablet\\\":{\\\"offset\\\":0,\\\"width\\\":12,\\\"active\\\":false},\\\"wide\\\":{\\\"offset\\\":0,\\\"width\\\":12,\\\"active\\\":false},\\\"new_row\\\":false,\\\"full_width\\\":false,\\\"v_align\\\":\\\"top\\\"}\",\"v-align\":\"top\",\"richContent\":\"<p>This is content placed on right side thanks to some offset.&nbsp;<a href=\\\"http:\\/\\/emojipedia.org\\/winking-face\\/\\\">\\ud83d\\ude09<\\/a><\\/p>\"}}},\"45\":\"\",\"46\":\"\",\"2\":\"\"}}', '2017-07-03 13:49:06', '2017-07-03 13:49:06', '72d65cd6-e694-43ba-9859-e96610727d9a');



DROP TABLE IF EXISTS `craft_fieldgroups`;


--
-- Schema for table `craft_fieldgroups`
--
CREATE TABLE `craft_fieldgroups` (
  `id` int(11) NOT NULL AUTO_INCREMENT,
  `name` varchar(255) COLLATE utf8_unicode_ci NOT NULL,
  `dateCreated` datetime NOT NULL,
  `dateUpdated` datetime NOT NULL,
  `uid` char(36) COLLATE utf8_unicode_ci NOT NULL DEFAULT '0',
  PRIMARY KEY (`id`),
  UNIQUE KEY `craft_fieldgroups_name_unq_idx` (`name`)
) ENGINE=InnoDB AUTO_INCREMENT=6 DEFAULT CHARSET=utf8 COLLATE=utf8_unicode_ci;

--
-- Data for table `craft_fieldgroups`
--

INSERT INTO `craft_fieldgroups` (`id`, `name`, `dateCreated`, `dateUpdated`, `uid`) VALUES
 ('1', 'Default', '2017-07-03 11:38:58', '2017-07-04 10:27:37', '503490f5-794f-43b1-a2fc-72250ce31154'),
 ('3', 'Globals', '2017-07-03 11:39:07', '2017-07-04 10:27:37', '131719b3-ff73-4bb0-9b42-355fb37c4b7b'),
 ('4', 'Users', '2017-07-03 11:39:12', '2017-07-04 10:27:37', '1c394642-3e4c-45f9-b443-8e12cf800027');



DROP TABLE IF EXISTS `craft_fieldlayoutfields`;


--
-- Schema for table `craft_fieldlayoutfields`
--
CREATE TABLE `craft_fieldlayoutfields` (
  `id` int(11) NOT NULL AUTO_INCREMENT,
  `layoutId` int(11) NOT NULL,
  `tabId` int(11) NOT NULL,
  `fieldId` int(11) NOT NULL,
  `required` tinyint(1) unsigned NOT NULL DEFAULT '0',
  `sortOrder` smallint(6) unsigned DEFAULT NULL,
  `dateCreated` datetime NOT NULL,
  `dateUpdated` datetime NOT NULL,
  `uid` char(36) COLLATE utf8_unicode_ci NOT NULL DEFAULT '0',
  PRIMARY KEY (`id`),
  UNIQUE KEY `craft_fieldlayoutfields_layoutId_fieldId_unq_idx` (`layoutId`,`fieldId`),
  KEY `craft_fieldlayoutfields_sortOrder_idx` (`sortOrder`),
  KEY `craft_fieldlayoutfields_tabId_fk` (`tabId`),
  KEY `craft_fieldlayoutfields_fieldId_fk` (`fieldId`)
) ENGINE=InnoDB AUTO_INCREMENT=377 DEFAULT CHARSET=utf8 COLLATE=utf8_unicode_ci;

--
-- Data for table `craft_fieldlayoutfields`
--

INSERT INTO `craft_fieldlayoutfields` (`id`, `layoutId`, `tabId`, `fieldId`, `required`, `sortOrder`, `dateCreated`, `dateUpdated`, `uid`) VALUES
 ('6', '7', '4', '10', '0', '1', '2017-07-03 11:39:01', '2017-07-03 11:39:01', '1e3c2a38-af77-4d17-b084-842f093debd1'),
 ('7', '7', '4', '11', '0', '2', '2017-07-03 11:39:01', '2017-07-03 11:39:01', 'bd534e0f-7b0c-4422-972c-d540f0bc6b43'),
 ('8', '7', '4', '12', '0', '3', '2017-07-03 11:39:01', '2017-07-03 11:39:01', '04e70238-25e7-4875-a73b-2c8df6eb41ca'),
 ('69', '23', '19', '13', '0', '1', '2017-07-03 11:39:13', '2017-07-03 11:39:13', '4ec271d7-14c8-4abc-89ba-df3415630aee'),
 ('70', '23', '19', '3', '0', '2', '2017-07-03 11:39:13', '2017-07-03 11:39:13', 'b6c29dc3-4244-4475-9a88-bf73a98323bb'),
 ('71', '23', '20', '7', '0', '1', '2017-07-03 11:39:13', '2017-07-03 11:39:13', '2518069a-58f1-435c-9596-745e0874188a'),
 ('72', '23', '20', '8', '0', '2', '2017-07-03 11:39:13', '2017-07-03 11:39:13', '0177942e-ae8f-417d-9ecb-7574c9ec6572'),
 ('73', '23', '21', '46', '0', '1', '2017-07-03 11:39:13', '2017-07-03 11:39:13', '3a1694bd-12ad-4e03-951f-54b2932f2497'),
 ('74', '23', '21', '45', '0', '2', '2017-07-03 11:39:13', '2017-07-03 11:39:13', 'b34c9a21-9267-4c1c-96a0-41218454a54a'),
 ('75', '23', '21', '2', '0', '3', '2017-07-03 11:39:13', '2017-07-03 11:39:13', 'e9b00e67-4146-4a82-b041-3eaf244394cc'),
 ('82', '25', '25', '13', '0', '1', '2017-07-03 11:39:13', '2017-07-03 11:39:13', '1e52a1ae-f0e9-44bb-93e9-5e055a6cae27'),
 ('83', '25', '25', '6', '0', '2', '2017-07-03 11:39:13', '2017-07-03 11:39:13', 'f58eaded-68f9-4a8b-884b-a1c068f101b4'),
 ('84', '25', '25', '3', '0', '3', '2017-07-03 11:39:13', '2017-07-03 11:39:13', 'dabf6b91-cbe5-484d-87f5-85680a99eacc'),
 ('85', '25', '26', '7', '0', '1', '2017-07-03 11:39:13', '2017-07-03 11:39:13', '0a3fdda8-b4fb-4c42-b8bc-3f16459a9c30'),
 ('86', '25', '26', '8', '0', '2', '2017-07-03 11:39:13', '2017-07-03 11:39:13', '21254e9d-2ba2-441f-8186-334b44d3470c'),
 ('87', '25', '27', '46', '0', '1', '2017-07-03 11:39:13', '2017-07-03 11:39:13', '2e3374c4-c3f4-423d-8c14-27ca22ddd165'),
 ('88', '25', '27', '45', '0', '2', '2017-07-03 11:39:13', '2017-07-03 11:39:13', 'ca1cc5e4-119d-4066-a3cc-c92262dd0c07'),
 ('89', '25', '27', '2', '0', '3', '2017-07-03 11:39:13', '2017-07-03 11:39:13', '75430968-d0a8-4e8b-853a-96f03cd498ca'),
 ('95', '27', '29', '13', '0', '1', '2017-07-03 11:39:13', '2017-07-03 11:39:13', 'ac4e2c0f-36e1-48ee-8707-841cf02743fa'),
 ('96', '27', '30', '7', '0', '1', '2017-07-03 11:39:13', '2017-07-03 11:39:13', '2ead856b-4d07-4b41-ad76-b7a2582e8db6'),
 ('97', '27', '30', '8', '0', '2', '2017-07-03 11:39:13', '2017-07-03 11:39:13', '9ee529de-4d3b-4e61-abb5-46d402448bea'),
 ('98', '27', '31', '46', '0', '1', '2017-07-03 11:39:13', '2017-07-03 11:39:13', '837ff920-9fe5-4e3c-834a-ae18b276d224'),
 ('99', '27', '31', '45', '0', '2', '2017-07-03 11:39:13', '2017-07-03 11:39:13', '36e96a07-65e7-4276-9bac-1bfaf65dd95e'),
 ('100', '27', '31', '2', '0', '3', '2017-07-03 11:39:13', '2017-07-03 11:39:13', '1872caf6-dd37-461c-8763-da1b4a596256'),
 ('101', '28', '32', '13', '0', '1', '2017-07-03 11:39:13', '2017-07-03 11:39:13', 'b5a62715-141c-4d8c-bf6f-81762b1f7da6'),
 ('102', '28', '33', '7', '0', '1', '2017-07-03 11:39:13', '2017-07-03 11:39:13', 'bedaf52f-77ba-43bc-abaf-1d2f9071d1e5'),
 ('103', '28', '33', '8', '0', '2', '2017-07-03 11:39:13', '2017-07-03 11:39:13', '1cddf651-03f1-4541-bd8c-0986df490b9f'),
 ('104', '28', '34', '46', '0', '1', '2017-07-03 11:39:13', '2017-07-03 11:39:13', 'aee97daa-a897-4bb3-bc94-7f704eece793'),
 ('105', '28', '34', '45', '0', '2', '2017-07-03 11:39:13', '2017-07-03 11:39:13', '2388b8c8-ed3c-4651-8ae7-6ee159c943b1'),
 ('106', '28', '34', '2', '0', '3', '2017-07-03 11:39:13', '2017-07-03 11:39:13', 'd816aa73-c1db-4180-b7f8-bcef57e27a0a'),
 ('108', '33', '36', '4', '1', '1', '2017-07-03 11:39:14', '2017-07-03 11:39:14', 'b47bee8d-b57a-4b25-a691-bbf2d3d35966'),
 ('109', '33', '36', '5', '1', '2', '2017-07-03 11:39:14', '2017-07-03 11:39:14', 'b22a3a6c-bebe-4bdc-a08f-e73afd9387c0'),
 ('140', '41', '44', '14', '1', '1', '2017-07-03 12:03:17', '2017-07-03 12:03:17', '16947455-067e-474e-be32-61e94514dedb'),
 ('141', '41', '44', '15', '1', '2', '2017-07-03 12:03:17', '2017-07-03 12:03:17', 'd549a69f-5238-4226-afe2-8beb9d55612f'),
 ('142', '42', '45', '16', '1', '1', '2017-07-03 12:03:17', '2017-07-03 12:03:17', 'a124a8a1-3676-44f5-abd2-bacabc6bbdff'),
 ('143', '42', '45', '17', '1', '2', '2017-07-03 12:03:17', '2017-07-03 12:03:17', '0f56d314-59be-4900-8e1c-b4a652c2c382'),
 ('144', '42', '45', '18', '0', '3', '2017-07-03 12:03:17', '2017-07-03 12:03:17', '81a73a72-f9e1-48e1-ae8d-e8eca34fe525'),
 ('145', '42', '45', '19', '0', '4', '2017-07-03 12:03:17', '2017-07-03 12:03:17', '2187f6fe-04e3-408a-87ed-1f7a742de742'),
 ('146', '42', '45', '20', '0', '5', '2017-07-03 12:03:17', '2017-07-03 12:03:17', '1515192a-1dd2-4b02-a887-981140d7347f'),
 ('147', '42', '45', '21', '0', '6', '2017-07-03 12:03:17', '2017-07-03 12:03:17', 'd4fe8426-b983-417e-af8d-8ca249a0628c'),
 ('148', '42', '45', '22', '1', '7', '2017-07-03 12:03:17', '2017-07-03 12:03:17', '6badf6c6-f96f-49d8-8be1-9bf499aa7e57'),
 ('149', '42', '45', '23', '0', '8', '2017-07-03 12:03:17', '2017-07-03 12:03:17', '49f60a8d-15c0-43fa-be92-95cd146d13f7'),
 ('150', '43', '46', '24', '1', '1', '2017-07-03 12:03:17', '2017-07-03 12:03:17', '7b05e2e0-3e29-42f6-9c20-b9acf61f1c6e'),
 ('151', '43', '46', '25', '0', '2', '2017-07-03 12:03:17', '2017-07-03 12:03:17', 'abe42786-17c5-448f-8ec5-635781a8f3c6'),
 ('152', '43', '46', '26', '1', '3', '2017-07-03 12:03:17', '2017-07-03 12:03:17', '54aabce3-f338-4722-882c-1e80111dbac0'),
 ('153', '43', '46', '27', '1', '4', '2017-07-03 12:03:17', '2017-07-03 12:03:17', '06a1e726-e408-4693-afda-35c100a532da'),
 ('154', '43', '46', '28', '0', '5', '2017-07-03 12:03:17', '2017-07-03 12:03:17', '4a2cbaa0-bb2a-4d58-8eb6-fa48b77153ba'),
 ('155', '44', '47', '29', '1', '1', '2017-07-03 12:03:17', '2017-07-03 12:03:17', '02d76f95-e50f-4562-8051-dc308b431664'),
 ('156', '44', '47', '30', '1', '2', '2017-07-03 12:03:17', '2017-07-03 12:03:17', '4aa5fbf2-0970-4b2b-af1b-9d6063421ee8'),
 ('157', '45', '48', '31', '1', '1', '2017-07-03 12:03:17', '2017-07-03 12:03:17', 'ba7a1493-e467-4291-a932-a2d567720ad1'),
 ('158', '45', '48', '32', '0', '2', '2017-07-03 12:03:17', '2017-07-03 12:03:17', 'e58968a7-25ea-47bf-9567-cce84a5511e5'),
 ('159', '45', '48', '33', '1', '3', '2017-07-03 12:03:17', '2017-07-03 12:03:17', '51bee67a-a474-4e25-b66e-5e01f0e1a7ce'),
 ('160', '45', '48', '34', '0', '4', '2017-07-03 12:03:17', '2017-07-03 12:03:17', '33e33203-36fa-47c4-bbe7-e640d2a56322'),
 ('161', '46', '49', '35', '1', '1', '2017-07-03 12:03:18', '2017-07-03 12:03:18', '8625a260-22ef-4fbf-a29c-206910f5accb'),
 ('162', '46', '49', '36', '0', '2', '2017-07-03 12:03:18', '2017-07-03 12:03:18', '11467ddb-d824-49ca-b5a2-764ddf0b38c9'),
 ('163', '46', '49', '37', '1', '3', '2017-07-03 12:03:18', '2017-07-03 12:03:18', '6485fcad-8261-4339-b7c4-913e4a68c953'),
 ('164', '46', '49', '38', '0', '4', '2017-07-03 12:03:18', '2017-07-03 12:03:18', '3d47c166-dd0c-4b50-ab7f-a27fb1f33982'),
 ('165', '47', '50', '39', '1', '1', '2017-07-03 12:03:18', '2017-07-03 12:03:18', 'd2c37adc-d63e-4984-8676-f771b5195b78'),
 ('166', '47', '50', '40', '0', '2', '2017-07-03 12:03:18', '2017-07-03 12:03:18', '1d3c4d10-3e69-4ab4-8d4c-a50b54d4d8d5'),
 ('167', '47', '50', '41', '0', '3', '2017-07-03 12:03:18', '2017-07-03 12:03:18', '8c87df91-5c5b-4f56-a299-92cb19914bc8'),
 ('168', '47', '50', '42', '0', '4', '2017-07-03 12:03:18', '2017-07-03 12:03:18', '0105e530-f072-415c-8e9d-42135cc023bd'),
 ('169', '47', '50', '43', '0', '5', '2017-07-03 12:03:18', '2017-07-03 12:03:18', '866321a7-552f-4474-bd6f-2b1c01b857a0'),
 ('346', '104', '103', '9', '0', '1', '2017-07-04 10:27:36', '2017-07-04 10:27:36', '0b82deab-cb09-4a8b-abad-7c0b460ebb7b'),
 ('347', '106', '104', '50', '0', '1', '2017-07-04 10:27:37', '2017-07-04 10:27:37', '24d7b7c8-9144-436d-a1e6-0bea848d56a0'),
 ('348', '106', '104', '63', '0', '2', '2017-07-04 10:27:37', '2017-07-04 10:27:37', '2fcfb415-592e-4bc0-80a5-24ed040b609a'),
 ('349', '106', '104', '76', '0', '3', '2017-07-04 10:27:37', '2017-07-04 10:27:37', '9189ada9-9570-42b1-9f90-a8a0a5b01741'),
 ('350', '107', '105', '53', '0', '1', '2017-07-04 10:27:37', '2017-07-04 10:27:37', 'abedf3cb-b1cc-4ee6-bc17-b5e17947db77'),
 ('351', '107', '105', '49', '0', '2', '2017-07-04 10:27:37', '2017-07-04 10:27:37', '3d6d5c2b-05e0-458c-a8eb-e7ba9d611276'),
 ('352', '107', '105', '77', '0', '3', '2017-07-04 10:27:37', '2017-07-04 10:27:37', 'f7db6e3e-f4b2-4b58-9f34-507c57590673'),
 ('353', '107', '105', '51', '0', '4', '2017-07-04 10:27:37', '2017-07-04 10:27:37', '3db2b6ef-3d1e-4fc8-946f-2d0ed4249052'),
 ('354', '107', '105', '72', '0', '5', '2017-07-04 10:27:37', '2017-07-04 10:27:37', 'a0ff778a-c1a1-4114-b650-9ac9642a9770'),
 ('355', '107', '105', '52', '0', '6', '2017-07-04 10:27:37', '2017-07-04 10:27:37', 'abd3a5f6-239b-42b6-8a5f-b955b6b1e059'),
 ('356', '107', '105', '65', '0', '7', '2017-07-04 10:27:37', '2017-07-04 10:27:37', '627e6266-a0ac-4df6-96df-92ba1ba06a30'),
 ('357', '107', '105', '69', '0', '8', '2017-07-04 10:27:37', '2017-07-04 10:27:37', '4e7bc077-c410-4218-aec4-9d93b64962b7'),
 ('358', '107', '105', '64', '0', '9', '2017-07-04 10:27:37', '2017-07-04 10:27:37', '89b642db-0b6c-4c91-a47d-b370787ed4db'),
 ('359', '108', '106', '56', '0', '1', '2017-07-04 10:27:37', '2017-07-04 10:27:37', 'e37df6b2-f837-48bc-b3f7-42805213562c'),
 ('360', '109', '107', '55', '0', '1', '2017-07-04 10:27:37', '2017-07-04 10:27:37', '9d34fdc6-b1ea-4dcd-b268-91e9ae70271b'),
 ('361', '109', '107', '54', '0', '2', '2017-07-04 10:27:37', '2017-07-04 10:27:37', '1ce32573-cc22-452b-9e4b-170ef3d722df'),
 ('362', '109', '107', '75', '0', '3', '2017-07-04 10:27:37', '2017-07-04 10:27:37', '2bd5665b-af79-42c2-8bfa-11a6e0a338cd'),
 ('363', '109', '107', '74', '0', '4', '2017-07-04 10:27:37', '2017-07-04 10:27:37', 'd5d6cfca-509d-4ee0-a4a2-0da8a9b8a193'),
 ('364', '109', '107', '57', '0', '5', '2017-07-04 10:27:37', '2017-07-04 10:27:37', 'cc3f5948-2bd0-40e8-9111-f07275c917d9'),
 ('365', '109', '107', '59', '0', '6', '2017-07-04 10:27:37', '2017-07-04 10:27:37', '3bef535e-d533-45cc-8956-2ff681ef6d67'),
 ('366', '109', '107', '70', '0', '7', '2017-07-04 10:27:37', '2017-07-04 10:27:37', 'b8d85670-8064-44c8-b50b-37e521435fe1'),
 ('367', '109', '107', '60', '0', '8', '2017-07-04 10:27:37', '2017-07-04 10:27:37', '2dcaa060-70df-4c71-8a53-b98d3e849900'),
 ('368', '109', '107', '61', '0', '9', '2017-07-04 10:27:37', '2017-07-04 10:27:37', '696c58b5-1d32-478f-bc22-99ac2b6ae597'),
 ('369', '110', '108', '66', '0', '1', '2017-07-04 10:27:37', '2017-07-04 10:27:37', '4aa0e1a2-f1af-4f68-b0b9-bd7ac4114a49'),
 ('370', '110', '108', '68', '0', '2', '2017-07-04 10:27:37', '2017-07-04 10:27:37', '1db7267b-be38-4fad-adec-51beb1d0ea71'),
 ('371', '110', '108', '62', '0', '3', '2017-07-04 10:27:37', '2017-07-04 10:27:37', 'a1a1d54e-6cae-47fe-ab92-4c53a747b7ad'),
 ('372', '110', '108', '67', '0', '4', '2017-07-04 10:27:37', '2017-07-04 10:27:37', '5d40e802-4a25-41c0-bfbc-f47e9087cc31'),
 ('373', '111', '109', '71', '0', '1', '2017-07-04 10:27:37', '2017-07-04 10:27:37', '1e80830f-768f-4953-abfd-213fc4a82364'),
 ('374', '111', '109', '73', '0', '2', '2017-07-04 10:27:37', '2017-07-04 10:27:37', 'aa0017ce-1cf2-4c44-8886-6b16d243c6b0'),
 ('375', '111', '109', '58', '0', '3', '2017-07-04 10:27:37', '2017-07-04 10:27:37', '8bb6bc9f-a528-4f64-9138-b08683d43689'),
 ('376', '115', '110', '78', '0', '1', '2017-07-04 10:27:37', '2017-07-04 10:27:37', '3122bc99-911e-4c72-af13-719b3453f010');



DROP TABLE IF EXISTS `craft_fieldlayouts`;


--
-- Schema for table `craft_fieldlayouts`
--
CREATE TABLE `craft_fieldlayouts` (
  `id` int(11) NOT NULL AUTO_INCREMENT,
  `type` varchar(150) COLLATE utf8_unicode_ci NOT NULL,
  `dateCreated` datetime NOT NULL,
  `dateUpdated` datetime NOT NULL,
  `uid` char(36) COLLATE utf8_unicode_ci NOT NULL DEFAULT '0',
  PRIMARY KEY (`id`),
  KEY `craft_fieldlayouts_type_idx` (`type`)
) ENGINE=InnoDB AUTO_INCREMENT=116 DEFAULT CHARSET=utf8 COLLATE=utf8_unicode_ci;

--
-- Data for table `craft_fieldlayouts`
--

INSERT INTO `craft_fieldlayouts` (`id`, `type`, `dateCreated`, `dateUpdated`, `uid`) VALUES
 ('7', 'MatrixBlock', '2017-07-03 11:39:01', '2017-07-03 11:39:01', '9de3051f-95c1-4f0d-9588-c25bb8caceb0'),
 ('23', 'Entry', '2017-07-03 11:39:13', '2017-07-03 11:39:13', '51eb6213-40d8-4328-997f-88aaa68d298e'),
 ('25', 'Entry', '2017-07-03 11:39:13', '2017-07-03 11:39:13', '5bdc774f-21cf-4c4d-91ef-fcca9e8dc49a'),
 ('27', 'Entry', '2017-07-03 11:39:13', '2017-07-03 11:39:13', '13d9cabe-727a-4f23-b7a9-95f9ebdc85e0'),
 ('28', 'Entry', '2017-07-03 11:39:13', '2017-07-03 11:39:13', '5666a55f-26ea-4bac-871d-420120d4c318'),
 ('33', 'MatrixBlock', '2017-07-03 11:39:14', '2017-07-03 11:39:14', 'c00b9ec3-e02b-4962-ab58-1ceccf5b6f4e'),
 ('41', 'MatrixBlock', '2017-07-03 12:03:16', '2017-07-03 12:03:16', '3679fa2d-604a-445c-8ba6-1034053f8041'),
 ('42', 'MatrixBlock', '2017-07-03 12:03:17', '2017-07-03 12:03:17', '0c015b84-639a-4170-8c72-1bbe9c488b45'),
 ('43', 'MatrixBlock', '2017-07-03 12:03:17', '2017-07-03 12:03:17', '8f60ef3a-d3ba-4faa-bb0b-cbca2dbc2a2c'),
 ('44', 'MatrixBlock', '2017-07-03 12:03:17', '2017-07-03 12:03:17', '3c373b44-2a22-490e-8592-386fda9a4866'),
 ('45', 'MatrixBlock', '2017-07-03 12:03:17', '2017-07-03 12:03:17', '7d6297e9-b361-4e05-b337-fee615d22f40'),
 ('46', 'MatrixBlock', '2017-07-03 12:03:18', '2017-07-03 12:03:18', '7538cff4-5a1c-46c8-90ae-bbd43dc409b2'),
 ('47', 'MatrixBlock', '2017-07-03 12:03:18', '2017-07-03 12:03:18', '41d20f95-385c-47f7-90ea-5a4d1aa56c6d'),
 ('104', 'Entry', '2017-07-04 10:27:36', '2017-07-04 10:27:36', '06cf02ee-a953-4086-91f6-8c4dd0b1f1e2'),
 ('105', 'Entry', '2017-07-04 10:27:36', '2017-07-04 10:27:36', '43d4eeda-4918-4e59-bff1-7c11c4880e56'),
 ('106', 'Entry', '2017-07-04 10:27:37', '2017-07-04 10:27:37', '9020184b-fa4d-4869-b059-1958cfbff1cd'),
 ('107', 'Entry', '2017-07-04 10:27:37', '2017-07-04 10:27:37', 'bb31059e-5b13-4526-92bd-1279f809ca54'),
 ('108', 'Entry', '2017-07-04 10:27:37', '2017-07-04 10:27:37', '6db76bec-578f-4038-aa14-781ba844015a'),
 ('109', 'Entry', '2017-07-04 10:27:37', '2017-07-04 10:27:37', '645ffb7c-2270-4741-ae6d-80d991660ac1'),
 ('110', 'Entry', '2017-07-04 10:27:37', '2017-07-04 10:27:37', '6393a972-a74b-4b27-8ec4-6cde25f2aab8'),
 ('111', 'Entry', '2017-07-04 10:27:37', '2017-07-04 10:27:37', '29d96a1f-ed2f-44f1-85c7-91dc08543e73'),
 ('114', 'Entry', '2017-07-04 10:27:37', '2017-07-04 10:27:37', '86271577-3b0a-46c3-9732-14cfc74b8e67'),
 ('115', 'User', '2017-07-04 10:27:37', '2017-07-04 10:27:37', '17d77d23-1c03-43f6-ab7d-1d3c60c03b48');



DROP TABLE IF EXISTS `craft_fieldlayouttabs`;


--
-- Schema for table `craft_fieldlayouttabs`
--
CREATE TABLE `craft_fieldlayouttabs` (
  `id` int(11) NOT NULL AUTO_INCREMENT,
  `layoutId` int(11) NOT NULL,
  `name` varchar(255) COLLATE utf8_unicode_ci NOT NULL,
  `sortOrder` smallint(6) unsigned DEFAULT NULL,
  `dateCreated` datetime NOT NULL,
  `dateUpdated` datetime NOT NULL,
  `uid` char(36) COLLATE utf8_unicode_ci NOT NULL DEFAULT '0',
  PRIMARY KEY (`id`),
  KEY `craft_fieldlayouttabs_sortOrder_idx` (`sortOrder`),
  KEY `craft_fieldlayouttabs_layoutId_fk` (`layoutId`)
) ENGINE=InnoDB AUTO_INCREMENT=111 DEFAULT CHARSET=utf8 COLLATE=utf8_unicode_ci;

--
-- Data for table `craft_fieldlayouttabs`
--

INSERT INTO `craft_fieldlayouttabs` (`id`, `layoutId`, `name`, `sortOrder`, `dateCreated`, `dateUpdated`, `uid`) VALUES
 ('4', '7', 'Content', '1', '2017-07-03 11:39:01', '2017-07-03 11:39:01', '28da8f42-516f-43b9-9694-656d869f49d7'),
 ('19', '23', 'GGF Report', '1', '2017-07-03 11:39:13', '2017-07-03 11:39:13', '3908a840-6078-4e26-82c2-b5b56636877d'),
 ('20', '23', 'Listable Content', '2', '2017-07-03 11:39:13', '2017-07-03 11:39:13', '5221f78b-45bd-45eb-9c0d-cd1f84579e23'),
 ('21', '23', 'SEO', '3', '2017-07-03 11:39:13', '2017-07-03 11:39:13', '99f8b244-4da2-4117-ad53-773a3e080a4b'),
 ('25', '25', 'Podcast', '1', '2017-07-03 11:39:13', '2017-07-03 11:39:13', '95084e93-7e3e-48ac-b36e-d3fd09a09c2a'),
 ('26', '25', 'Listable Content', '2', '2017-07-03 11:39:13', '2017-07-03 11:39:13', '599f81c9-bd4d-4bb2-a5a8-eee75d70a987'),
 ('27', '25', 'SEO', '3', '2017-07-03 11:39:13', '2017-07-03 11:39:13', 'd4c5050b-650a-451c-85ce-d8be5d327d3c'),
 ('29', '27', 'Content', '1', '2017-07-03 11:39:13', '2017-07-03 11:39:13', '1b9897c5-6733-4037-8d15-4a3349403094'),
 ('30', '27', 'Listable Content', '2', '2017-07-03 11:39:13', '2017-07-03 11:39:13', '692b4490-958e-43b8-8351-007b13709101'),
 ('31', '27', 'SEO', '3', '2017-07-03 11:39:13', '2017-07-03 11:39:13', '05b6748e-d7bd-474a-a4f9-82c08a7e797d'),
 ('32', '28', 'Content', '1', '2017-07-03 11:39:13', '2017-07-03 11:39:13', '99b7bad3-7c59-4eb4-8225-329849700cb4'),
 ('33', '28', 'Listable Content', '2', '2017-07-03 11:39:13', '2017-07-03 11:39:13', 'e3d21fef-1b5f-43b8-9b16-df79a4d77ff1'),
 ('34', '28', 'SEO', '3', '2017-07-03 11:39:13', '2017-07-03 11:39:13', '67c700cc-c5a2-4d74-b65f-34b35eb6cc9d'),
 ('36', '33', 'Content', '1', '2017-07-03 11:39:14', '2017-07-03 11:39:14', '26f0f661-85f8-4915-acb2-bd568a60ba04'),
 ('44', '41', 'Content', '1', '2017-07-03 12:03:16', '2017-07-03 12:03:16', '5460740a-df1c-474d-a614-0249f0c30c88'),
 ('45', '42', 'Content', '1', '2017-07-03 12:03:17', '2017-07-03 12:03:17', 'e4a32861-c42d-4c4a-8fe3-06aac752c2c3'),
 ('46', '43', 'Content', '1', '2017-07-03 12:03:17', '2017-07-03 12:03:17', '0858453b-133b-4417-80ea-ef18316acfeb'),
 ('47', '44', 'Content', '1', '2017-07-03 12:03:17', '2017-07-03 12:03:17', '0a3ddf3c-4c7a-4f82-93db-0372a3150c69'),
 ('48', '45', 'Content', '1', '2017-07-03 12:03:17', '2017-07-03 12:03:17', 'a667e861-751f-454c-82b7-e61f59fddea2'),
 ('49', '46', 'Content', '1', '2017-07-03 12:03:18', '2017-07-03 12:03:18', '55f19adf-d2c2-4723-9e45-c5680d385d1c'),
 ('50', '47', 'Content', '1', '2017-07-03 12:03:18', '2017-07-03 12:03:18', 'c53b0092-261f-4a94-a495-bf262ecb3fd4'),
 ('103', '104', 'Content', '1', '2017-07-04 10:27:36', '2017-07-04 10:27:36', '28c599fa-ecde-4a0e-9935-cadbd157a443'),
 ('104', '106', 'Content', '1', '2017-07-04 10:27:37', '2017-07-04 10:27:37', '2b597458-55e5-41dc-89e7-12e34ecc99b7'),
 ('105', '107', 'Content', '1', '2017-07-04 10:27:37', '2017-07-04 10:27:37', '175281c1-7ad4-49c8-b713-fc3a2441dc3e'),
 ('106', '108', 'Content', '1', '2017-07-04 10:27:37', '2017-07-04 10:27:37', 'a51536ad-bd1f-46a9-866f-1447a4443f23'),
 ('107', '109', 'Content', '1', '2017-07-04 10:27:37', '2017-07-04 10:27:37', '122a313b-7845-4aba-9a29-262d43225700'),
 ('108', '110', 'Content', '1', '2017-07-04 10:27:37', '2017-07-04 10:27:37', '13830f2e-acb1-4af7-9837-089f46d4bcd1'),
 ('109', '111', 'Content', '1', '2017-07-04 10:27:37', '2017-07-04 10:27:37', 'e9f902e1-62d4-4abb-837d-fd0f526a5d3a'),
 ('110', '115', 'Profile', '1', '2017-07-04 10:27:37', '2017-07-04 10:27:37', 'b4c3eb2b-1b08-406e-a491-4da89a2fa94f');



DROP TABLE IF EXISTS `craft_fields`;


--
-- Schema for table `craft_fields`
--
CREATE TABLE `craft_fields` (
  `id` int(11) NOT NULL AUTO_INCREMENT,
  `groupId` int(11) DEFAULT NULL,
  `name` varchar(255) COLLATE utf8_unicode_ci NOT NULL,
  `handle` varchar(58) COLLATE utf8_unicode_ci NOT NULL,
  `context` varchar(255) COLLATE utf8_unicode_ci NOT NULL DEFAULT 'global',
  `instructions` text COLLATE utf8_unicode_ci,
  `translatable` tinyint(1) unsigned NOT NULL DEFAULT '0',
  `type` varchar(150) COLLATE utf8_unicode_ci NOT NULL,
  `settings` text COLLATE utf8_unicode_ci,
  `dateCreated` datetime NOT NULL,
  `dateUpdated` datetime NOT NULL,
  `uid` char(36) COLLATE utf8_unicode_ci NOT NULL DEFAULT '0',
  PRIMARY KEY (`id`),
  UNIQUE KEY `craft_fields_handle_context_unq_idx` (`handle`,`context`),
  KEY `craft_fields_context_idx` (`context`),
  KEY `craft_fields_groupId_fk` (`groupId`)
) ENGINE=InnoDB AUTO_INCREMENT=81 DEFAULT CHARSET=utf8 COLLATE=utf8_unicode_ci;

--
-- Data for table `craft_fields`
--

INSERT INTO `craft_fields` (`id`, `groupId`, `name`, `handle`, `context`, `instructions`, `translatable`, `type`, `settings`, `dateCreated`, `dateUpdated`, `uid`) VALUES
 ('1', '1', 'Body', 'body', 'global', NULL, '1', 'RichText', '{\"configFile\":\"Standard.json\",\"columnType\":\"text\"}', '2017-07-03 11:38:58', '2017-07-03 11:38:58', 'e3f284c6-82db-44b6-a88d-cd94f66422c9'),
 ('2', '1', 'Tags', 'tags', 'global', '', '0', 'Tags', '{\"source\":\"taggroup:1\",\"selectionLabel\":\"\"}', '2017-07-03 11:38:58', '2017-07-03 11:39:07', '0d906c10-1564-4ca6-8c09-6c04ef7a256b'),
 ('3', '1', 'Attachment', 'attachment', 'global', '', '0', 'Matrix', '{\"maxBlocks\":null}', '2017-07-03 11:38:58', '2017-07-03 11:39:14', '47ab4c14-2157-4d7e-b6d8-c4a3dbf67c41'),
 ('4', NULL, 'Attachment(s)', 'attachments', 'matrixBlockType:1', '', '0', 'Assets', '{\"useSingleFolder\":\"1\",\"sources\":\"*\",\"defaultUploadLocationSource\":\"1\",\"defaultUploadLocationSubpath\":\"\",\"singleUploadLocationSource\":\"1\",\"singleUploadLocationSubpath\":\"\",\"restrictFiles\":\"1\",\"allowedKinds\":[\"audio\",\"compressed\",\"html\",\"image\",\"pdf\",\"text\",\"video\",\"word\"],\"limit\":\"\",\"viewMode\":\"list\",\"selectionLabel\":\"Add one or more attachments\"}', '2017-07-03 11:38:59', '2017-07-03 11:39:14', 'c9351a1b-11ae-4af4-96f5-fad53217a855'),
 ('5', NULL, 'Attachment Label', 'attachmentLabel', 'matrixBlockType:1', 'eg. \"download this Attachment (PDF)\"', '0', 'PlainText', '{\"placeholder\":\"\",\"maxLength\":\"\",\"multiline\":\"\",\"initialRows\":\"4\"}', '2017-07-03 11:38:59', '2017-07-03 11:39:14', '4ae9efdf-9e3a-4aee-9a97-726d5f68bec9'),
 ('6', '1', 'Embed', 'embed', 'global', '(soundcloud, vimeo, yotube, etc.)', '0', 'RichText', '{\"configFile\":\"Simple.json\",\"availableAssetSources\":\"\",\"availableTransforms\":\"\",\"cleanupHtml\":\"\",\"purifyHtml\":\"\",\"purifierConfig\":\"\",\"columnType\":\"text\"}', '2017-07-03 11:38:59', '2017-07-03 11:38:59', 'e36e34de-44ac-49ff-999b-edf9b53fc60c'),
 ('7', '1', 'Featured Image', 'featuredImage', 'global', '', '0', 'Assets', '{\"useSingleFolder\":\"\",\"sources\":[\"\"],\"defaultUploadLocationSource\":\"2\",\"defaultUploadLocationSubpath\":\"\",\"singleUploadLocationSource\":\"1\",\"singleUploadLocationSubpath\":\"\",\"restrictFiles\":\"1\",\"allowedKinds\":[\"image\"],\"limit\":\"1\",\"viewMode\":\"large\",\"selectionLabel\":\"\"}', '2017-07-03 11:38:59', '2017-07-03 11:39:14', 'f9b1b6f0-5889-452f-93fe-40ece7ec58ac'),
 ('8', '1', 'Intro Text', 'introText', 'global', '', '0', 'PlainText', '{\"placeholder\":\"\",\"maxLength\":\"\",\"multiline\":\"\",\"initialRows\":\"4\"}', '2017-07-03 11:39:00', '2017-07-03 11:39:00', '0aa1c6d5-2ab4-4810-b2f6-b911b48b7b41'),
 ('9', '1', 'Link', 'linkUrl', 'global', 'This is and external link which will open in a new page', '0', 'Matrix', '{\"maxBlocks\":\"1\"}', '2017-07-03 11:39:00', '2017-07-03 11:39:00', '4557cfea-7220-4640-8594-3ad061a293be'),
 ('10', NULL, 'URL Text', 'urlText', 'matrixBlockType:2', 'A text to show instead of the URL itself.\r\nIf you leave this black, the URL will be shown.', '0', 'PlainText', '{\"placeholder\":\"eg. \\\"See the Article on Washington Post\\\"\",\"maxLength\":\"\",\"multiline\":\"\",\"initialRows\":\"4\"}', '2017-07-03 11:39:00', '2017-07-03 11:39:00', '9189218a-dc0b-4fb1-975c-ec20e0c4dff1'),
 ('11', NULL, 'External URL', 'externalUrl', 'matrixBlockType:2', '', '0', 'PlainText', '{\"placeholder\":\"http:\\/\\/example.com\",\"maxLength\":\"\",\"multiline\":\"\",\"initialRows\":\"4\"}', '2017-07-03 11:39:01', '2017-07-03 11:39:01', '5b66f900-0022-4c41-a0db-d86231ef0611'),
 ('12', NULL, 'internalUrl', 'internalUrl', 'matrixBlockType:2', '', '0', 'Entries', '{\"sources\":\"*\",\"limit\":\"1\",\"selectionLabel\":\"\"}', '2017-07-03 11:39:01', '2017-07-03 11:39:01', 'd62d0f46-6c34-4a7f-af8e-15ff3279c41f'),
 ('13', '1', 'Page Body', 'pageBody', 'global', 'Select any component available to add it to the page, and reorder it by drag-and-dropping it', '0', 'Matrix', '{\"maxBlocks\":null}', '2017-07-03 11:39:01', '2017-07-03 12:03:16', '0b8df8e2-202e-4c4e-a7dc-4cd94a78ded2'),
 ('14', NULL, 'Column Width', 'colWidth', 'matrixBlockType:3', '', '0', 'WelanceGrid_BlockPosition', '{\"breakpointOptions\":[\"desktop\",\"mobile\"]}', '2017-07-03 11:39:01', '2017-07-03 12:03:16', '9ad92a9b-d3b9-4fe1-8a6c-3503a28079ee'),
 ('15', NULL, 'Text Content', 'richContent', 'matrixBlockType:3', 'Add rich text (bold, titles, etc.)', '0', 'RichText', '{\"configFile\":\"Advanced.json\",\"availableAssetSources\":\"*\",\"availableTransforms\":\"*\",\"cleanupHtml\":\"1\",\"purifyHtml\":\"\",\"purifierConfig\":\"\",\"columnType\":\"mediumtext\"}', '2017-07-03 11:39:02', '2017-07-03 12:03:16', '06159c41-6463-4e2b-a3be-c62242067b2a'),
 ('16', NULL, 'Hero Width', 'colWidth', 'matrixBlockType:4', '', '0', 'WelanceGrid_BlockPosition', '{\"breakpointOptions\":[\"desktop\",\"mobile\"]}', '2017-07-03 11:39:02', '2017-07-03 12:03:17', 'a3428f66-3d4f-4e3e-aed5-9717c4049d58'),
 ('17', NULL, 'Hero Mode', 'mode', 'matrixBlockType:4', '', '0', 'Dropdown', '{\"options\":[{\"label\":\"Full Fluid\",\"value\":\"full\",\"default\":\"\"},{\"label\":\"Full Fluid w\\/ Margins\",\"value\":\"margins\",\"default\":\"\"},{\"label\":\"Contained\",\"value\":\"contained\",\"default\":\"\"},{\"label\":\"Contained w\\/ Margins\",\"value\":\"contained-margins\",\"default\":\"1\"}]}', '2017-07-03 11:39:02', '2017-07-03 12:03:17', 'c68ccba5-9f27-494f-a3be-0366dbcbeca3'),
 ('18', NULL, 'Text Background', 'backgroundColor', 'matrixBlockType:4', '', '0', 'Color', NULL, '2017-07-03 11:39:02', '2017-07-03 12:03:17', 'f7f0c069-5fcc-43c4-8c16-c8e8b2f7fd8e'),
 ('19', NULL, 'Hero Title', 'mainTitle', 'matrixBlockType:4', '', '0', 'RichText', '{\"configFile\":\"Standard.json\",\"availableAssetSources\":\"*\",\"availableTransforms\":\"*\",\"cleanupHtml\":\"1\",\"purifyHtml\":\"1\",\"purifierConfig\":\"\",\"columnType\":\"text\"}', '2017-07-03 11:39:02', '2017-07-03 12:03:17', 'b35783b4-c018-40d8-9cb1-7edd42d6f2e8'),
 ('20', NULL, 'Text', 'text', 'matrixBlockType:4', '', '0', 'RichText', '{\"configFile\":\"Advanced.json\",\"availableAssetSources\":\"*\",\"availableTransforms\":\"*\",\"cleanupHtml\":\"1\",\"purifyHtml\":\"1\",\"purifierConfig\":\"\",\"columnType\":\"text\"}', '2017-07-03 11:39:02', '2017-07-03 12:03:17', '5bc57976-1f06-4216-8a5e-d176d067ef07'),
 ('21', NULL, 'Medias', 'medias', 'matrixBlockType:4', '', '0', 'Assets', '{\"useSingleFolder\":\"\",\"sources\":\"*\",\"defaultUploadLocationSource\":\"1\",\"defaultUploadLocationSubpath\":\"\",\"singleUploadLocationSource\":\"1\",\"singleUploadLocationSubpath\":\"\",\"restrictFiles\":\"1\",\"allowedKinds\":[\"audio\",\"image\",\"video\"],\"limit\":\"\",\"viewMode\":\"list\",\"selectionLabel\":\"Add media...\"}', '2017-07-03 11:39:02', '2017-07-03 12:03:17', 'cf9bd7d1-0a91-4243-bde0-c236cbe95027'),
 ('22', NULL, 'Medias Position', 'mediasPosition', 'matrixBlockType:4', 'Where would you like your medias to be placed?', '0', 'PositionSelect', '{\"options\":[\"left\",\"right\",\"full\"]}', '2017-07-03 11:39:03', '2017-07-03 12:03:17', '48cce414-6f7d-43f4-97f6-e4e647c2bcb2'),
 ('23', NULL, 'Media Ratio', 'mediaRatio', 'matrixBlockType:4', '', '0', 'Dropdown', '{\"options\":[{\"label\":\"2:3 Portrait (vertical)\",\"value\":\"2-3\",\"default\":\"\"},{\"label\":\"3:2 Landscape\",\"value\":\"3-2\",\"default\":\"\"},{\"label\":\"3:4 Portrait (vertical)\",\"value\":\"3-4\",\"default\":\"\"},{\"label\":\"4:3 Landscape\",\"value\":\"4-3\",\"default\":\"\"},{\"label\":\"16:9 Wide Landscape\",\"value\":\"16-9\",\"default\":\"\"},{\"label\":\"9:16 Tower Image (vertical)\",\"value\":\"9-16\",\"default\":\"\"},{\"label\":\"1:1 Squared\",\"value\":\"1-1\",\"default\":\"1\"}]}', '2017-07-03 11:39:03', '2017-07-03 12:03:17', '742f5a6f-b6ce-48d8-aa08-f1ece2ac8b4e'),
 ('24', NULL, 'Image Width', 'colWidth', 'matrixBlockType:5', '', '0', 'WelanceGrid_BlockPosition', '{\"breakpointOptions\":[\"desktop\",\"mobile\"]}', '2017-07-03 11:39:03', '2017-07-03 12:03:17', '06b7a461-5600-46ac-ae61-f55d6abf5804'),
 ('25', NULL, 'Image Ratio', 'mediaRatio', 'matrixBlockType:5', '', '0', 'Dropdown', '{\"options\":[{\"label\":\"2:3 Portrait (vertical)\",\"value\":\"2-3\",\"default\":\"\"},{\"label\":\"3:2 Landscape\",\"value\":\"3-2\",\"default\":\"\"},{\"label\":\"3:4 Portrait (vertical)\",\"value\":\"3-4\",\"default\":\"\"},{\"label\":\"4:3 Landscape\",\"value\":\"4-3\",\"default\":\"\"},{\"label\":\"16:9 Wide Landscape\",\"value\":\"16-9\",\"default\":\"\"},{\"label\":\"9:16 Tower Image\",\"value\":\"9-16\",\"default\":\"\"},{\"label\":\"1:1 Squared\",\"value\":\"1-1\",\"default\":\"1\"}]}', '2017-07-03 11:39:03', '2017-07-03 12:03:17', '164a84ef-2861-43a7-aa0d-8a73d56d648a'),
 ('26', NULL, 'Image', 'image', 'matrixBlockType:5', '', '0', 'Assets', '{\"useSingleFolder\":\"1\",\"sources\":\"*\",\"defaultUploadLocationSource\":\"1\",\"defaultUploadLocationSubpath\":\"\",\"singleUploadLocationSource\":\"1\",\"singleUploadLocationSubpath\":\"\",\"restrictFiles\":\"1\",\"allowedKinds\":[\"image\"],\"limit\":\"1\",\"viewMode\":\"list\",\"selectionLabel\":\"Add an image...\"}', '2017-07-03 11:39:03', '2017-07-03 12:03:17', '250508a6-ee61-4bfe-ae81-5569b45fcb19'),
 ('27', NULL, 'position', 'position', 'matrixBlockType:5', 'Where would you like your Image?', '0', 'PositionSelect', '{\"options\":[\"center\",\"full\"]}', '2017-07-03 11:39:03', '2017-07-03 12:03:17', '8ca468db-9eb1-4964-9e0a-55ee2973bb34'),
 ('28', NULL, 'Show Caption', 'showCaption', 'matrixBlockType:5', '', '0', 'Lightswitch', '{\"default\":\"\"}', '2017-07-03 11:39:04', '2017-07-03 12:03:17', '8198a71c-e0e0-4669-b4e1-dd832c4a3e5c'),
 ('29', NULL, 'FAQs Width', 'colWidth', 'matrixBlockType:6', '', '0', 'WelanceGrid_BlockPosition', '{\"breakpointOptions\":[\"desktop\",\"mobile\"]}', '2017-07-03 11:39:04', '2017-07-03 12:03:17', '5bb236de-50d1-4da9-9c5a-83eeddefb40c'),
 ('30', NULL, 'Question & Answers', 'faqs', 'matrixBlockType:6', 'Question: Heading 4 - Answer: Paragraph', '0', 'RichText', '{\"configFile\":\"Accordion.json\",\"availableAssetSources\":\"*\",\"availableTransforms\":\"*\",\"cleanupHtml\":\"1\",\"purifyHtml\":\"1\",\"purifierConfig\":\"\",\"columnType\":\"text\"}', '2017-07-03 11:39:04', '2017-07-03 12:03:17', '7164328b-893b-4d15-b949-0144138599b9'),
 ('31', NULL, 'Users List Width', 'colWidth', 'matrixBlockType:7', '', '0', 'WelanceGrid_BlockPosition', '{\"breakpointOptions\":[\"desktop\",\"mobile\"]}', '2017-07-03 11:39:05', '2017-07-03 12:03:17', 'd8038ddf-b7cb-4edd-a167-4a1268363bc1'),
 ('32', NULL, 'Users', 'users', 'matrixBlockType:7', '', '0', 'Users', '{\"sources\":\"*\",\"limit\":\"\",\"selectionLabel\":\"\"}', '2017-07-03 11:39:05', '2017-07-03 12:03:17', '703a1ebf-6a94-4ea6-a4dc-81ff10aeef77'),
 ('33', NULL, 'Users Display Mode', 'usersDisplayMode', 'matrixBlockType:7', 'Mode', '0', 'Dropdown', '{\"options\":[{\"label\":\"Accordion (open-close, no picture)\",\"value\":\"accordion-no-pic\",\"default\":\"1\"},{\"label\":\"List (Name + Short Bio + Photo)\",\"value\":\"squared\",\"default\":\"\"}]}', '2017-07-03 11:39:05', '2017-07-03 12:03:17', '24c2a6d2-1a9f-42d0-be4b-36da61ab3aa1'),
 ('34', NULL, 'Users displayed for each row', 'usersPerRow', 'matrixBlockType:7', 'only working with \"List\" as Display Mode', '0', 'Dropdown', '{\"options\":[{\"label\":\"1 user per row\",\"value\":\"12\",\"default\":\"\"},{\"label\":\"2 users per row\",\"value\":\"6\",\"default\":\"\"},{\"label\":\"3 users per row\",\"value\":\"4\",\"default\":\"\"},{\"label\":\"4 users per row\",\"value\":\"3\",\"default\":\"1\"},{\"label\":\"6 users per row\",\"value\":\"2\",\"default\":\"\"},{\"label\":\"12 users per row\",\"value\":\"1\",\"default\":\"\"}]}', '2017-07-03 11:39:05', '2017-07-03 12:03:17', 'ff35edf9-8d52-4338-80a7-6f9be63d8ff8'),
 ('35', NULL, 'Entries List Width', 'colWidth', 'matrixBlockType:8', '', '0', 'WelanceGrid_BlockPosition', '{\"breakpointOptions\":[\"desktop\",\"mobile\"]}', '2017-07-03 11:39:05', '2017-07-03 12:03:18', '1b83a150-9303-42ba-ba58-d3a4eafa6e9b'),
 ('36', NULL, 'Entries', 'entries', 'matrixBlockType:8', '', '0', 'Entries', '{\"sources\":\"*\",\"limit\":\"\",\"selectionLabel\":\"Pick Content Entries\"}', '2017-07-03 11:39:05', '2017-07-03 12:03:18', '0619d7ae-bcb8-4517-ac81-436decef3fc1'),
 ('37', NULL, 'Entries Display Mode', 'entriesDisplayMode', 'matrixBlockType:8', '', '0', 'Dropdown', '{\"options\":[{\"label\":\"Accordion (open-close, no picture)\",\"value\":\"accordion-no-pic\",\"default\":\"\"},{\"label\":\"List (Title + Description + Photo)\",\"value\":\"squared\",\"default\":\"\"}]}', '2017-07-03 11:39:05', '2017-07-03 12:03:18', 'aa6f1db2-96bc-452b-b33b-5e9883ed4c99'),
 ('38', NULL, 'Entries displayed for each row', 'entriesPerRow', 'matrixBlockType:8', 'only working with \"List\" as Display Mode', '0', 'Dropdown', '{\"options\":[{\"label\":\"1 entry per row\",\"value\":\"12\",\"default\":\"\"},{\"label\":\"2 entries per row\",\"value\":\"6\",\"default\":\"\"},{\"label\":\"3 entries per row\",\"value\":\"4\",\"default\":\"\"},{\"label\":\"4 entries per row\",\"value\":\"3\",\"default\":\"1\"},{\"label\":\"6 entires per row\",\"value\":\"2\",\"default\":\"\"},{\"label\":\"12 entries per row\",\"value\":\"1\",\"default\":\"\"}]}', '2017-07-03 11:39:05', '2017-07-03 12:03:18', 'f9831c9d-9a52-428f-b13f-21fa3e8f38ae'),
 ('39', NULL, 'Gallery Width', 'colWidth', 'matrixBlockType:9', '', '0', 'WelanceGrid_BlockPosition', '{\"breakpointOptions\":[\"desktop\",\"mobile\"]}', '2017-07-03 11:39:06', '2017-07-03 12:03:18', 'c88bc141-03ec-4fb2-a0c6-dd99552f1665'),
 ('40', NULL, 'Medias', 'medias', 'matrixBlockType:9', '', '0', 'Assets', '{\"useSingleFolder\":\"\",\"sources\":\"*\",\"defaultUploadLocationSource\":\"1\",\"defaultUploadLocationSubpath\":\"\\/gallery\",\"singleUploadLocationSource\":\"1\",\"singleUploadLocationSubpath\":\"\",\"restrictFiles\":\"1\",\"allowedKinds\":[\"image\",\"video\"],\"limit\":\"\",\"viewMode\":\"large\",\"selectionLabel\":\"Add medias\"}', '2017-07-03 11:39:06', '2017-07-03 12:03:18', '2791c38c-00b3-47f1-b50b-e0fc75660d47'),
 ('41', NULL, 'Gallery Display Mode', 'galleryDisplayMode', 'matrixBlockType:9', '', '0', 'Dropdown', '{\"options\":[{\"label\":\"List (Photo + Caption)\",\"value\":\"regular\",\"default\":\"1\"},{\"label\":\"List (Logos)\",\"value\":\"list-logos\",\"default\":\"\"}]}', '2017-07-03 11:39:06', '2017-07-03 12:03:18', '5e2e4025-987d-4d84-bdcc-582fa5e590f6'),
 ('42', NULL, 'Medias Ratio', 'mediaRatio', 'matrixBlockType:9', '', '0', 'Dropdown', '{\"options\":[{\"label\":\"2:3 Portrait (vertical)\",\"value\":\"2-3\",\"default\":\"\"},{\"label\":\"3:2 Landscape\",\"value\":\"3-2\",\"default\":\"\"},{\"label\":\"3:4 Portrait (vertical)\",\"value\":\"3-4\",\"default\":\"\"},{\"label\":\"4:3 Landscape\",\"value\":\"4-3\",\"default\":\"\"},{\"label\":\"16:9 Wide Landscape\",\"value\":\"16-9\",\"default\":\"\"},{\"label\":\"9:16 Tower Image\",\"value\":\"9-16\",\"default\":\"\"},{\"label\":\"1:1 Squared\",\"value\":\"1-1\",\"default\":\"1\"}]}', '2017-07-03 11:39:06', '2017-07-03 12:03:18', 'a5f1cae4-36cc-4cf4-adc0-1d08fb7fe435'),
 ('43', NULL, 'Medias displayed for each row', 'mediasPerRow', 'matrixBlockType:9', 'only working with \"List\" as Display Mode', '0', 'Dropdown', '{\"options\":[{\"label\":\"1 image per row\",\"value\":\"12\",\"default\":\"\"},{\"label\":\"2 images per row\",\"value\":\"6\",\"default\":\"\"},{\"label\":\"3 images per row\",\"value\":\"4\",\"default\":\"\"},{\"label\":\"4 images per row\",\"value\":\"3\",\"default\":\"1\"},{\"label\":\"6 images per row\",\"value\":\"2\",\"default\":\"\"},{\"label\":\"12 images per row\",\"value\":\"1\",\"default\":\"\"}]}', '2017-07-03 11:39:06', '2017-07-03 12:03:18', '56224ce9-81b4-43ff-b077-aa33a33e132a'),
 ('45', '1', 'SEO Description', 'seoDescription', 'global', '', '0', 'PlainText', '{\"placeholder\":\"The Description that Google and friends will use for indexing this content goes here...\",\"maxLength\":\"160\",\"multiline\":\"\",\"initialRows\":\"4\"}', '2017-07-03 11:39:07', '2017-07-03 11:39:07', 'c77b1c07-a555-45ce-b2a5-d803c6d3173d'),
 ('46', '1', 'SEO Title', 'seoTitle', 'global', '', '0', 'PlainText', '{\"placeholder\":\"\",\"maxLength\":\"60\",\"multiline\":\"\",\"initialRows\":\"4\"}', '2017-07-03 11:39:07', '2017-07-03 11:39:07', 'a83bd08e-66b3-45ee-a870-29c089080525'),
 ('49', '3', 'Address (line 1 and 2)', 'address', 'global', '', '0', 'PlainText', '{\"placeholder\":\"Tamarind Street, 68\",\"maxLength\":\"\",\"multiline\":\"1\",\"initialRows\":\"2\"}', '2017-07-03 11:39:07', '2017-07-03 11:39:07', '832c7217-dedf-4294-bfb2-063fadec19fd'),
 ('50', '3', 'CEO / Main Officer', 'ceo', 'global', 'Who\'s the main responsible person?', '0', 'PlainText', '{\"placeholder\":\"Jane Doe\",\"maxLength\":\"\",\"multiline\":\"\",\"initialRows\":\"4\"}', '2017-07-03 11:39:07', '2017-07-03 11:39:07', 'bf0dd318-96cc-47f6-b703-618ce0ac5b86'),
 ('51', '3', 'City', 'city', 'global', '', '0', 'PlainText', '{\"placeholder\":\"Stuttgart\",\"maxLength\":\"\",\"multiline\":\"\",\"initialRows\":\"4\"}', '2017-07-03 11:39:07', '2017-07-03 11:39:07', '581abf67-ce2d-45bd-a58f-7c63f65d3cf0'),
 ('52', '3', 'Country', 'country', 'global', '', '0', 'PlainText', '{\"placeholder\":\"Germany\",\"maxLength\":\"\",\"multiline\":\"\",\"initialRows\":\"4\"}', '2017-07-03 11:39:07', '2017-07-03 11:39:07', 'd897630e-e4ac-4fb5-8d26-e9d06a9cd2df'),
 ('53', '3', 'Customer Support Name and e-Mail Address', 'orgEMailAddress', 'global', 'In this Format: \"Jane from Website Name <email@address.com>\"', '0', 'PlainText', '{\"placeholder\":\"Jane Doe <email@address.com>\",\"maxLength\":\"\",\"multiline\":\"\",\"initialRows\":\"4\"}', '2017-07-03 11:39:08', '2017-07-03 11:39:08', 'b1eadad2-7194-4509-a84b-ec09e38ecbf2'),
 ('54', '3', 'Facebook (Share) Image', 'facebookImage', 'global', 'Recommended: 1200 x 630 pixels', '0', 'Assets', '{\"useSingleFolder\":\"1\",\"sources\":\"*\",\"defaultUploadLocationSource\":\"1\",\"defaultUploadLocationSubpath\":\"social\\/fb\",\"singleUploadLocationSource\":\"1\",\"singleUploadLocationSubpath\":\"social\",\"restrictFiles\":\"1\",\"allowedKinds\":[\"image\"],\"limit\":\"1\",\"viewMode\":\"large\",\"selectionLabel\":\"\"}', '2017-07-03 11:39:08', '2017-07-03 11:39:16', '4785b4b5-8f8d-4a38-9130-c71f4ea89685'),
 ('55', '3', 'Facebook URL', 'facebookPage', 'global', '', '0', 'PlainText', '{\"placeholder\":\"https:\\/\\/facebook.com\\/yourPageHere\",\"maxLength\":\"\",\"multiline\":\"\",\"initialRows\":\"4\"}', '2017-07-03 11:39:08', '2017-07-03 11:39:08', '851f6853-b1dd-4a72-a5df-949ccbb5b050'),
 ('56', '3', 'Google Analytics Code', 'GA', 'global', 'Enter your Google Analytics code (eg. UA-XXXXX-Y)', '0', 'PlainText', '{\"placeholder\":\"UA-XXXXX-Y\",\"maxLength\":\"10\",\"multiline\":\"\",\"initialRows\":\"4\"}', '2017-07-03 11:39:08', '2017-07-03 11:39:08', '0536e8b4-4a25-4639-99b1-0fec5d7d0abf'),
 ('57', '3', 'Google+ URL', 'googleUrl', 'global', '', '0', 'PlainText', '{\"placeholder\":\"https:\\/\\/plus.google.com\\/u\\/0\\/+yourPageHere\",\"maxLength\":\"\",\"multiline\":\"\",\"initialRows\":\"4\"}', '2017-07-03 11:39:08', '2017-07-03 11:39:08', 'd043dce6-f29d-4057-b06b-19b469458ff0'),
 ('58', '3', 'Imprint', 'imprint', 'global', '', '0', 'RichText', '{\"configFile\":\"Standard.json\",\"availableAssetSources\":\"*\",\"availableTransforms\":\"*\",\"cleanupHtml\":\"1\",\"purifyHtml\":\"1\",\"purifierConfig\":\"\",\"columnType\":\"text\"}', '2017-07-03 11:39:08', '2017-07-03 11:39:08', 'efc2aed3-028e-4588-ad90-854632825ab7'),
 ('59', '3', 'Instagram URL', 'instagramUrl', 'global', '', '0', 'PlainText', '{\"placeholder\":\"https:\\/\\/instagram.com\\/yourPageHere\",\"maxLength\":\"\",\"multiline\":\"\",\"initialRows\":\"4\"}', '2017-07-03 11:39:09', '2017-07-03 11:39:09', '85e984e4-fdfa-4b98-a289-9c13d1c818fe'),
 ('60', '3', 'Linkedin URL', 'linkedinUrl', 'global', '', '0', 'PlainText', '{\"placeholder\":\"https:\\/\\/linkedin.com\\/yourPageHere\",\"maxLength\":\"\",\"multiline\":\"\",\"initialRows\":\"4\"}', '2017-07-03 11:39:09', '2017-07-03 11:39:09', 'bdc4e399-d973-4181-ac82-d01cc9e5ae62'),
 ('61', '3', 'Medium URL', 'mediumUrl', 'global', '', '0', 'PlainText', '{\"placeholder\":\"https:\\/\\/medium.com\\/yourNameHere\",\"maxLength\":\"\",\"multiline\":\"\",\"initialRows\":\"4\"}', '2017-07-03 11:39:09', '2017-07-03 11:39:09', '370567e8-0e11-4eb1-9525-d1621fba480f'),
 ('62', '3', 'Organisation Description', 'orgDescription', 'global', '', '0', 'PlainText', '{\"placeholder\":\"Insert here a cool description about your company, possibly unique text of maximum 160 character\",\"maxLength\":\"160\",\"multiline\":\"\",\"initialRows\":\"4\"}', '2017-07-03 11:39:09', '2017-07-03 11:39:09', '11492fc4-0cf9-4635-936f-a41560d7c69c'),
 ('63', '3', 'Organisation Establishment Year', 'orgEstablishmentYear', 'global', 'Since which year does this organisation exist?', '0', 'PlainText', '{\"placeholder\":\"1923\",\"maxLength\":\"4\",\"multiline\":\"\",\"initialRows\":\"4\"}', '2017-07-03 11:39:10', '2017-07-03 11:39:10', 'cec0db8e-d8a7-42c6-830f-05d03cabd7f6'),
 ('64', '3', 'Organisation Fax', 'orgFax', 'global', 'international format. \r\nEg. +49 176 79797699', '0', 'PlainText', '{\"placeholder\":\"+49 176 79797699\",\"maxLength\":\"\",\"multiline\":\"\",\"initialRows\":\"4\"}', '2017-07-03 11:39:10', '2017-07-03 11:39:10', '8ac706de-6b6a-4dfa-b4ef-25cc89c28951'),
 ('65', '3', 'Organisation GPS Position', 'orgGpsPosition', 'global', '(latitude, longitude)\r\neg. 52.520000, 13.405000', '0', 'PlainText', '{\"placeholder\":\"52.520000, 13.405000\",\"maxLength\":\"\",\"multiline\":\"\",\"initialRows\":\"4\"}', '2017-07-03 11:39:10', '2017-07-03 11:39:10', '94a476dc-55ad-49f4-abd8-c33495539b93'),
 ('66', '3', 'Organisation Industries / Subjects / Tags', 'orgTags', 'global', 'Comma separated industries (eg. fashion, e-commerce, retail, ...)', '0', 'Tags', '{\"source\":\"taggroup:1\",\"selectionLabel\":\"Retail\"}', '2017-07-03 11:39:10', '2017-07-03 11:39:10', 'bf8d06d1-d908-4dfa-a93a-265adabb1403'),
 ('67', '3', 'Organisation Logo', 'orgLogo', 'global', '', '0', 'Assets', '{\"useSingleFolder\":\"\",\"sources\":\"*\",\"defaultUploadLocationSource\":\"1\",\"defaultUploadLocationSubpath\":\"logo\",\"singleUploadLocationSource\":\"1\",\"singleUploadLocationSubpath\":\"\",\"restrictFiles\":\"1\",\"allowedKinds\":[\"image\"],\"limit\":\"1\",\"viewMode\":\"large\",\"selectionLabel\":\"\"}', '2017-07-03 11:39:10', '2017-07-03 11:39:16', '203a4880-8428-40b2-aa5d-d7ef62689dd2'),
 ('68', '3', 'Organisation Name', 'orgName', 'global', '', '0', 'PlainText', '{\"placeholder\":\"Your company name and maybe your slogan. (max 60 chars)\",\"maxLength\":\"60\",\"multiline\":\"\",\"initialRows\":\"4\"}', '2017-07-03 11:39:10', '2017-07-03 11:39:10', '258b4305-cf9a-4fff-97ba-99cd9de817fc'),
 ('69', '3', 'Organisation Phone Number', 'orgPhoneNumber', 'global', 'international format.\r\nEg. +49 176 79797699', '0', 'PlainText', '{\"placeholder\":\"+49 176 79797699\",\"maxLength\":\"\",\"multiline\":\"\",\"initialRows\":\"4\"}', '2017-07-03 11:39:11', '2017-07-03 11:39:11', 'a4eee8aa-42cd-40e7-98a0-5823d851ece7'),
 ('70', '3', 'Pinterest URL', 'pinterestUrl', 'global', '', '0', 'PlainText', '{\"placeholder\":\"https:\\/\\/pinterest.com\\/yourPageHere\",\"maxLength\":\"\",\"multiline\":\"\",\"initialRows\":\"4\"}', '2017-07-03 11:39:11', '2017-07-03 11:39:11', 'e1b0ea81-4cca-4c88-a8d0-d25a4ce52c9c'),
 ('71', '3', 'Privacy Policies', 'privacyPolicies', 'global', '', '0', 'RichText', '{\"configFile\":\"Standard.json\",\"availableAssetSources\":\"*\",\"availableTransforms\":\"*\",\"cleanupHtml\":\"1\",\"purifyHtml\":\"1\",\"purifierConfig\":\"\",\"columnType\":\"text\"}', '2017-07-03 11:39:11', '2017-07-03 11:39:11', '28a274fe-a10f-4cab-a024-a6ad36b530c9'),
 ('72', '3', 'Province / State', 'state', 'global', '', '0', 'PlainText', '{\"placeholder\":\"Baden-W\\u00fcrttemberg\",\"maxLength\":\"\",\"multiline\":\"\",\"initialRows\":\"4\"}', '2017-07-03 11:39:11', '2017-07-03 11:39:11', '11a1156a-87da-4b48-bc60-d6d9e49a9297'),
 ('73', '3', 'Terms & Conditions', 'termsConditions', 'global', '', '0', 'RichText', '{\"configFile\":\"Standard.json\",\"availableAssetSources\":\"*\",\"availableTransforms\":\"*\",\"cleanupHtml\":\"1\",\"purifyHtml\":\"1\",\"purifierConfig\":\"\",\"columnType\":\"text\"}', '2017-07-03 11:39:12', '2017-07-03 11:39:12', 'ea1ff1d9-ef1b-44c9-8dbc-82a9a14e653c'),
 ('74', '3', 'Twitter (Share) Image', 'twitterImage', 'global', 'Recommended: 506 x 253 pixels', '0', 'Assets', '{\"useSingleFolder\":\"1\",\"sources\":\"*\",\"defaultUploadLocationSource\":\"1\",\"defaultUploadLocationSubpath\":\"\\/social\",\"singleUploadLocationSource\":\"1\",\"singleUploadLocationSubpath\":\"social\",\"restrictFiles\":\"1\",\"allowedKinds\":[\"image\"],\"limit\":\"1\",\"viewMode\":\"large\",\"selectionLabel\":\"\"}', '2017-07-03 11:39:12', '2017-07-03 11:39:16', '59bac0ef-7429-452a-9d02-4d2b08fc19bd'),
 ('75', '3', 'Twitter URL', 'twitterUrl', 'global', '', '0', 'PlainText', '{\"placeholder\":\"https:\\/\\/twitter.com\\/yourHandleHere\",\"maxLength\":\"\",\"multiline\":\"\",\"initialRows\":\"4\"}', '2017-07-03 11:39:12', '2017-07-03 11:39:12', 'c72c183d-ae25-408a-9130-e8a9a43484f3'),
 ('76', '3', 'VAT / Tax Nr.', 'vatNr', 'global', '', '0', 'PlainText', '{\"placeholder\":\"DE 12345678\",\"maxLength\":\"\",\"multiline\":\"\",\"initialRows\":\"4\"}', '2017-07-03 11:39:12', '2017-07-03 11:39:12', 'f8e70aa6-0e10-43a8-a640-c0dd7ff1f80c'),
 ('77', '3', 'ZIP', 'zip', 'global', '', '0', 'PlainText', '{\"placeholder\":\"10141\",\"maxLength\":\"\",\"multiline\":\"\",\"initialRows\":\"4\"}', '2017-07-03 11:39:12', '2017-07-03 11:39:12', '14fd1fbd-7509-4b1f-ac34-8093300c427c'),
 ('78', '4', 'Bio', 'bio', 'global', '', '0', 'RichText', '{\"configFile\":\"Standard.json\",\"availableAssetSources\":\"*\",\"availableTransforms\":\"*\",\"cleanupHtml\":\"1\",\"purifyHtml\":\"1\",\"purifierConfig\":\"\",\"columnType\":\"text\"}', '2017-07-03 11:39:12', '2017-07-03 11:39:12', 'a7bdd84a-b9d7-4d82-9d47-511d0e2e221c');



DROP TABLE IF EXISTS `craft_globalsets`;


--
-- Schema for table `craft_globalsets`
--
CREATE TABLE `craft_globalsets` (
  `id` int(11) NOT NULL,
  `name` varchar(255) COLLATE utf8_unicode_ci NOT NULL,
  `handle` varchar(255) COLLATE utf8_unicode_ci NOT NULL,
  `fieldLayoutId` int(10) DEFAULT NULL,
  `dateCreated` datetime NOT NULL,
  `dateUpdated` datetime NOT NULL,
  `uid` char(36) COLLATE utf8_unicode_ci NOT NULL DEFAULT '0',
  PRIMARY KEY (`id`),
  UNIQUE KEY `craft_globalsets_name_unq_idx` (`name`),
  UNIQUE KEY `craft_globalsets_handle_unq_idx` (`handle`),
  KEY `craft_globalsets_fieldLayoutId_fk` (`fieldLayoutId`)
) ENGINE=InnoDB DEFAULT CHARSET=utf8 COLLATE=utf8_unicode_ci;

--
-- Data for table `craft_globalsets`
--

INSERT INTO `craft_globalsets` (`id`, `name`, `handle`, `fieldLayoutId`, `dateCreated`, `dateUpdated`, `uid`) VALUES
 ('4', '01. Main', 'main', '106', '2017-07-03 11:39:13', '2017-07-04 10:27:37', 'e922cb4e-33b9-496e-bca5-e326ee4b0a7d'),
 ('5', '02. Contact Info', 'contactInfo', '107', '2017-07-03 11:39:13', '2017-07-04 10:27:37', '8f8afb12-25da-4e57-b75c-f7f8fc649a82'),
 ('6', '03. External Services', 'services', '108', '2017-07-03 11:39:13', '2017-07-04 10:27:37', '9bd88e69-940b-4ad8-aa22-bea06edc044d'),
 ('7', '04. Social', 'social', '109', '2017-07-03 11:39:13', '2017-07-04 10:27:37', 'd19c5824-dc1e-4a18-9dee-6f757e2de5e7'),
 ('8', '05. SEO', 'seo', '110', '2017-07-03 11:39:13', '2017-07-04 10:27:37', '7592406e-29fe-437a-ab31-3d430bbf7968'),
 ('9', '06. Privacy and Terms', 'privacyAndTerms', '111', '2017-07-03 11:39:13', '2017-07-04 10:27:37', '649217d2-c4b6-4a23-b5be-964869d28459');



DROP TABLE IF EXISTS `craft_info`;


--
-- Schema for table `craft_info`
--
CREATE TABLE `craft_info` (
  `id` int(11) NOT NULL AUTO_INCREMENT,
  `version` varchar(50) COLLATE utf8_unicode_ci NOT NULL,
  `schemaVersion` varchar(15) COLLATE utf8_unicode_ci NOT NULL,
  `edition` tinyint(1) unsigned NOT NULL DEFAULT '0',
  `siteName` varchar(100) COLLATE utf8_unicode_ci NOT NULL,
  `siteUrl` varchar(255) COLLATE utf8_unicode_ci NOT NULL,
  `timezone` varchar(30) COLLATE utf8_unicode_ci DEFAULT NULL,
  `on` tinyint(1) unsigned NOT NULL DEFAULT '0',
  `maintenance` tinyint(1) unsigned NOT NULL DEFAULT '0',
  `dateCreated` datetime NOT NULL,
  `dateUpdated` datetime NOT NULL,
  `uid` char(36) COLLATE utf8_unicode_ci NOT NULL DEFAULT '0',
  PRIMARY KEY (`id`)
) ENGINE=InnoDB AUTO_INCREMENT=2 DEFAULT CHARSET=utf8 COLLATE=utf8_unicode_ci;

--
-- Data for table `craft_info`
--

INSERT INTO `craft_info` (`id`, `version`, `schemaVersion`, `edition`, `siteName`, `siteUrl`, `timezone`, `on`, `maintenance`, `dateCreated`, `dateUpdated`, `uid`) VALUES
 ('1', '2.6.2986', '2.6.10', '2', 'Welance', '//localhost', 'UTC', '1', '0', '2017-07-03 11:38:56', '2017-07-04 10:27:36', '67aba8e0-cb0e-46b6-a9c0-a3612765e774');



DROP TABLE IF EXISTS `craft_locales`;


--
-- Schema for table `craft_locales`
--
CREATE TABLE `craft_locales` (
  `locale` char(12) COLLATE utf8_unicode_ci NOT NULL,
  `sortOrder` smallint(6) unsigned DEFAULT NULL,
  `dateCreated` datetime NOT NULL,
  `dateUpdated` datetime NOT NULL,
  `uid` char(36) COLLATE utf8_unicode_ci NOT NULL DEFAULT '0',
  PRIMARY KEY (`locale`),
  KEY `craft_locales_sortOrder_idx` (`sortOrder`)
) ENGINE=InnoDB DEFAULT CHARSET=utf8 COLLATE=utf8_unicode_ci;

--
-- Data for table `craft_locales`
--

INSERT INTO `craft_locales` (`locale`, `sortOrder`, `dateCreated`, `dateUpdated`, `uid`) VALUES
 ('en_us', '1', '2017-07-03 11:38:57', '2017-07-04 10:27:37', '7f2f30e9-5976-472c-9a47-f44128db1477');



DROP TABLE IF EXISTS `craft_matrixblocks`;


--
-- Schema for table `craft_matrixblocks`
--
CREATE TABLE `craft_matrixblocks` (
  `id` int(11) NOT NULL,
  `ownerId` int(11) NOT NULL,
  `fieldId` int(11) NOT NULL,
  `typeId` int(11) DEFAULT NULL,
  `sortOrder` smallint(6) unsigned DEFAULT NULL,
  `ownerLocale` char(12) COLLATE utf8_unicode_ci DEFAULT NULL,
  `dateCreated` datetime NOT NULL,
  `dateUpdated` datetime NOT NULL,
  `uid` char(36) COLLATE utf8_unicode_ci NOT NULL DEFAULT '0',
  PRIMARY KEY (`id`),
  KEY `craft_matrixblocks_ownerId_idx` (`ownerId`),
  KEY `craft_matrixblocks_fieldId_idx` (`fieldId`),
  KEY `craft_matrixblocks_typeId_idx` (`typeId`),
  KEY `craft_matrixblocks_sortOrder_idx` (`sortOrder`),
  KEY `craft_matrixblocks_ownerLocale_fk` (`ownerLocale`)
) ENGINE=InnoDB DEFAULT CHARSET=utf8 COLLATE=utf8_unicode_ci;

--
-- Data for table `craft_matrixblocks`
--

INSERT INTO `craft_matrixblocks` (`id`, `ownerId`, `fieldId`, `typeId`, `sortOrder`, `ownerLocale`, `dateCreated`, `dateUpdated`, `uid`) VALUES
 ('10', '2', '13', '3', '1', NULL, '2017-07-03 12:03:47', '2017-07-03 13:49:06', '8f9dddf3-b3ee-4736-852c-96ec2e0ad7bf'),
 ('11', '2', '13', '3', '3', NULL, '2017-07-03 12:05:00', '2017-07-03 13:49:06', '9ed0f8d5-a3e5-48ca-a123-ba99815006df'),
 ('12', '2', '13', '3', '2', NULL, '2017-07-03 12:06:22', '2017-07-03 13:49:06', 'c761e02d-a26f-46ad-ad00-390a9b136494'),
 ('13', '2', '13', '3', '4', NULL, '2017-07-03 12:07:31', '2017-07-03 13:49:06', '308711c6-e594-4312-9618-b8e7469514ee'),
 ('15', '14', '13', '3', '1', NULL, '2017-07-03 12:10:29', '2017-07-03 12:10:29', 'f4de1be0-e9f5-465b-9ae1-4f5f21f2e196'),
 ('18', '17', '13', '3', '1', NULL, '2017-07-03 12:16:16', '2017-07-03 12:16:27', '0a6ce074-14b9-48fe-b57c-5b0e3116f354'),
 ('20', '19', '13', '3', '1', NULL, '2017-07-03 12:16:40', '2017-07-03 12:16:57', '55531fcb-bd54-4693-9249-770fdfdc26ce'),
 ('22', '21', '13', '3', '1', NULL, '2017-07-03 12:17:10', '2017-07-03 13:17:55', '9e13ac94-0b59-4330-9806-85e787b851ff');



DROP TABLE IF EXISTS `craft_matrixblocktypes`;


--
-- Schema for table `craft_matrixblocktypes`
--
CREATE TABLE `craft_matrixblocktypes` (
  `id` int(11) NOT NULL AUTO_INCREMENT,
  `fieldId` int(11) NOT NULL,
  `fieldLayoutId` int(11) DEFAULT NULL,
  `name` varchar(255) COLLATE utf8_unicode_ci NOT NULL,
  `handle` varchar(255) COLLATE utf8_unicode_ci NOT NULL,
  `sortOrder` smallint(6) unsigned DEFAULT NULL,
  `dateCreated` datetime NOT NULL,
  `dateUpdated` datetime NOT NULL,
  `uid` char(36) COLLATE utf8_unicode_ci NOT NULL DEFAULT '0',
  PRIMARY KEY (`id`),
  UNIQUE KEY `craft_matrixblocktypes_name_fieldId_unq_idx` (`name`,`fieldId`),
  UNIQUE KEY `craft_matrixblocktypes_handle_fieldId_unq_idx` (`handle`,`fieldId`),
  KEY `craft_matrixblocktypes_fieldId_fk` (`fieldId`),
  KEY `craft_matrixblocktypes_fieldLayoutId_fk` (`fieldLayoutId`)
) ENGINE=InnoDB AUTO_INCREMENT=10 DEFAULT CHARSET=utf8 COLLATE=utf8_unicode_ci;

--
-- Data for table `craft_matrixblocktypes`
--

INSERT INTO `craft_matrixblocktypes` (`id`, `fieldId`, `fieldLayoutId`, `name`, `handle`, `sortOrder`, `dateCreated`, `dateUpdated`, `uid`) VALUES
 ('1', '3', '33', 'Attachment', 'attachment', '1', '2017-07-03 11:38:59', '2017-07-03 11:39:14', 'fa2dde4d-2cbe-4526-a9f7-fa3c7c5c9a70'),
 ('2', '9', '7', 'link', 'link', '1', '2017-07-03 11:39:00', '2017-07-03 11:39:01', '5d9ef487-6676-496f-b32a-dfd1fc225e6a'),
 ('3', '13', '41', 'Content', 'richContent', '1', '2017-07-03 11:39:01', '2017-07-03 12:03:17', 'cbc7ac8e-c947-415e-aff7-2e69a4bf7eef'),
 ('4', '13', '42', 'Hero', 'hero', '2', '2017-07-03 11:39:02', '2017-07-03 12:03:17', '158d7829-b999-49fd-9221-8bdddf782bbb'),
 ('5', '13', '43', 'Image', 'image', '3', '2017-07-03 11:39:03', '2017-07-03 12:03:17', '6d4b6714-cf52-4e7a-bb5e-bca5e9d87335'),
 ('6', '13', '44', 'FAQ', 'faq', '4', '2017-07-03 11:39:04', '2017-07-03 12:03:17', '5175b576-57ed-45f4-a916-6d8ec9de3885'),
 ('7', '13', '45', 'Users', 'usersList', '5', '2017-07-03 11:39:04', '2017-07-03 12:03:18', '9896b999-43b6-4349-827e-2579433a735f'),
 ('8', '13', '46', 'Entries', 'entriesList', '6', '2017-07-03 11:39:05', '2017-07-03 12:03:18', '0e0e801a-5699-4826-9c54-168136af7b5b'),
 ('9', '13', '47', 'Gallery', 'gallery', '7', '2017-07-03 11:39:06', '2017-07-03 12:03:18', '887b212c-dddb-4653-8846-e36b6cf163cd');



DROP TABLE IF EXISTS `craft_matrixcontent_attachment`;


--
-- Schema for table `craft_matrixcontent_attachment`
--
CREATE TABLE `craft_matrixcontent_attachment` (
  `id` int(11) NOT NULL AUTO_INCREMENT,
  `elementId` int(11) NOT NULL,
  `locale` char(12) COLLATE utf8_unicode_ci NOT NULL,
  `field_attachment_attachmentLabel` text COLLATE utf8_unicode_ci,
  `dateCreated` datetime NOT NULL,
  `dateUpdated` datetime NOT NULL,
  `uid` char(36) COLLATE utf8_unicode_ci NOT NULL DEFAULT '0',
  PRIMARY KEY (`id`),
  UNIQUE KEY `craft_matrixcontent_attachment_elementId_locale_unq_idx` (`elementId`,`locale`),
  KEY `craft_matrixcontent_attachment_locale_fk` (`locale`)
) ENGINE=InnoDB DEFAULT CHARSET=utf8 COLLATE=utf8_unicode_ci;

DROP TABLE IF EXISTS `craft_matrixcontent_linkurl`;


--
-- Schema for table `craft_matrixcontent_linkurl`
--
CREATE TABLE `craft_matrixcontent_linkurl` (
  `id` int(11) NOT NULL AUTO_INCREMENT,
  `elementId` int(11) NOT NULL,
  `locale` char(12) COLLATE utf8_unicode_ci NOT NULL,
  `field_link_urlText` text COLLATE utf8_unicode_ci,
  `field_link_externalUrl` text COLLATE utf8_unicode_ci,
  `dateCreated` datetime NOT NULL,
  `dateUpdated` datetime NOT NULL,
  `uid` char(36) COLLATE utf8_unicode_ci NOT NULL DEFAULT '0',
  PRIMARY KEY (`id`),
  UNIQUE KEY `craft_matrixcontent_linkurl_elementId_locale_unq_idx` (`elementId`,`locale`),
  KEY `craft_matrixcontent_linkurl_locale_fk` (`locale`)
) ENGINE=InnoDB DEFAULT CHARSET=utf8 COLLATE=utf8_unicode_ci;

DROP TABLE IF EXISTS `craft_matrixcontent_pagebody`;


--
-- Schema for table `craft_matrixcontent_pagebody`
--
CREATE TABLE `craft_matrixcontent_pagebody` (
  `id` int(11) NOT NULL AUTO_INCREMENT,
  `elementId` int(11) NOT NULL,
  `locale` char(12) COLLATE utf8_unicode_ci NOT NULL,
  `field_richContent_colWidth` text COLLATE utf8_unicode_ci,
  `field_richContent_richContent` mediumtext COLLATE utf8_unicode_ci,
  `field_hero_colWidth` text COLLATE utf8_unicode_ci,
  `field_hero_mode` varchar(255) COLLATE utf8_unicode_ci DEFAULT 'contained-margins',
  `field_hero_backgroundColor` char(7) COLLATE utf8_unicode_ci DEFAULT NULL,
  `field_hero_mainTitle` text COLLATE utf8_unicode_ci,
  `field_hero_text` text COLLATE utf8_unicode_ci,
  `field_hero_mediasPosition` varchar(255) COLLATE utf8_unicode_ci DEFAULT NULL,
  `field_hero_mediaRatio` varchar(255) COLLATE utf8_unicode_ci DEFAULT '1-1',
  `field_image_colWidth` text COLLATE utf8_unicode_ci,
  `field_image_mediaRatio` varchar(255) COLLATE utf8_unicode_ci DEFAULT '1-1',
  `field_image_position` varchar(255) COLLATE utf8_unicode_ci DEFAULT NULL,
  `field_image_showCaption` tinyint(1) unsigned NOT NULL DEFAULT '0',
  `field_faq_colWidth` text COLLATE utf8_unicode_ci,
  `field_faq_faqs` text COLLATE utf8_unicode_ci,
  `field_usersList_colWidth` text COLLATE utf8_unicode_ci,
  `field_usersList_usersDisplayMode` varchar(255) COLLATE utf8_unicode_ci DEFAULT 'accordion-no-pic',
  `field_usersList_usersPerRow` varchar(255) COLLATE utf8_unicode_ci DEFAULT '3',
  `field_entriesList_colWidth` text COLLATE utf8_unicode_ci,
  `field_entriesList_entriesDisplayMode` varchar(255) COLLATE utf8_unicode_ci DEFAULT NULL,
  `field_entriesList_entriesPerRow` varchar(255) COLLATE utf8_unicode_ci DEFAULT '3',
  `field_gallery_colWidth` text COLLATE utf8_unicode_ci,
  `field_gallery_galleryDisplayMode` varchar(255) COLLATE utf8_unicode_ci DEFAULT 'regular',
  `field_gallery_mediaRatio` varchar(255) COLLATE utf8_unicode_ci DEFAULT '1-1',
  `field_gallery_mediasPerRow` varchar(255) COLLATE utf8_unicode_ci DEFAULT '3',
  `dateCreated` datetime NOT NULL,
  `dateUpdated` datetime NOT NULL,
  `uid` char(36) COLLATE utf8_unicode_ci NOT NULL DEFAULT '0',
  PRIMARY KEY (`id`),
  UNIQUE KEY `craft_matrixcontent_pagebody_elementId_locale_unq_idx` (`elementId`,`locale`),
  KEY `craft_matrixcontent_pagebody_locale_fk` (`locale`)
) ENGINE=InnoDB AUTO_INCREMENT=9 DEFAULT CHARSET=utf8 COLLATE=utf8_unicode_ci;

--
-- Data for table `craft_matrixcontent_pagebody`
--

INSERT INTO `craft_matrixcontent_pagebody` (`id`, `elementId`, `locale`, `field_richContent_colWidth`, `field_richContent_richContent`, `field_hero_colWidth`, `field_hero_mode`, `field_hero_backgroundColor`, `field_hero_mainTitle`, `field_hero_text`, `field_hero_mediasPosition`, `field_hero_mediaRatio`, `field_image_colWidth`, `field_image_mediaRatio`, `field_image_position`, `field_image_showCaption`, `field_faq_colWidth`, `field_faq_faqs`, `field_usersList_colWidth`, `field_usersList_usersDisplayMode`, `field_usersList_usersPerRow`, `field_entriesList_colWidth`, `field_entriesList_entriesDisplayMode`, `field_entriesList_entriesPerRow`, `field_gallery_colWidth`, `field_gallery_galleryDisplayMode`, `field_gallery_mediaRatio`, `field_gallery_mediasPerRow`, `dateCreated`, `dateUpdated`, `uid`) VALUES
 ('1', '10', 'en_us', 's:246:\"{\"mobile\":{\"offset\":0,\"width\":12,\"active\":false},\"desktop\":{\"offset\":\"0\",\"width\":\"12\",\"active\":true},\"tablet\":{\"offset\":0,\"width\":12,\"active\":false},\"wide\":{\"offset\":0,\"width\":12,\"active\":false},\"new_row\":false,\"full_width\":false,\"v_align\":\"top\"}\";', '<h2>This is an example Homepage&nbsp;✌️</h2>', NULL, NULL, NULL, NULL, NULL, NULL, NULL, NULL, NULL, NULL, '0', NULL, NULL, NULL, NULL, NULL, NULL, NULL, NULL, NULL, NULL, NULL, NULL, '2017-07-03 12:03:47', '2017-07-03 13:49:06', '2091375c-cf9a-4366-bfd6-cd6c872b972e'),
 ('2', '11', 'en_us', 's:245:\"{\"mobile\":{\"offset\":0,\"width\":12,\"active\":false},\"desktop\":{\"offset\":\"0\",\"width\":\"6\",\"active\":true},\"tablet\":{\"offset\":0,\"width\":12,\"active\":false},\"wide\":{\"offset\":0,\"width\":12,\"active\":false},\"new_row\":false,\"full_width\":false,\"v_align\":\"top\"}\";', '<p>This is a content element, shifted a bit on the right side of the page...but only on desktop!</p>\r\n<p>Sed ut perspiciatis unde omnis iste natus error sit voluptatem accusantium doloremque laudantium, totam rem aperiam, eaque ipsa quae ab illo inventore veritatis et quasi architecto beatae vitae dicta sunt explicabo. Nemo enim ipsam voluptatem quia voluptas sit aspernatur aut odit aut fugit, sed quia consequuntur magni dolores eos qui ratione voluptatem sequi nesciunt. Neque porro quisquam est, qui dolorem ipsum quia dolor sit amet, consectetur, adipisci velit, sed quia non numquam eius modi tempora incidunt ut labore et dolore magnam aliquam quaerat voluptatem. Ut enim ad minima veniam, quis nostrum exercitationem ullam corporis suscipit laboriosam, nisi ut aliquid ex ea commodi consequatur? Quis autem vel eum iure reprehenderit qui in ea voluptate velit esse quam nihil molestiae consequatur, vel illum qui dolorem eum fugiat quo voluptas nulla pariatur?<br></p>', NULL, NULL, NULL, NULL, NULL, NULL, NULL, NULL, NULL, NULL, '0', NULL, NULL, NULL, NULL, NULL, NULL, NULL, NULL, NULL, NULL, NULL, NULL, '2017-07-03 12:05:00', '2017-07-03 13:49:06', '8fa225ce-a7ba-41dc-af09-643c8cf60e1b'),
 ('3', '12', 'en_us', 's:245:\"{\"mobile\":{\"offset\":0,\"width\":12,\"active\":false},\"desktop\":{\"offset\":\"0\",\"width\":\"6\",\"active\":true},\"tablet\":{\"offset\":0,\"width\":12,\"active\":false},\"wide\":{\"offset\":0,\"width\":12,\"active\":false},\"new_row\":false,\"full_width\":false,\"v_align\":\"top\"}\";', '<p>This is a content element...but only on desktop it\'s shown as a \"different column\"&nbsp;;)</p>\r\n<p><strong><br></strong></p>\r\n<p><strong><br></strong></p>\r\n<p><strong>IMPORTANT: </strong>This craftCMS starter is using a <strong>paid font</strong>&nbsp;(Maison Neue Book) for which welance only owns a license for only one website (<a href=\"http://welance.com\" target=\"_blank\">welance.com</a>).&nbsp;So please, make sure to <strong>change it</strong>&nbsp;(or pay a new license) before publishing this website. </p>\r\n<p><br></p>\r\n<h4 class=\"subtitle\">&#x1f64f;&nbsp;Thanks!</h4>', NULL, NULL, NULL, NULL, NULL, NULL, NULL, NULL, NULL, NULL, '0', NULL, NULL, NULL, NULL, NULL, NULL, NULL, NULL, NULL, NULL, NULL, NULL, '2017-07-03 12:06:22', '2017-07-03 13:49:06', '1e2cb299-b413-4362-b910-81f3a290c950'),
 ('4', '13', 'en_us', 's:246:\"{\"mobile\":{\"offset\":0,\"width\":12,\"active\":false},\"desktop\":{\"offset\":\"6\",\"width\":\"12\",\"active\":true},\"tablet\":{\"offset\":0,\"width\":12,\"active\":false},\"wide\":{\"offset\":0,\"width\":12,\"active\":false},\"new_row\":false,\"full_width\":false,\"v_align\":\"top\"}\";', '<p>This is content placed on right side thanks to some offset.&nbsp;<a href=\"http://emojipedia.org/winking-face/\">&#x1f609;</a></p>', NULL, NULL, NULL, NULL, NULL, NULL, NULL, NULL, NULL, NULL, '0', NULL, NULL, NULL, NULL, NULL, NULL, NULL, NULL, NULL, NULL, NULL, NULL, '2017-07-03 12:07:31', '2017-07-03 13:49:06', 'd91052cc-853d-45b2-a167-3148c7f0447f'),
 ('5', '15', 'en_us', 's:0:\"\";', '<h2><a href=\"http://emojipedia.org/victory-hand/\"></a></h2><p>This is a content element.</p>\r\n<p>Sed ut perspiciatis unde omnis iste natus error sit voluptatem accusantium doloremque laudantium, totam rem aperiam, eaque ipsa quae ab illo inventore veritatis et quasi architecto beatae vitae dicta sunt explicabo. Nemo enim ipsam voluptatem quia voluptas sit aspernatur aut odit aut fugit, sed quia consequuntur magni dolores eos qui ratione voluptatem sequi nesciunt. Neque porro quisquam est, qui dolorem ipsum quia dolor sit amet, consectetur, adipisci velit, sed quia non numquam eius modi tempora incidunt ut labore et dolore magnam aliquam quaerat voluptatem. Ut enim ad minima veniam, quis nostrum exercitationem ullam corporis suscipit laboriosam, nisi ut aliquid ex ea commodi consequatur? Quis autem vel eum iure reprehenderit qui in ea voluptate velit esse quam nihil molestiae consequatur, vel illum qui dolorem eum fugiat quo voluptas nulla pariatur?</p>', NULL, NULL, NULL, NULL, NULL, NULL, NULL, NULL, NULL, NULL, '0', NULL, NULL, NULL, NULL, NULL, NULL, NULL, NULL, NULL, NULL, NULL, NULL, '2017-07-03 12:10:29', '2017-07-03 12:10:29', '3b3850dc-34f0-4995-abdf-9aa47d37ae42'),
 ('6', '18', 'en_us', 's:246:\"{\"mobile\":{\"offset\":0,\"width\":12,\"active\":false},\"desktop\":{\"offset\":\"0\",\"width\":\"12\",\"active\":true},\"tablet\":{\"offset\":0,\"width\":12,\"active\":false},\"wide\":{\"offset\":0,\"width\":12,\"active\":false},\"new_row\":false,\"full_width\":false,\"v_align\":\"top\"}\";', '<h2>This could be an example page</h2>\r\n<p>With some content as usual</p>', NULL, NULL, NULL, NULL, NULL, NULL, NULL, NULL, NULL, NULL, '0', NULL, NULL, NULL, NULL, NULL, NULL, NULL, NULL, NULL, NULL, NULL, NULL, '2017-07-03 12:16:16', '2017-07-03 12:16:27', '0afbbb9e-710e-4d56-9832-ff228becc0b1'),
 ('7', '20', 'en_us', 's:246:\"{\"mobile\":{\"offset\":0,\"width\":12,\"active\":false},\"desktop\":{\"offset\":\"0\",\"width\":\"12\",\"active\":true},\"tablet\":{\"offset\":0,\"width\":12,\"active\":false},\"wide\":{\"offset\":0,\"width\":12,\"active\":false},\"new_row\":false,\"full_width\":false,\"v_align\":\"top\"}\";', '<h2>This is an example page #2</h2>\r\n<p>With some content as usual</p>', NULL, NULL, NULL, NULL, NULL, NULL, NULL, NULL, NULL, NULL, '0', NULL, NULL, NULL, NULL, NULL, NULL, NULL, NULL, NULL, NULL, NULL, NULL, '2017-07-03 12:16:40', '2017-07-03 12:16:57', 'ef43c89c-6d6e-4b7a-8f1a-0cf2e9baf2e4'),
 ('8', '22', 'en_us', 's:246:\"{\"mobile\":{\"offset\":0,\"width\":12,\"active\":false},\"desktop\":{\"offset\":\"0\",\"width\":\"12\",\"active\":true},\"tablet\":{\"offset\":0,\"width\":12,\"active\":false},\"wide\":{\"offset\":0,\"width\":12,\"active\":false},\"new_row\":false,\"full_width\":false,\"v_align\":\"top\"}\";', '<h2>This is a subpage of page #2</h2>\r\n<p>With some content as usual</p>', NULL, NULL, NULL, NULL, NULL, NULL, NULL, NULL, NULL, NULL, '0', NULL, NULL, NULL, NULL, NULL, NULL, NULL, NULL, NULL, NULL, NULL, NULL, '2017-07-03 12:17:10', '2017-07-03 13:17:55', 'e7dd7613-4bfb-40c8-9664-83fa051bcb36');



DROP TABLE IF EXISTS `craft_migrations`;


--
-- Schema for table `craft_migrations`
--
CREATE TABLE `craft_migrations` (
  `id` int(11) NOT NULL AUTO_INCREMENT,
  `pluginId` int(11) DEFAULT NULL,
  `version` varchar(255) COLLATE utf8_unicode_ci NOT NULL,
  `applyTime` datetime NOT NULL,
  `dateCreated` datetime NOT NULL,
  `dateUpdated` datetime NOT NULL,
  `uid` char(36) COLLATE utf8_unicode_ci NOT NULL DEFAULT '0',
  PRIMARY KEY (`id`),
  UNIQUE KEY `craft_migrations_version_unq_idx` (`version`),
  KEY `craft_migrations_pluginId_fk` (`pluginId`)
) ENGINE=InnoDB AUTO_INCREMENT=40 DEFAULT CHARSET=utf8 COLLATE=utf8_unicode_ci;

--
-- Data for table `craft_migrations`
--

INSERT INTO `craft_migrations` (`id`, `pluginId`, `version`, `applyTime`, `dateCreated`, `dateUpdated`, `uid`) VALUES
 ('1', NULL, 'm000000_000000_base', '2017-07-03 11:38:56', '2017-07-03 11:38:56', '2017-07-03 11:38:56', '87d04da7-2859-4577-ba8a-e01f7b15cb7f'),
 ('2', NULL, 'm140730_000001_add_filename_and_format_to_transformindex', '2017-07-03 11:38:56', '2017-07-03 11:38:57', '2017-07-03 11:38:57', '3854997b-76c3-4f5e-baa4-345d5eeb3962'),
 ('3', NULL, 'm140815_000001_add_format_to_transforms', '2017-07-03 11:38:56', '2017-07-03 11:38:57', '2017-07-03 11:38:57', '2945508d-8a2d-46f7-ac03-b7c13b3edf20'),
 ('4', NULL, 'm140822_000001_allow_more_than_128_items_per_field', '2017-07-03 11:38:56', '2017-07-03 11:38:57', '2017-07-03 11:38:57', 'a27449e5-45f6-42f4-aeb9-c2c8b2a5ba9e'),
 ('5', NULL, 'm140829_000001_single_title_formats', '2017-07-03 11:38:56', '2017-07-03 11:38:57', '2017-07-03 11:38:57', '04bbda5d-7386-4d1c-b1bb-d3f3e1af2579'),
 ('6', NULL, 'm140831_000001_extended_cache_keys', '2017-07-03 11:38:56', '2017-07-03 11:38:57', '2017-07-03 11:38:57', '5e40e9d5-c517-4fa5-9b93-cf268455f125'),
 ('7', NULL, 'm140922_000001_delete_orphaned_matrix_blocks', '2017-07-03 11:38:56', '2017-07-03 11:38:57', '2017-07-03 11:38:57', '9592d007-e765-4079-b91e-18676be03536'),
 ('8', NULL, 'm141008_000001_elements_index_tune', '2017-07-03 11:38:56', '2017-07-03 11:38:57', '2017-07-03 11:38:57', '32bf534a-884f-48f7-850e-5f289a83f9c1'),
 ('9', NULL, 'm141009_000001_assets_source_handle', '2017-07-03 11:38:56', '2017-07-03 11:38:57', '2017-07-03 11:38:57', '37d72cd2-411b-410e-a34f-fd036cab7c9e'),
 ('10', NULL, 'm141024_000001_field_layout_tabs', '2017-07-03 11:38:56', '2017-07-03 11:38:57', '2017-07-03 11:38:57', 'dda46437-529b-4c78-9f9e-cb5a0d13f6d5'),
 ('11', NULL, 'm141030_000000_plugin_schema_versions', '2017-07-03 11:38:56', '2017-07-03 11:38:57', '2017-07-03 11:38:57', 'eb83b9f6-54a3-49c1-b5f5-731c2d7094b8'),
 ('12', NULL, 'm141030_000001_drop_structure_move_permission', '2017-07-03 11:38:56', '2017-07-03 11:38:57', '2017-07-03 11:38:57', '238533d8-8031-4326-bd23-e6472d0bf788'),
 ('13', NULL, 'm141103_000001_tag_titles', '2017-07-03 11:38:56', '2017-07-03 11:38:57', '2017-07-03 11:38:57', 'a4c7707c-0384-49da-b217-0e5800d4e063'),
 ('14', NULL, 'm141109_000001_user_status_shuffle', '2017-07-03 11:38:56', '2017-07-03 11:38:57', '2017-07-03 11:38:57', '173ba1c4-6540-4e54-9164-f65f64cb2f21'),
 ('15', NULL, 'm141126_000001_user_week_start_day', '2017-07-03 11:38:56', '2017-07-03 11:38:57', '2017-07-03 11:38:57', '49223936-d489-43f9-8acd-784c32b81489'),
 ('16', NULL, 'm150210_000001_adjust_user_photo_size', '2017-07-03 11:38:56', '2017-07-03 11:38:57', '2017-07-03 11:38:57', '1c41f08a-e39d-41ba-a5c4-807b113ab04a'),
 ('17', NULL, 'm150724_000001_adjust_quality_settings', '2017-07-03 11:38:56', '2017-07-03 11:38:57', '2017-07-03 11:38:57', '69816fab-6c32-493e-b63e-01fccf2bceb2'),
 ('18', NULL, 'm150827_000000_element_index_settings', '2017-07-03 11:38:56', '2017-07-03 11:38:57', '2017-07-03 11:38:57', 'dcb4e06c-6d09-4518-90f7-b948f75fb924'),
 ('19', NULL, 'm150918_000001_add_colspan_to_widgets', '2017-07-03 11:38:56', '2017-07-03 11:38:57', '2017-07-03 11:38:57', 'd124982b-f237-4532-9d30-660a0b47e209'),
 ('20', NULL, 'm151007_000000_clear_asset_caches', '2017-07-03 11:38:56', '2017-07-03 11:38:57', '2017-07-03 11:38:57', '28a55cc8-0095-4bca-95c5-354b7bfdc231'),
 ('21', NULL, 'm151109_000000_text_url_formats', '2017-07-03 11:38:56', '2017-07-03 11:38:57', '2017-07-03 11:38:57', '1478b421-5738-4737-abf6-040f155f104f'),
 ('22', NULL, 'm151110_000000_move_logo', '2017-07-03 11:38:56', '2017-07-03 11:38:57', '2017-07-03 11:38:57', 'c0bdcfa3-5865-466f-af42-2be28485b612'),
 ('23', NULL, 'm151117_000000_adjust_image_widthheight', '2017-07-03 11:38:56', '2017-07-03 11:38:57', '2017-07-03 11:38:57', '3f824e3e-9bd8-4f5a-9144-9afdc2ad55da'),
 ('24', NULL, 'm151127_000000_clear_license_key_status', '2017-07-03 11:38:56', '2017-07-03 11:38:57', '2017-07-03 11:38:57', 'f3177155-ec98-49ff-aa3b-a1a756696ae7'),
 ('25', NULL, 'm151127_000000_plugin_license_keys', '2017-07-03 11:38:56', '2017-07-03 11:38:57', '2017-07-03 11:38:57', 'c9329640-a301-48fd-aab2-292d933f3d11'),
 ('26', NULL, 'm151130_000000_update_pt_widget_feeds', '2017-07-03 11:38:56', '2017-07-03 11:38:57', '2017-07-03 11:38:57', '314dd4d1-70fa-4257-86e2-ab077800b1b7'),
 ('27', NULL, 'm160114_000000_asset_sources_public_url_default_true', '2017-07-03 11:38:56', '2017-07-03 11:38:57', '2017-07-03 11:38:57', 'eb925748-20bf-4ba4-bee7-2c4c1d20e786'),
 ('28', NULL, 'm160223_000000_sortorder_to_smallint', '2017-07-03 11:38:56', '2017-07-03 11:38:57', '2017-07-03 11:38:57', '662f9a6a-2764-4220-8ef1-756c90be637f'),
 ('29', NULL, 'm160229_000000_set_default_entry_statuses', '2017-07-03 11:38:56', '2017-07-03 11:38:57', '2017-07-03 11:38:57', '55e5573c-df8d-4263-9cb2-9c917bbb4c72'),
 ('30', NULL, 'm160304_000000_client_permissions', '2017-07-03 11:38:56', '2017-07-03 11:38:57', '2017-07-03 11:38:57', '6d6860e1-fd2d-45cb-b17d-a6bd9e63791a'),
 ('31', NULL, 'm160322_000000_asset_filesize', '2017-07-03 11:38:56', '2017-07-03 11:38:57', '2017-07-03 11:38:57', '05fc796f-e9e2-4173-a368-119f10c8cb84'),
 ('32', NULL, 'm160503_000000_orphaned_fieldlayouts', '2017-07-03 11:38:56', '2017-07-03 11:38:57', '2017-07-03 11:38:57', '633fd7c2-2d2c-4b63-a837-a41ec2793ad8'),
 ('33', NULL, 'm160510_000000_tasksettings', '2017-07-03 11:38:56', '2017-07-03 11:38:57', '2017-07-03 11:38:57', '6ebf78d3-5c9f-463a-838a-bc630a28a4ea'),
 ('34', NULL, 'm160829_000000_pending_user_content_cleanup', '2017-07-03 11:38:56', '2017-07-03 11:38:57', '2017-07-03 11:38:57', '5537b8cb-8a1d-4c3d-87fc-0cf76b5dfeae'),
 ('35', NULL, 'm160830_000000_asset_index_uri_increase', '2017-07-03 11:38:56', '2017-07-03 11:38:57', '2017-07-03 11:38:57', '1ac0abfc-b69f-467b-9548-0a74313dae14'),
 ('36', NULL, 'm160919_000000_usergroup_handle_title_unique', '2017-07-03 11:38:56', '2017-07-03 11:38:57', '2017-07-03 11:38:57', '3bfa5b67-1eef-416b-9e27-099c79f29088'),
 ('37', NULL, 'm161108_000000_new_version_format', '2017-07-03 11:38:56', '2017-07-03 11:38:57', '2017-07-03 11:38:57', 'f7a08942-18f2-4814-8dd5-d6562c322821'),
 ('38', NULL, 'm161109_000000_index_shuffle', '2017-07-03 11:38:56', '2017-07-03 11:38:57', '2017-07-03 11:38:57', 'f85bd804-11ea-4864-b2c8-2d113e8b1250'),
 ('39', NULL, 'm170612_000000_route_index_shuffle', '2017-07-03 13:56:28', '2017-07-03 13:56:28', '2017-07-03 13:56:28', '65cfca6f-7d94-4b50-a891-adb537e0ce9e');



DROP TABLE IF EXISTS `craft_plugins`;


--
-- Schema for table `craft_plugins`
--
CREATE TABLE `craft_plugins` (
  `id` int(11) NOT NULL AUTO_INCREMENT,
  `class` varchar(150) COLLATE utf8_unicode_ci NOT NULL,
  `version` varchar(15) COLLATE utf8_unicode_ci NOT NULL,
  `schemaVersion` varchar(15) COLLATE utf8_unicode_ci DEFAULT NULL,
  `licenseKey` char(24) COLLATE utf8_unicode_ci DEFAULT NULL,
  `licenseKeyStatus` enum('valid','invalid','mismatched','unknown') COLLATE utf8_unicode_ci NOT NULL DEFAULT 'unknown',
  `enabled` tinyint(1) unsigned NOT NULL DEFAULT '0',
  `settings` text COLLATE utf8_unicode_ci,
  `installDate` datetime NOT NULL,
  `dateCreated` datetime NOT NULL,
  `dateUpdated` datetime NOT NULL,
  `uid` char(36) COLLATE utf8_unicode_ci NOT NULL DEFAULT '0',
  PRIMARY KEY (`id`)
) ENGINE=InnoDB AUTO_INCREMENT=2 DEFAULT CHARSET=utf8 COLLATE=utf8_unicode_ci;

--
-- Data for table `craft_plugins`
--

INSERT INTO `craft_plugins` (`id`, `class`, `version`, `schemaVersion`, `licenseKey`, `licenseKeyStatus`, `enabled`, `settings`, `installDate`, `dateCreated`, `dateUpdated`, `uid`) VALUES
 ('1', 'WelanceGrid', '0.1.0', NULL, NULL, 'unknown', '1', '[]', '2017-07-03 11:38:58', '2017-07-03 11:38:58', '2017-07-04 10:27:36', 'b2a5ff78-a9f0-4c70-94a6-8957f1488750');



DROP TABLE IF EXISTS `craft_rackspaceaccess`;


--
-- Schema for table `craft_rackspaceaccess`
--
CREATE TABLE `craft_rackspaceaccess` (
  `id` int(11) NOT NULL AUTO_INCREMENT,
  `connectionKey` varchar(255) COLLATE utf8_unicode_ci NOT NULL,
  `token` varchar(255) COLLATE utf8_unicode_ci NOT NULL,
  `storageUrl` varchar(255) COLLATE utf8_unicode_ci NOT NULL,
  `cdnUrl` varchar(255) COLLATE utf8_unicode_ci NOT NULL,
  `dateCreated` datetime NOT NULL,
  `dateUpdated` datetime NOT NULL,
  `uid` char(36) COLLATE utf8_unicode_ci NOT NULL DEFAULT '0',
  PRIMARY KEY (`id`),
  UNIQUE KEY `craft_rackspaceaccess_connectionKey_unq_idx` (`connectionKey`)
) ENGINE=InnoDB DEFAULT CHARSET=utf8 COLLATE=utf8_unicode_ci;

DROP TABLE IF EXISTS `craft_relations`;


--
-- Schema for table `craft_relations`
--
CREATE TABLE `craft_relations` (
  `id` int(11) NOT NULL AUTO_INCREMENT,
  `fieldId` int(11) NOT NULL,
  `sourceId` int(11) NOT NULL,
  `sourceLocale` char(12) COLLATE utf8_unicode_ci DEFAULT NULL,
  `targetId` int(11) NOT NULL,
  `sortOrder` smallint(6) DEFAULT NULL,
  `dateCreated` datetime NOT NULL,
  `dateUpdated` datetime NOT NULL,
  `uid` char(36) COLLATE utf8_unicode_ci NOT NULL DEFAULT '0',
  PRIMARY KEY (`id`),
  UNIQUE KEY `craft_relations_fieldId_sourceId_sourceLocale_targetId_unq_idx` (`fieldId`,`sourceId`,`sourceLocale`,`targetId`),
  KEY `craft_relations_sourceId_fk` (`sourceId`),
  KEY `craft_relations_sourceLocale_fk` (`sourceLocale`),
  KEY `craft_relations_targetId_fk` (`targetId`)
) ENGINE=InnoDB DEFAULT CHARSET=utf8 COLLATE=utf8_unicode_ci;

DROP TABLE IF EXISTS `craft_routes`;


--
-- Schema for table `craft_routes`
--
CREATE TABLE `craft_routes` (
  `id` int(11) NOT NULL AUTO_INCREMENT,
  `locale` char(12) COLLATE utf8_unicode_ci DEFAULT NULL,
  `urlParts` varchar(255) COLLATE utf8_unicode_ci NOT NULL,
  `urlPattern` varchar(255) COLLATE utf8_unicode_ci NOT NULL,
  `template` varchar(255) COLLATE utf8_unicode_ci NOT NULL,
  `sortOrder` smallint(6) unsigned DEFAULT NULL,
  `dateCreated` datetime NOT NULL,
  `dateUpdated` datetime NOT NULL,
  `uid` char(36) COLLATE utf8_unicode_ci NOT NULL DEFAULT '0',
  PRIMARY KEY (`id`),
  KEY `craft_routes_locale_idx` (`locale`),
  KEY `craft_routes_urlPattern_idx` (`urlPattern`)
) ENGINE=InnoDB AUTO_INCREMENT=3 DEFAULT CHARSET=utf8 COLLATE=utf8_unicode_ci;

--
-- Data for table `craft_routes`
--

INSERT INTO `craft_routes` (`id`, `locale`, `urlParts`, `urlPattern`, `template`, `sortOrder`, `dateCreated`, `dateUpdated`, `uid`) VALUES
 ('1', NULL, '[\"news\"]', 'news', '_entries/news/index.html', '1', '2017-07-03 12:11:49', '2017-07-03 12:11:49', 'e406536c-6e83-4117-8ad4-b2591352bc8b'),
 ('2', NULL, '[\"news\\/type\\/\",[\"*\",\"[^\\\\\\/]+\"]]', 'news\\/type\\/([^\\/]+)', '_entries/news/index.html', '2', '2017-07-03 12:12:15', '2017-07-03 12:15:29', '951e68aa-8aa4-498a-8049-26758a5b929b');



DROP TABLE IF EXISTS `craft_searchindex`;


--
-- Schema for table `craft_searchindex`
--
CREATE TABLE `craft_searchindex` (
  `elementId` int(11) NOT NULL,
  `attribute` varchar(25) COLLATE utf8_unicode_ci NOT NULL,
  `fieldId` int(11) NOT NULL,
  `locale` char(12) COLLATE utf8_unicode_ci NOT NULL,
  `keywords` text COLLATE utf8_unicode_ci NOT NULL,
  PRIMARY KEY (`elementId`,`attribute`,`fieldId`,`locale`),
  FULLTEXT KEY `craft_searchindex_keywords_idx` (`keywords`)
) ENGINE=MyISAM DEFAULT CHARSET=utf8 COLLATE=utf8_unicode_ci;

--
-- Data for table `craft_searchindex`
--

INSERT INTO `craft_searchindex` (`elementId`, `attribute`, `fieldId`, `locale`, `keywords`) VALUES
 ('1', 'username', '0', 'en_us', ' admin '),
 ('1', 'firstname', '0', 'en_us', ''),
 ('1', 'lastname', '0', 'en_us', ''),
 ('1', 'fullname', '0', 'en_us', ''),
 ('1', 'email', '0', 'en_us', ' admin welance de '),
 ('1', 'slug', '0', 'en_us', ''),
 ('2', 'slug', '0', 'en_us', ' homepage '),
 ('2', 'title', '0', 'en_us', ' welcome to welance craftcms starter '),
 ('2', 'field', '1', 'en_us', ' it s true this site doesn t have a whole lot of content yet but don t worry our web developers have just installed the cms and they re setting things up for the content editors this very moment soon welance will be an oasis of fresh perspectives sharp analyses and astute opinions that will keep you coming back again and again '),
 ('10', 'field', '14', 'en_us', ' s 246 mobile offset 0 width 12 active false desktop offset 0 width 12 active true tablet offset 0 width 12 active false wide offset 0 width 12 active false new_row false full_width false v_align top '),
 ('10', 'field', '15', 'en_us', ' this is an example homepage ✌️ '),
 ('4', 'field', '50', 'en_us', ''),
 ('4', 'field', '63', 'en_us', ''),
 ('4', 'field', '76', 'en_us', ''),
 ('4', 'slug', '0', 'en_us', ''),
 ('5', 'field', '53', 'en_us', ' customer support '),
 ('5', 'field', '49', 'en_us', ' waldemastr 37a '),
 ('5', 'field', '77', 'en_us', ' 10999 '),
 ('5', 'field', '51', 'en_us', ' berlin '),
 ('5', 'field', '72', 'en_us', ' berlin '),
 ('5', 'field', '52', 'en_us', ' germany '),
 ('5', 'field', '65', 'en_us', ''),
 ('5', 'field', '69', 'en_us', ' 49 0 30 60 98 57 750 '),
 ('5', 'field', '64', 'en_us', ''),
 ('5', 'slug', '0', 'en_us', ''),
 ('6', 'field', '56', 'en_us', ''),
 ('6', 'slug', '0', 'en_us', ''),
 ('7', 'field', '55', 'en_us', ''),
 ('7', 'field', '54', 'en_us', ''),
 ('7', 'field', '75', 'en_us', ''),
 ('7', 'field', '74', 'en_us', ''),
 ('7', 'field', '57', 'en_us', ''),
 ('7', 'field', '59', 'en_us', ''),
 ('7', 'field', '70', 'en_us', ''),
 ('7', 'field', '60', 'en_us', ''),
 ('7', 'field', '61', 'en_us', ''),
 ('7', 'slug', '0', 'en_us', ''),
 ('8', 'field', '66', 'en_us', ''),
 ('8', 'field', '68', 'en_us', ''),
 ('8', 'field', '62', 'en_us', ''),
 ('8', 'field', '67', 'en_us', ''),
 ('8', 'slug', '0', 'en_us', ''),
 ('9', 'field', '71', 'en_us', ''),
 ('9', 'field', '73', 'en_us', ''),
 ('9', 'field', '58', 'en_us', ''),
 ('9', 'slug', '0', 'en_us', ''),
 ('2', 'field', '13', 'en_us', ' s 246 mobile offset 0 width 12 active false desktop offset 0 width 12 active true tablet offset 0 width 12 active false wide offset 0 width 12 active false new_row false full_width false v_align top this is an example homepage ✌️ s 245 mobile offset 0 width 12 active false desktop offset 0 width 6 active true tablet offset 0 width 12 active false wide offset 0 width 12 active false new_row false full_width false v_align top this is a content element but only on desktop it s shown as a different column important this craftcms starter is using a paid font maison neue book for which welance only owns a license for only one website welance com so please make sure to change it or pay a new license before publishing this website thanks s 245 mobile offset 0 width 12 active false desktop offset 0 width 6 active true tablet offset 0 width 12 active false wide offset 0 width 12 active false new_row false full_width false v_align top this is a content element shifted a bit on the right side of the page but only on desktop sed ut perspiciatis unde omnis iste natus error sit voluptatem accusantium doloremque laudantium totam rem aperiam eaque ipsa quae ab illo inventore veritatis et quasi architecto beatae vitae dicta sunt explicabo nemo enim ipsam voluptatem quia voluptas sit aspernatur aut odit aut fugit sed quia consequuntur magni dolores eos qui ratione voluptatem sequi nesciunt neque porro quisquam est qui dolorem ipsum quia dolor sit amet consectetur adipisci velit sed quia non numquam eius modi tempora incidunt ut labore et dolore magnam aliquam quaerat voluptatem ut enim ad minima veniam quis nostrum exercitationem ullam corporis suscipit laboriosam nisi ut aliquid ex ea commodi consequatur quis autem vel eum iure reprehenderit qui in ea voluptate velit esse quam nihil molestiae consequatur vel illum qui dolorem eum fugiat quo voluptas nulla pariatur s 246 mobile offset 0 width 12 active false desktop offset 6 width 12 active true tablet offset 0 width 12 active false wide offset 0 width 12 active false new_row false full_width false v_align top this is content placed on right side thanks to some offset '),
 ('2', 'field', '7', 'en_us', ''),
 ('2', 'field', '8', 'en_us', ''),
 ('2', 'field', '46', 'en_us', ''),
 ('2', 'field', '45', 'en_us', ''),
 ('2', 'field', '2', 'en_us', ''),
 ('10', 'slug', '0', 'en_us', ''),
 ('11', 'field', '14', 'en_us', ' s 245 mobile offset 0 width 12 active false desktop offset 0 width 6 active true tablet offset 0 width 12 active false wide offset 0 width 12 active false new_row false full_width false v_align top '),
 ('11', 'field', '15', 'en_us', ' this is a content element shifted a bit on the right side of the page but only on desktop sed ut perspiciatis unde omnis iste natus error sit voluptatem accusantium doloremque laudantium totam rem aperiam eaque ipsa quae ab illo inventore veritatis et quasi architecto beatae vitae dicta sunt explicabo nemo enim ipsam voluptatem quia voluptas sit aspernatur aut odit aut fugit sed quia consequuntur magni dolores eos qui ratione voluptatem sequi nesciunt neque porro quisquam est qui dolorem ipsum quia dolor sit amet consectetur adipisci velit sed quia non numquam eius modi tempora incidunt ut labore et dolore magnam aliquam quaerat voluptatem ut enim ad minima veniam quis nostrum exercitationem ullam corporis suscipit laboriosam nisi ut aliquid ex ea commodi consequatur quis autem vel eum iure reprehenderit qui in ea voluptate velit esse quam nihil molestiae consequatur vel illum qui dolorem eum fugiat quo voluptas nulla pariatur '),
 ('11', 'slug', '0', 'en_us', ''),
 ('12', 'field', '14', 'en_us', ' s 245 mobile offset 0 width 12 active false desktop offset 0 width 6 active true tablet offset 0 width 12 active false wide offset 0 width 12 active false new_row false full_width false v_align top '),
 ('12', 'field', '15', 'en_us', ' this is a content element but only on desktop it s shown as a different column important this craftcms starter is using a paid font maison neue book for which welance only owns a license for only one website welance com so please make sure to change it or pay a new license before publishing this website thanks '),
 ('12', 'slug', '0', 'en_us', ''),
 ('13', 'field', '14', 'en_us', ' s 246 mobile offset 0 width 12 active false desktop offset 6 width 12 active true tablet offset 0 width 12 active false wide offset 0 width 12 active false new_row false full_width false v_align top '),
 ('13', 'field', '15', 'en_us', ' this is content placed on right side thanks to some offset '),
 ('13', 'slug', '0', 'en_us', ''),
 ('14', 'field', '13', 'en_us', ' s 0 this is a content element sed ut perspiciatis unde omnis iste natus error sit voluptatem accusantium doloremque laudantium totam rem aperiam eaque ipsa quae ab illo inventore veritatis et quasi architecto beatae vitae dicta sunt explicabo nemo enim ipsam voluptatem quia voluptas sit aspernatur aut odit aut fugit sed quia consequuntur magni dolores eos qui ratione voluptatem sequi nesciunt neque porro quisquam est qui dolorem ipsum quia dolor sit amet consectetur adipisci velit sed quia non numquam eius modi tempora incidunt ut labore et dolore magnam aliquam quaerat voluptatem ut enim ad minima veniam quis nostrum exercitationem ullam corporis suscipit laboriosam nisi ut aliquid ex ea commodi consequatur quis autem vel eum iure reprehenderit qui in ea voluptate velit esse quam nihil molestiae consequatur vel illum qui dolorem eum fugiat quo voluptas nulla pariatur '),
 ('14', 'field', '3', 'en_us', ''),
 ('14', 'field', '7', 'en_us', ''),
 ('14', 'field', '8', 'en_us', ''),
 ('14', 'field', '46', 'en_us', ''),
 ('14', 'field', '45', 'en_us', ''),
 ('14', 'field', '2', 'en_us', ''),
 ('14', 'slug', '0', 'en_us', ' this is a news '),
 ('14', 'title', '0', 'en_us', ' this is a news '),
 ('15', 'field', '14', 'en_us', ' s 0 '),
 ('15', 'field', '15', 'en_us', ' this is a content element sed ut perspiciatis unde omnis iste natus error sit voluptatem accusantium doloremque laudantium totam rem aperiam eaque ipsa quae ab illo inventore veritatis et quasi architecto beatae vitae dicta sunt explicabo nemo enim ipsam voluptatem quia voluptas sit aspernatur aut odit aut fugit sed quia consequuntur magni dolores eos qui ratione voluptatem sequi nesciunt neque porro quisquam est qui dolorem ipsum quia dolor sit amet consectetur adipisci velit sed quia non numquam eius modi tempora incidunt ut labore et dolore magnam aliquam quaerat voluptatem ut enim ad minima veniam quis nostrum exercitationem ullam corporis suscipit laboriosam nisi ut aliquid ex ea commodi consequatur quis autem vel eum iure reprehenderit qui in ea voluptate velit esse quam nihil molestiae consequatur vel illum qui dolorem eum fugiat quo voluptas nulla pariatur '),
 ('15', 'slug', '0', 'en_us', ''),
 ('16', 'field', '13', 'en_us', ''),
 ('16', 'field', '6', 'en_us', ''),
 ('16', 'field', '3', 'en_us', ''),
 ('16', 'field', '7', 'en_us', ''),
 ('16', 'field', '8', 'en_us', ''),
 ('16', 'field', '46', 'en_us', ''),
 ('16', 'field', '45', 'en_us', ''),
 ('16', 'field', '2', 'en_us', ''),
 ('16', 'slug', '0', 'en_us', ' this is a podcast '),
 ('16', 'title', '0', 'en_us', ' this is a podcast '),
 ('17', 'field', '13', 'en_us', ' s 246 mobile offset 0 width 12 active false desktop offset 0 width 12 active true tablet offset 0 width 12 active false wide offset 0 width 12 active false new_row false full_width false v_align top this could be an example page with some content as usual '),
 ('17', 'field', '7', 'en_us', ''),
 ('17', 'field', '8', 'en_us', ''),
 ('17', 'field', '46', 'en_us', ''),
 ('17', 'field', '45', 'en_us', ''),
 ('17', 'field', '2', 'en_us', ''),
 ('17', 'slug', '0', 'en_us', ' example page '),
 ('17', 'title', '0', 'en_us', ' example page '),
 ('18', 'field', '14', 'en_us', ' s 246 mobile offset 0 width 12 active false desktop offset 0 width 12 active true tablet offset 0 width 12 active false wide offset 0 width 12 active false new_row false full_width false v_align top '),
 ('18', 'field', '15', 'en_us', ' this could be an example page with some content as usual '),
 ('18', 'slug', '0', 'en_us', ''),
 ('19', 'field', '13', 'en_us', ' s 246 mobile offset 0 width 12 active false desktop offset 0 width 12 active true tablet offset 0 width 12 active false wide offset 0 width 12 active false new_row false full_width false v_align top this is an example page 2 with some content as usual '),
 ('19', 'field', '7', 'en_us', ''),
 ('19', 'field', '8', 'en_us', ''),
 ('19', 'field', '46', 'en_us', ''),
 ('19', 'field', '45', 'en_us', '');
INSERT INTO `craft_searchindex` (`elementId`, `attribute`, `fieldId`, `locale`, `keywords`) VALUES
 ('19', 'field', '2', 'en_us', ''),
 ('19', 'slug', '0', 'en_us', ' example page 2 '),
 ('19', 'title', '0', 'en_us', ' example page 2 '),
 ('20', 'field', '14', 'en_us', ' s 246 mobile offset 0 width 12 active false desktop offset 0 width 12 active true tablet offset 0 width 12 active false wide offset 0 width 12 active false new_row false full_width false v_align top '),
 ('20', 'field', '15', 'en_us', ' this is an example page 2 with some content as usual '),
 ('20', 'slug', '0', 'en_us', ''),
 ('21', 'field', '13', 'en_us', ' s 246 mobile offset 0 width 12 active false desktop offset 0 width 12 active true tablet offset 0 width 12 active false wide offset 0 width 12 active false new_row false full_width false v_align top this is a subpage of page 2 with some content as usual '),
 ('21', 'field', '7', 'en_us', ''),
 ('21', 'field', '8', 'en_us', ''),
 ('21', 'field', '46', 'en_us', ''),
 ('21', 'field', '45', 'en_us', ''),
 ('21', 'field', '2', 'en_us', ''),
 ('21', 'slug', '0', 'en_us', ' example page 2 1 '),
 ('21', 'title', '0', 'en_us', ' subpage of page 2 '),
 ('22', 'field', '14', 'en_us', ' s 246 mobile offset 0 width 12 active false desktop offset 0 width 12 active true tablet offset 0 width 12 active false wide offset 0 width 12 active false new_row false full_width false v_align top '),
 ('22', 'field', '15', 'en_us', ' this is a subpage of page 2 with some content as usual '),
 ('22', 'slug', '0', 'en_us', '');



DROP TABLE IF EXISTS `craft_sections`;


--
-- Schema for table `craft_sections`
--
CREATE TABLE `craft_sections` (
  `id` int(11) NOT NULL AUTO_INCREMENT,
  `structureId` int(11) DEFAULT NULL,
  `name` varchar(255) COLLATE utf8_unicode_ci NOT NULL,
  `handle` varchar(255) COLLATE utf8_unicode_ci NOT NULL,
  `type` enum('single','channel','structure') COLLATE utf8_unicode_ci NOT NULL DEFAULT 'channel',
  `hasUrls` tinyint(1) unsigned NOT NULL DEFAULT '1',
  `template` varchar(500) COLLATE utf8_unicode_ci DEFAULT NULL,
  `enableVersioning` tinyint(1) unsigned NOT NULL DEFAULT '0',
  `dateCreated` datetime NOT NULL,
  `dateUpdated` datetime NOT NULL,
  `uid` char(36) COLLATE utf8_unicode_ci NOT NULL DEFAULT '0',
  PRIMARY KEY (`id`),
  UNIQUE KEY `craft_sections_name_unq_idx` (`name`),
  UNIQUE KEY `craft_sections_handle_unq_idx` (`handle`),
  KEY `craft_sections_structureId_fk` (`structureId`)
) ENGINE=InnoDB AUTO_INCREMENT=6 DEFAULT CHARSET=utf8 COLLATE=utf8_unicode_ci;

--
-- Data for table `craft_sections`
--

INSERT INTO `craft_sections` (`id`, `structureId`, `name`, `handle`, `type`, `hasUrls`, `template`, `enableVersioning`, `dateCreated`, `dateUpdated`, `uid`) VALUES
 ('1', NULL, 'Homepage', 'homepage', 'single', '1', '_entries/pages/page', '1', '2017-07-03 11:38:58', '2017-07-03 11:39:13', 'f154e797-44f2-435d-9e2a-17ec3feedff3'),
 ('3', NULL, 'News', 'news', 'channel', '1', '_entries/news/news', '1', '2017-07-03 11:39:13', '2017-07-03 11:59:59', '361527cc-c16f-4b3a-bb47-afa4abdbfdae'),
 ('5', '1', 'Pages', 'pages', 'structure', '1', '_entries/pages/page', '1', '2017-07-03 11:39:13', '2017-07-03 11:39:13', '301c8eec-c072-49df-a7b0-489d4a05e80d');



DROP TABLE IF EXISTS `craft_sections_i18n`;


--
-- Schema for table `craft_sections_i18n`
--
CREATE TABLE `craft_sections_i18n` (
  `id` int(11) NOT NULL AUTO_INCREMENT,
  `sectionId` int(11) NOT NULL,
  `locale` char(12) COLLATE utf8_unicode_ci NOT NULL,
  `enabledByDefault` tinyint(1) unsigned NOT NULL DEFAULT '1',
  `urlFormat` text COLLATE utf8_unicode_ci,
  `nestedUrlFormat` text COLLATE utf8_unicode_ci,
  `dateCreated` datetime NOT NULL,
  `dateUpdated` datetime NOT NULL,
  `uid` char(36) COLLATE utf8_unicode_ci NOT NULL DEFAULT '0',
  PRIMARY KEY (`id`),
  UNIQUE KEY `craft_sections_i18n_sectionId_locale_unq_idx` (`sectionId`,`locale`),
  KEY `craft_sections_i18n_locale_fk` (`locale`)
) ENGINE=InnoDB AUTO_INCREMENT=6 DEFAULT CHARSET=utf8 COLLATE=utf8_unicode_ci;

--
-- Data for table `craft_sections_i18n`
--

INSERT INTO `craft_sections_i18n` (`id`, `sectionId`, `locale`, `enabledByDefault`, `urlFormat`, `nestedUrlFormat`, `dateCreated`, `dateUpdated`, `uid`) VALUES
 ('1', '1', 'en_us', '1', '__home__', NULL, '2017-07-03 11:38:58', '2017-07-03 11:38:58', '42e110f9-4beb-4b5b-9faa-d7e70e4889bb'),
 ('3', '3', 'en_us', '1', 'news/{slug}', NULL, '2017-07-03 11:39:13', '2017-07-03 11:59:59', '046d231e-ed78-48ce-a6c1-fd8e0e0104df'),
 ('5', '5', 'en_us', '1', '{slug}', '{parent.uri}/{slug}', '2017-07-03 11:39:13', '2017-07-03 11:39:13', 'fe65dd1b-6a4e-45b7-9d8c-c4eadb52c035');



DROP TABLE IF EXISTS `craft_sessions`;


--
-- Schema for table `craft_sessions`
--
CREATE TABLE `craft_sessions` (
  `id` int(11) NOT NULL AUTO_INCREMENT,
  `userId` int(11) NOT NULL,
  `token` char(100) COLLATE utf8_unicode_ci NOT NULL,
  `dateCreated` datetime NOT NULL,
  `dateUpdated` datetime NOT NULL,
  `uid` char(36) COLLATE utf8_unicode_ci NOT NULL DEFAULT '0',
  PRIMARY KEY (`id`),
  KEY `craft_sessions_uid_idx` (`uid`),
  KEY `craft_sessions_token_idx` (`token`),
  KEY `craft_sessions_dateUpdated_idx` (`dateUpdated`),
  KEY `craft_sessions_userId_fk` (`userId`)
) ENGINE=InnoDB AUTO_INCREMENT=5 DEFAULT CHARSET=utf8 COLLATE=utf8_unicode_ci;

DROP TABLE IF EXISTS `craft_shunnedmessages`;


--
-- Schema for table `craft_shunnedmessages`
--
CREATE TABLE `craft_shunnedmessages` (
  `id` int(11) NOT NULL AUTO_INCREMENT,
  `userId` int(11) NOT NULL,
  `message` varchar(255) COLLATE utf8_unicode_ci NOT NULL,
  `expiryDate` datetime DEFAULT NULL,
  `dateCreated` datetime NOT NULL,
  `dateUpdated` datetime NOT NULL,
  `uid` char(36) COLLATE utf8_unicode_ci NOT NULL DEFAULT '0',
  PRIMARY KEY (`id`),
  UNIQUE KEY `craft_shunnedmessages_userId_message_unq_idx` (`userId`,`message`)
) ENGINE=InnoDB DEFAULT CHARSET=utf8 COLLATE=utf8_unicode_ci;

DROP TABLE IF EXISTS `craft_structureelements`;


--
-- Schema for table `craft_structureelements`
--
CREATE TABLE `craft_structureelements` (
  `id` int(11) NOT NULL AUTO_INCREMENT,
  `structureId` int(11) NOT NULL,
  `elementId` int(11) DEFAULT NULL,
  `root` int(11) unsigned DEFAULT NULL,
  `lft` int(11) unsigned NOT NULL,
  `rgt` int(11) unsigned NOT NULL,
  `level` smallint(6) unsigned NOT NULL,
  `dateCreated` datetime NOT NULL,
  `dateUpdated` datetime NOT NULL,
  `uid` char(36) COLLATE utf8_unicode_ci NOT NULL DEFAULT '0',
  PRIMARY KEY (`id`),
  UNIQUE KEY `craft_structureelements_structureId_elementId_unq_idx` (`structureId`,`elementId`),
  KEY `craft_structureelements_root_idx` (`root`),
  KEY `craft_structureelements_lft_idx` (`lft`),
  KEY `craft_structureelements_rgt_idx` (`rgt`),
  KEY `craft_structureelements_level_idx` (`level`),
  KEY `craft_structureelements_elementId_fk` (`elementId`)
) ENGINE=InnoDB AUTO_INCREMENT=5 DEFAULT CHARSET=utf8 COLLATE=utf8_unicode_ci;

--
-- Data for table `craft_structureelements`
--

INSERT INTO `craft_structureelements` (`id`, `structureId`, `elementId`, `root`, `lft`, `rgt`, `level`, `dateCreated`, `dateUpdated`, `uid`) VALUES
 ('1', '1', NULL, '1', '1', '8', '0', '2017-07-03 12:16:16', '2017-07-03 12:16:16', '455de8f0-22d7-496c-9cc6-1a936bbd3570'),
 ('2', '1', '17', '1', '2', '3', '1', '2017-07-03 12:16:16', '2017-07-03 12:16:16', 'fb80654c-d029-4cab-a4b9-7ee0cddf7aef'),
 ('3', '1', '19', '1', '4', '7', '1', '2017-07-03 12:16:40', '2017-07-03 12:16:40', '649c5584-aafd-45bd-b128-bcc4c1608d59'),
 ('4', '1', '21', '1', '5', '6', '2', '2017-07-03 12:17:10', '2017-07-03 12:17:10', 'f7c7f966-0e10-424a-a408-05bd069882eb');



DROP TABLE IF EXISTS `craft_structures`;


--
-- Schema for table `craft_structures`
--
CREATE TABLE `craft_structures` (
  `id` int(11) NOT NULL AUTO_INCREMENT,
  `maxLevels` smallint(6) unsigned DEFAULT NULL,
  `dateCreated` datetime NOT NULL,
  `dateUpdated` datetime NOT NULL,
  `uid` char(36) COLLATE utf8_unicode_ci NOT NULL DEFAULT '0',
  PRIMARY KEY (`id`)
) ENGINE=InnoDB AUTO_INCREMENT=10 DEFAULT CHARSET=utf8 COLLATE=utf8_unicode_ci;

--
-- Data for table `craft_structures`
--

INSERT INTO `craft_structures` (`id`, `maxLevels`, `dateCreated`, `dateUpdated`, `uid`) VALUES
 ('1', NULL, '2017-07-03 11:39:13', '2017-07-03 11:39:13', 'b2af9245-edb4-4381-ad10-1026449f86c5'),
 ('2', '1', '2017-07-03 11:39:13', '2017-07-03 11:39:13', '22b93d95-5893-474d-8a44-3598da9daa35'),
 ('3', NULL, '2017-07-03 11:39:13', '2017-07-03 11:39:13', '8584b7aa-698e-4dda-a6cd-da253aaecb7a'),
 ('4', '1', '2017-07-03 13:56:29', '2017-07-04 09:58:51', '9acc9baa-ea41-400a-add5-a7e33674d85c'),
 ('5', NULL, '2017-07-03 13:56:29', '2017-07-04 09:58:51', 'a93464f2-6969-420f-b7ff-03ba31cc3fea'),
 ('6', '1', '2017-07-04 10:22:35', '2017-07-04 10:22:35', '02668f3e-e705-4394-a044-88dfbfb36ab8'),
 ('7', NULL, '2017-07-04 10:22:35', '2017-07-04 10:22:35', '1e300022-1f1b-4ca1-a07b-fc441176bfc9'),
 ('8', '1', '2017-07-04 10:27:37', '2017-07-04 10:27:37', '0fe62f6b-8479-4ed9-8ca8-8c7bf4bd6989'),
 ('9', NULL, '2017-07-04 10:27:37', '2017-07-04 10:27:37', '911a741a-fca9-4599-9de9-0169f1bba7a8');



DROP TABLE IF EXISTS `craft_systemsettings`;


--
-- Schema for table `craft_systemsettings`
--
CREATE TABLE `craft_systemsettings` (
  `id` int(11) NOT NULL AUTO_INCREMENT,
  `category` varchar(15) COLLATE utf8_unicode_ci NOT NULL,
  `settings` text COLLATE utf8_unicode_ci,
  `dateCreated` datetime NOT NULL,
  `dateUpdated` datetime NOT NULL,
  `uid` char(36) COLLATE utf8_unicode_ci NOT NULL DEFAULT '0',
  PRIMARY KEY (`id`),
  UNIQUE KEY `craft_systemsettings_category_unq_idx` (`category`)
) ENGINE=InnoDB AUTO_INCREMENT=2 DEFAULT CHARSET=utf8 COLLATE=utf8_unicode_ci;

--
-- Data for table `craft_systemsettings`
--

INSERT INTO `craft_systemsettings` (`id`, `category`, `settings`, `dateCreated`, `dateUpdated`, `uid`) VALUES
 ('1', 'email', '{\"protocol\":\"php\",\"emailAddress\":\"admin@welance.de\",\"senderName\":\"Welance\"}', '2017-07-03 11:38:58', '2017-07-03 11:38:58', '021272c6-9438-451d-9139-6256166d0c24');



DROP TABLE IF EXISTS `craft_taggroups`;


--
-- Schema for table `craft_taggroups`
--
CREATE TABLE `craft_taggroups` (
  `id` int(11) NOT NULL AUTO_INCREMENT,
  `name` varchar(255) COLLATE utf8_unicode_ci NOT NULL,
  `handle` varchar(255) COLLATE utf8_unicode_ci NOT NULL,
  `fieldLayoutId` int(10) DEFAULT NULL,
  `dateCreated` datetime NOT NULL,
  `dateUpdated` datetime NOT NULL,
  `uid` char(36) COLLATE utf8_unicode_ci NOT NULL DEFAULT '0',
  PRIMARY KEY (`id`),
  UNIQUE KEY `craft_taggroups_name_unq_idx` (`name`),
  UNIQUE KEY `craft_taggroups_handle_unq_idx` (`handle`),
  KEY `craft_taggroups_fieldLayoutId_fk` (`fieldLayoutId`)
) ENGINE=InnoDB AUTO_INCREMENT=2 DEFAULT CHARSET=utf8 COLLATE=utf8_unicode_ci;

--
-- Data for table `craft_taggroups`
--

INSERT INTO `craft_taggroups` (`id`, `name`, `handle`, `fieldLayoutId`, `dateCreated`, `dateUpdated`, `uid`) VALUES
 ('1', 'Default', 'default', '114', '2017-07-03 11:38:58', '2017-07-04 10:27:37', 'e418bb0a-ed1f-4341-8240-de2315c96956');



DROP TABLE IF EXISTS `craft_tags`;


--
-- Schema for table `craft_tags`
--
CREATE TABLE `craft_tags` (
  `id` int(11) NOT NULL,
  `groupId` int(11) NOT NULL,
  `dateCreated` datetime NOT NULL,
  `dateUpdated` datetime NOT NULL,
  `uid` char(36) COLLATE utf8_unicode_ci NOT NULL DEFAULT '0',
  PRIMARY KEY (`id`),
  KEY `craft_tags_groupId_fk` (`groupId`)
) ENGINE=InnoDB DEFAULT CHARSET=utf8 COLLATE=utf8_unicode_ci;

DROP TABLE IF EXISTS `craft_tasks`;


--
-- Schema for table `craft_tasks`
--
CREATE TABLE `craft_tasks` (
  `id` int(11) NOT NULL AUTO_INCREMENT,
  `root` int(11) unsigned DEFAULT NULL,
  `lft` int(11) unsigned NOT NULL,
  `rgt` int(11) unsigned NOT NULL,
  `level` smallint(6) unsigned NOT NULL,
  `currentStep` int(11) unsigned DEFAULT NULL,
  `totalSteps` int(11) unsigned DEFAULT NULL,
  `status` enum('pending','error','running') COLLATE utf8_unicode_ci DEFAULT NULL,
  `type` varchar(150) COLLATE utf8_unicode_ci NOT NULL,
  `description` varchar(255) COLLATE utf8_unicode_ci DEFAULT NULL,
  `settings` mediumtext COLLATE utf8_unicode_ci,
  `dateCreated` datetime NOT NULL,
  `dateUpdated` datetime NOT NULL,
  `uid` char(36) COLLATE utf8_unicode_ci NOT NULL DEFAULT '0',
  PRIMARY KEY (`id`),
  KEY `craft_tasks_root_idx` (`root`),
  KEY `craft_tasks_lft_idx` (`lft`),
  KEY `craft_tasks_rgt_idx` (`rgt`),
  KEY `craft_tasks_level_idx` (`level`)
) ENGINE=InnoDB AUTO_INCREMENT=2 DEFAULT CHARSET=utf8 COLLATE=utf8_unicode_ci;

DROP TABLE IF EXISTS `craft_templatecachecriteria`;


--
-- Schema for table `craft_templatecachecriteria`
--
CREATE TABLE `craft_templatecachecriteria` (
  `id` int(11) NOT NULL AUTO_INCREMENT,
  `cacheId` int(11) NOT NULL,
  `type` varchar(150) COLLATE utf8_unicode_ci NOT NULL,
  `criteria` text COLLATE utf8_unicode_ci NOT NULL,
  PRIMARY KEY (`id`),
  KEY `craft_templatecachecriteria_cacheId_fk` (`cacheId`),
  KEY `craft_templatecachecriteria_type_idx` (`type`)
) ENGINE=InnoDB DEFAULT CHARSET=utf8 COLLATE=utf8_unicode_ci;

DROP TABLE IF EXISTS `craft_templatecacheelements`;


--
-- Schema for table `craft_templatecacheelements`
--
CREATE TABLE `craft_templatecacheelements` (
  `cacheId` int(11) NOT NULL,
  `elementId` int(11) NOT NULL,
  KEY `craft_templatecacheelements_cacheId_fk` (`cacheId`),
  KEY `craft_templatecacheelements_elementId_fk` (`elementId`)
) ENGINE=InnoDB DEFAULT CHARSET=utf8 COLLATE=utf8_unicode_ci;

DROP TABLE IF EXISTS `craft_templatecaches`;


--
-- Schema for table `craft_templatecaches`
--
CREATE TABLE `craft_templatecaches` (
  `id` int(11) NOT NULL AUTO_INCREMENT,
  `cacheKey` varchar(255) COLLATE utf8_unicode_ci NOT NULL,
  `locale` char(12) COLLATE utf8_unicode_ci NOT NULL,
  `path` varchar(255) COLLATE utf8_unicode_ci DEFAULT NULL,
  `expiryDate` datetime NOT NULL,
  `body` mediumtext COLLATE utf8_unicode_ci NOT NULL,
  PRIMARY KEY (`id`),
  KEY `craft_templatecaches_expiryDate_cacheKey_locale_path_idx` (`expiryDate`,`cacheKey`,`locale`,`path`),
  KEY `craft_templatecaches_locale_fk` (`locale`)
) ENGINE=InnoDB DEFAULT CHARSET=utf8 COLLATE=utf8_unicode_ci;

DROP TABLE IF EXISTS `craft_tokens`;


--
-- Schema for table `craft_tokens`
--
CREATE TABLE `craft_tokens` (
  `id` int(11) NOT NULL AUTO_INCREMENT,
  `token` char(32) COLLATE utf8_unicode_ci NOT NULL,
  `route` text COLLATE utf8_unicode_ci,
  `usageLimit` tinyint(3) unsigned DEFAULT NULL,
  `usageCount` tinyint(3) unsigned DEFAULT NULL,
  `expiryDate` datetime NOT NULL,
  `dateCreated` datetime NOT NULL,
  `dateUpdated` datetime NOT NULL,
  `uid` char(36) COLLATE utf8_unicode_ci NOT NULL DEFAULT '0',
  PRIMARY KEY (`id`),
  UNIQUE KEY `craft_tokens_token_unq_idx` (`token`),
  KEY `craft_tokens_expiryDate_idx` (`expiryDate`)
) ENGINE=InnoDB DEFAULT CHARSET=utf8 COLLATE=utf8_unicode_ci;

DROP TABLE IF EXISTS `craft_usergroups`;


--
-- Schema for table `craft_usergroups`
--
CREATE TABLE `craft_usergroups` (
  `id` int(11) NOT NULL AUTO_INCREMENT,
  `name` varchar(255) COLLATE utf8_unicode_ci NOT NULL,
  `handle` varchar(255) COLLATE utf8_unicode_ci NOT NULL,
  `dateCreated` datetime NOT NULL,
  `dateUpdated` datetime NOT NULL,
  `uid` char(36) COLLATE utf8_unicode_ci NOT NULL DEFAULT '0',
  PRIMARY KEY (`id`),
  UNIQUE KEY `craft_usergroups_name_unq_idx` (`name`),
  UNIQUE KEY `craft_usergroups_handle_unq_idx` (`handle`)
) ENGINE=InnoDB AUTO_INCREMENT=4 DEFAULT CHARSET=utf8 COLLATE=utf8_unicode_ci;

--
-- Data for table `craft_usergroups`
--

INSERT INTO `craft_usergroups` (`id`, `name`, `handle`, `dateCreated`, `dateUpdated`, `uid`) VALUES
 ('1', 'Admins', 'admins', '2017-07-03 13:56:29', '2017-07-04 10:29:37', 'ff148464-050b-47e1-86a8-ef3a5f9e80e3'),
 ('2', 'Editors', 'editors', '2017-07-03 13:56:29', '2017-07-04 10:29:15', 'f5bc1e4d-45d8-4cf6-a261-dc41652040ee'),
 ('3', 'Main Editors', 'mainEditors', '2017-07-03 13:56:29', '2017-07-04 10:29:26', '84c14076-b812-4579-a815-c36c854dea80');



DROP TABLE IF EXISTS `craft_usergroups_users`;


--
-- Schema for table `craft_usergroups_users`
--
CREATE TABLE `craft_usergroups_users` (
  `id` int(11) NOT NULL AUTO_INCREMENT,
  `groupId` int(11) NOT NULL,
  `userId` int(11) NOT NULL,
  `dateCreated` datetime NOT NULL,
  `dateUpdated` datetime NOT NULL,
  `uid` char(36) COLLATE utf8_unicode_ci NOT NULL DEFAULT '0',
  PRIMARY KEY (`id`),
  UNIQUE KEY `craft_usergroups_users_groupId_userId_unq_idx` (`groupId`,`userId`),
  KEY `craft_usergroups_users_userId_fk` (`userId`)
) ENGINE=InnoDB DEFAULT CHARSET=utf8 COLLATE=utf8_unicode_ci;

DROP TABLE IF EXISTS `craft_userpermissions`;


--
-- Schema for table `craft_userpermissions`
--
CREATE TABLE `craft_userpermissions` (
  `id` int(11) NOT NULL AUTO_INCREMENT,
  `name` varchar(255) COLLATE utf8_unicode_ci NOT NULL,
  `dateCreated` datetime NOT NULL,
  `dateUpdated` datetime NOT NULL,
  `uid` char(36) COLLATE utf8_unicode_ci NOT NULL DEFAULT '0',
  PRIMARY KEY (`id`),
  UNIQUE KEY `craft_userpermissions_name_unq_idx` (`name`)
) ENGINE=InnoDB AUTO_INCREMENT=61 DEFAULT CHARSET=utf8 COLLATE=utf8_unicode_ci;

--
-- Data for table `craft_userpermissions`
--

INSERT INTO `craft_userpermissions` (`id`, `name`, `dateCreated`, `dateUpdated`, `uid`) VALUES
 ('1', 'accesssitewhensystemisoff', '2017-07-03 11:39:13', '2017-07-03 11:39:13', 'd0784b37-cef9-497c-aac5-c2f89d56962d'),
 ('2', 'accesscpwhensystemisoff', '2017-07-03 11:39:13', '2017-07-03 11:39:13', '945b995e-bf1a-4b88-8389-875188962abb'),
 ('3', 'performupdates', '2017-07-03 11:39:13', '2017-07-03 11:39:13', 'e660d4d1-f218-44c6-a3dc-ecd5d07036e0'),
 ('4', 'accesscp', '2017-07-03 11:39:13', '2017-07-03 11:39:13', '8188c74a-12f7-42c0-9861-d89f6d89999e'),
 ('5', 'registerusers', '2017-07-03 11:39:13', '2017-07-03 11:39:13', 'e2b53e5d-c0d5-4a29-bd0b-7c97540f0d1c'),
 ('6', 'assignuserpermissions', '2017-07-03 11:39:13', '2017-07-03 11:39:13', '3414a471-2f43-48af-8091-995fb6a36dfe'),
 ('7', 'changeuseremails', '2017-07-03 11:39:13', '2017-07-03 11:39:13', '3155296f-883b-4087-84dc-99aa64d31c2e'),
 ('8', 'administrateusers', '2017-07-03 11:39:13', '2017-07-03 11:39:13', 'e9b98e73-8194-41ba-9e8b-c07aa8e1ddea'),
 ('9', 'editusers', '2017-07-03 11:39:13', '2017-07-03 11:39:13', '42a0b09d-c12d-4138-a9b5-bd798610e6b1'),
 ('10', 'deleteusers', '2017-07-03 11:39:13', '2017-07-03 11:39:13', 'a1a7b8aa-dc2b-4bd8-bead-cf48b82c0ff9'),
 ('11', 'publishentries:1', '2017-07-03 11:39:13', '2017-07-03 11:39:13', '425c2e7d-6a4c-4996-aff3-5b7ed7968040'),
 ('12', 'publishpeerentrydrafts:1', '2017-07-03 11:39:13', '2017-07-03 11:39:13', '7436e9e6-0641-4275-8d13-356f9de696e0'),
 ('13', 'deletepeerentrydrafts:1', '2017-07-03 11:39:13', '2017-07-03 11:39:13', '619d7252-aa2a-48bb-9236-8902c6786101'),
 ('14', 'editpeerentrydrafts:1', '2017-07-03 11:39:13', '2017-07-03 11:39:13', 'cceeae86-325e-49b0-b2de-33f3bf3343fb'),
 ('15', 'editentries:1', '2017-07-03 11:39:13', '2017-07-03 11:39:13', '21ebc070-ca32-4002-9c45-fb543573ee93'),
 ('16', 'createentries:3', '2017-07-03 11:39:13', '2017-07-03 11:39:13', 'ca765df7-4178-4b3e-927f-c87172265ed3'),
 ('17', 'publishentries:3', '2017-07-03 11:39:13', '2017-07-03 11:39:13', '06acaaf4-7b36-42a0-bcf0-bb9ed8f7aa4e'),
 ('18', 'deleteentries:3', '2017-07-03 11:39:13', '2017-07-03 11:39:13', '5cfeea28-df2e-4c46-bb21-b764b02b2d69'),
 ('19', 'publishpeerentries:3', '2017-07-03 11:39:13', '2017-07-03 11:39:13', 'c5046e3d-851c-45c7-8c86-f02f3b4b2ccf'),
 ('20', 'deletepeerentries:3', '2017-07-03 11:39:13', '2017-07-03 11:39:13', '54f6c2eb-9459-412c-a514-54acc132d445'),
 ('21', 'editpeerentries:3', '2017-07-03 11:39:13', '2017-07-03 11:39:13', 'bfa22f0b-ab0e-4ba1-9573-b45144138648'),
 ('22', 'publishpeerentrydrafts:3', '2017-07-03 11:39:13', '2017-07-03 11:39:13', 'ae6fa718-71de-4a2e-b6d8-d0da42f21c3a'),
 ('23', 'deletepeerentrydrafts:3', '2017-07-03 11:39:13', '2017-07-03 11:39:13', 'f388df03-00ae-4824-8900-8d3086a7e59b'),
 ('24', 'editpeerentrydrafts:3', '2017-07-03 11:39:13', '2017-07-03 11:39:13', 'ba7c5322-eb39-4c99-a120-9fea6c65f824'),
 ('25', 'editentries:3', '2017-07-03 11:39:14', '2017-07-03 11:39:14', '321982d8-cf2a-4397-8ef6-6c173f84cc4d'),
 ('26', 'createentries:5', '2017-07-03 11:39:14', '2017-07-03 11:39:14', 'b04dc4c2-d143-4b61-951a-652577c8f527'),
 ('27', 'publishentries:5', '2017-07-03 11:39:14', '2017-07-03 11:39:14', '9af105ef-94fb-4214-b320-dc2f93698f5d'),
 ('28', 'deleteentries:5', '2017-07-03 11:39:14', '2017-07-03 11:39:14', '67ebccee-2a93-4e88-8508-2e30a4f865c9'),
 ('29', 'publishpeerentries:5', '2017-07-03 11:39:14', '2017-07-03 11:39:14', 'e45b4a94-250a-4c05-9b4d-66005a3e8d88'),
 ('30', 'deletepeerentries:5', '2017-07-03 11:39:14', '2017-07-03 11:39:14', '54ad7322-77bd-450d-a347-e66c4ebe74af'),
 ('31', 'editpeerentries:5', '2017-07-03 11:39:14', '2017-07-03 11:39:14', '3ec1ccb0-eafa-450f-add5-13f46d8a7704'),
 ('32', 'publishpeerentrydrafts:5', '2017-07-03 11:39:14', '2017-07-03 11:39:14', '9648e822-8199-40a7-a95a-7bb9f0662b6a'),
 ('33', 'deletepeerentrydrafts:5', '2017-07-03 11:39:14', '2017-07-03 11:39:14', '08b730d2-2e36-4d41-9685-cbe14a6ffddb'),
 ('34', 'editpeerentrydrafts:5', '2017-07-03 11:39:14', '2017-07-03 11:39:14', 'dcaacb73-dcdc-4290-b97a-7387cd086c06'),
 ('35', 'editentries:5', '2017-07-03 11:39:14', '2017-07-03 11:39:14', 'a54e9c59-b7e4-48f6-bd1d-b567d6a9042a'),
 ('36', 'editcategories:1', '2017-07-03 11:39:14', '2017-07-03 11:39:14', '06d7154a-fa8e-4567-9e7c-8d7accb1fc5d'),
 ('37', 'uploadtoassetsource:1', '2017-07-03 11:39:14', '2017-07-03 11:39:14', '321d620c-a9b1-40e7-ba27-fd56a16662ee'),
 ('38', 'createsubfoldersinassetsource:1', '2017-07-03 11:39:14', '2017-07-03 11:39:14', '3a934086-2b2a-496b-b769-f93fe9e87351'),
 ('39', 'removefromassetsource:1', '2017-07-03 11:39:14', '2017-07-03 11:39:14', '96e09532-77e7-47b5-a7dc-f5ef66806239'),
 ('40', 'viewassetsource:1', '2017-07-03 11:39:14', '2017-07-03 11:39:14', '057c6948-eb82-4757-91e9-58455c0aeee8'),
 ('41', 'createentries:6', '2017-07-03 13:56:29', '2017-07-03 13:56:29', '5c2f9cfd-c2ff-453d-80e5-45541c0d0545'),
 ('42', 'publishentries:6', '2017-07-03 13:56:29', '2017-07-03 13:56:29', 'a09f174c-82b7-4e3e-8287-b33e265d7f5b'),
 ('43', 'deleteentries:6', '2017-07-03 13:56:29', '2017-07-03 13:56:29', '5db6f418-9bd8-4f8f-92bb-752ed1324182'),
 ('44', 'publishpeerentries:6', '2017-07-03 13:56:29', '2017-07-03 13:56:29', 'f26f6027-a3d6-4ef3-bc28-5fd593032376'),
 ('45', 'deletepeerentries:6', '2017-07-03 13:56:29', '2017-07-03 13:56:29', '435cfc52-6349-4707-93ce-89e113c1cc5b'),
 ('46', 'editpeerentries:6', '2017-07-03 13:56:29', '2017-07-03 13:56:29', 'a0b87247-47f0-43ab-ab2f-43d7ce33eece'),
 ('47', 'publishpeerentrydrafts:6', '2017-07-03 13:56:29', '2017-07-03 13:56:29', '3a8614e3-a330-4664-a983-572260172fe5'),
 ('48', 'deletepeerentrydrafts:6', '2017-07-03 13:56:29', '2017-07-03 13:56:29', 'c8d14cb6-c4c1-44bd-946f-3f1b99fa2130'),
 ('49', 'editpeerentrydrafts:6', '2017-07-03 13:56:29', '2017-07-03 13:56:29', '1dce05ff-a82e-422f-902b-0ad67d8f7de5'),
 ('50', 'editentries:6', '2017-07-03 13:56:29', '2017-07-03 13:56:29', '4f27bcc2-338c-41ef-8e77-c1c29d929e70'),
 ('51', 'editglobalset:4', '2017-07-03 13:56:29', '2017-07-03 13:56:29', '8accf564-414d-4727-99e7-52888d2d9e24'),
 ('52', 'editglobalset:5', '2017-07-03 13:56:29', '2017-07-03 13:56:29', '84c74913-e9d9-4fcd-8a8c-d2c1840fc9a7'),
 ('53', 'editglobalset:6', '2017-07-03 13:56:29', '2017-07-03 13:56:29', '304384dc-737a-4d8e-adcc-7c2959432408'),
 ('54', 'editglobalset:7', '2017-07-03 13:56:29', '2017-07-03 13:56:29', '356ed08e-3c6a-4bbf-81a8-5ae55d8a3e2d'),
 ('55', 'editglobalset:8', '2017-07-03 13:56:29', '2017-07-03 13:56:29', 'b2f665cd-7f35-4a79-8083-096e4b32331b'),
 ('56', 'editglobalset:9', '2017-07-03 13:56:29', '2017-07-03 13:56:29', '114a370a-dd81-4bf5-93ed-80c7b77f7463'),
 ('57', 'uploadtoassetsource:2', '2017-07-04 10:20:50', '2017-07-04 10:20:50', '04fdf02b-85f1-4c38-b7ae-fd2c7e7fc769'),
 ('58', 'createsubfoldersinassetsource:2', '2017-07-04 10:20:50', '2017-07-04 10:20:50', 'a6b38659-2df2-4ab5-baa0-3db72e720f3c'),
 ('59', 'removefromassetsource:2', '2017-07-04 10:20:50', '2017-07-04 10:20:50', 'beba568f-0cef-4d49-bf0a-6354b709e7f2'),
 ('60', 'viewassetsource:2', '2017-07-04 10:20:50', '2017-07-04 10:20:50', '6733127e-ff11-4f3b-abcd-7f3018bd13a3');



DROP TABLE IF EXISTS `craft_userpermissions_usergroups`;


--
-- Schema for table `craft_userpermissions_usergroups`
--
CREATE TABLE `craft_userpermissions_usergroups` (
  `id` int(11) NOT NULL AUTO_INCREMENT,
  `permissionId` int(11) NOT NULL,
  `groupId` int(11) NOT NULL,
  `dateCreated` datetime NOT NULL,
  `dateUpdated` datetime NOT NULL,
  `uid` char(36) COLLATE utf8_unicode_ci NOT NULL DEFAULT '0',
  PRIMARY KEY (`id`),
  UNIQUE KEY `craft_userpermissions_usergroups_permissionId_groupId_unq_idx` (`permissionId`,`groupId`),
  KEY `craft_userpermissions_usergroups_groupId_fk` (`groupId`)
) ENGINE=InnoDB AUTO_INCREMENT=928 DEFAULT CHARSET=utf8 COLLATE=utf8_unicode_ci;

--
-- Data for table `craft_userpermissions_usergroups`
--

INSERT INTO `craft_userpermissions_usergroups` (`id`, `permissionId`, `groupId`, `dateCreated`, `dateUpdated`, `uid`) VALUES
 ('808', '4', '2', '2017-07-04 10:29:16', '2017-07-04 10:29:16', 'bf681c97-1a2b-49f3-a364-c4d9021b2933'),
 ('809', '14', '2', '2017-07-04 10:29:16', '2017-07-04 10:29:16', '7cc9ca7e-9c62-405a-aee8-52ef7aa609c9'),
 ('810', '15', '2', '2017-07-04 10:29:16', '2017-07-04 10:29:16', 'c321984c-7c7b-4d7b-8ffc-e2a6d2f6b8f4'),
 ('811', '16', '2', '2017-07-04 10:29:16', '2017-07-04 10:29:16', '7c79913d-70bd-4c84-9b6b-91f6904f5f82'),
 ('812', '18', '2', '2017-07-04 10:29:16', '2017-07-04 10:29:16', 'da5480b3-e60c-475d-94de-4b788eff8e09'),
 ('813', '21', '2', '2017-07-04 10:29:16', '2017-07-04 10:29:16', '50b25e5e-29cd-4a64-a047-df8928120866'),
 ('814', '24', '2', '2017-07-04 10:29:16', '2017-07-04 10:29:16', '986aa33e-317f-480e-aa14-fdaca99899ef'),
 ('815', '25', '2', '2017-07-04 10:29:16', '2017-07-04 10:29:16', '11691b03-075f-4321-8d33-4bc7f0c9b597'),
 ('816', '26', '2', '2017-07-04 10:29:16', '2017-07-04 10:29:16', '303fcba0-70f5-43a4-bade-487a0fa024dd'),
 ('817', '27', '2', '2017-07-04 10:29:16', '2017-07-04 10:29:16', 'f557ed5c-cd78-4538-a827-b08eb9305298'),
 ('818', '31', '2', '2017-07-04 10:29:16', '2017-07-04 10:29:16', '507be5a7-cb25-4b32-a7e0-ca24bd78a638'),
 ('819', '34', '2', '2017-07-04 10:29:16', '2017-07-04 10:29:16', 'da99dbcc-f36d-4d8a-873a-f3ae76b63e8b'),
 ('820', '35', '2', '2017-07-04 10:29:16', '2017-07-04 10:29:16', '23de46f4-8ab0-4477-b6a4-fac2d0969b12'),
 ('821', '51', '2', '2017-07-04 10:29:16', '2017-07-04 10:29:16', '2dc14d3f-b7df-4661-b06c-2d66f34cf716'),
 ('822', '52', '2', '2017-07-04 10:29:16', '2017-07-04 10:29:16', '6feba630-4a46-4a94-b6e2-85042185f51e'),
 ('823', '53', '2', '2017-07-04 10:29:16', '2017-07-04 10:29:16', 'b99cfd4a-065e-49ad-bb56-5ac41ef5cc5c'),
 ('824', '54', '2', '2017-07-04 10:29:16', '2017-07-04 10:29:16', '5b53abe0-7669-4aed-9199-3d3349f41ed0'),
 ('825', '55', '2', '2017-07-04 10:29:16', '2017-07-04 10:29:16', '0f528c62-9056-4186-bdb0-49ec1a62dc0c'),
 ('826', '56', '2', '2017-07-04 10:29:16', '2017-07-04 10:29:16', '6f64a33b-46ef-480f-bb0e-bb64d725a4f2'),
 ('827', '37', '2', '2017-07-04 10:29:16', '2017-07-04 10:29:16', '806033e2-4f1c-4fea-8370-a5c9fabe2db6'),
 ('828', '39', '2', '2017-07-04 10:29:16', '2017-07-04 10:29:16', 'e81fcd2f-6575-42ba-aebe-d88cc9115d44'),
 ('829', '40', '2', '2017-07-04 10:29:16', '2017-07-04 10:29:16', 'ae0ec7ba-48b0-4461-9c09-0d5938abff28'),
 ('830', '57', '2', '2017-07-04 10:29:16', '2017-07-04 10:29:16', 'fbc001c3-0ef3-4011-ad06-c98284f94d43'),
 ('831', '59', '2', '2017-07-04 10:29:16', '2017-07-04 10:29:16', '3002871a-0dfe-4e99-92c9-05db70ebfea6'),
 ('832', '60', '2', '2017-07-04 10:29:16', '2017-07-04 10:29:16', 'a5ccb8fc-9ead-46cc-9e8d-f0fd2b5696a3'),
 ('833', '4', '3', '2017-07-04 10:29:26', '2017-07-04 10:29:26', 'f810ce23-9456-415a-ae55-2e7949cbf72f'),
 ('834', '5', '3', '2017-07-04 10:29:26', '2017-07-04 10:29:26', 'fb0768e5-3be5-46ac-b514-27454987f3b6'),
 ('835', '6', '3', '2017-07-04 10:29:26', '2017-07-04 10:29:26', 'a7c66550-c802-4aff-ad92-063d67a22616'),
 ('836', '7', '3', '2017-07-04 10:29:26', '2017-07-04 10:29:26', '0b2e94b8-3b08-4d7f-844e-7a3a4c0fe567'),
 ('837', '8', '3', '2017-07-04 10:29:26', '2017-07-04 10:29:26', '7d8ad571-8d33-451b-bb49-f3ab6cfda38c'),
 ('838', '9', '3', '2017-07-04 10:29:26', '2017-07-04 10:29:26', '8ba4e410-3596-46d5-9f92-5b40c0537fca'),
 ('839', '10', '3', '2017-07-04 10:29:26', '2017-07-04 10:29:26', '4549a6ab-764e-44b8-97e2-67dbc3d9399b'),
 ('840', '11', '3', '2017-07-04 10:29:26', '2017-07-04 10:29:26', '4fcb39ae-5c76-480b-b157-0c791acb930a'),
 ('841', '12', '3', '2017-07-04 10:29:26', '2017-07-04 10:29:26', '84563f11-164c-4999-aab2-5246ba2d051e'),
 ('842', '13', '3', '2017-07-04 10:29:26', '2017-07-04 10:29:26', '37891058-1f27-4949-a3cd-a3fefbcb3dc4'),
 ('843', '14', '3', '2017-07-04 10:29:26', '2017-07-04 10:29:26', '608773cc-4924-4d7c-acfe-d39518aac572'),
 ('844', '15', '3', '2017-07-04 10:29:26', '2017-07-04 10:29:26', '75b3bf5f-381b-46f7-9b81-8c1336e06a5d'),
 ('845', '16', '3', '2017-07-04 10:29:26', '2017-07-04 10:29:26', 'd4887112-65a1-4ada-ac6f-c015d60ad277'),
 ('846', '17', '3', '2017-07-04 10:29:26', '2017-07-04 10:29:26', '8ed0b708-ebb2-4de4-97e7-d02ecaeb8d86'),
 ('847', '18', '3', '2017-07-04 10:29:26', '2017-07-04 10:29:26', '387a7ea3-c7e6-462d-8fdb-0689eb7499ad'),
 ('848', '19', '3', '2017-07-04 10:29:26', '2017-07-04 10:29:26', '5343f855-f431-46b4-a77f-82b776d3c831'),
 ('849', '20', '3', '2017-07-04 10:29:26', '2017-07-04 10:29:26', '59302dc2-571a-4add-a9b3-f9a9180a3ad0'),
 ('850', '21', '3', '2017-07-04 10:29:26', '2017-07-04 10:29:26', '7244bc2a-ce29-46e9-8abd-1e5a501f24cd'),
 ('851', '22', '3', '2017-07-04 10:29:26', '2017-07-04 10:29:26', '0e788d4b-10d4-4085-99a2-a645abe8db5e'),
 ('852', '23', '3', '2017-07-04 10:29:26', '2017-07-04 10:29:26', '1aa9623c-7b73-4739-86c8-960bfcbc3395'),
 ('853', '24', '3', '2017-07-04 10:29:26', '2017-07-04 10:29:26', '2cfdd430-c708-4683-9691-2ba0c3f3eaaf'),
 ('854', '25', '3', '2017-07-04 10:29:26', '2017-07-04 10:29:26', '9b4ef230-8231-4a2b-9740-84c6e7c58657'),
 ('855', '26', '3', '2017-07-04 10:29:26', '2017-07-04 10:29:26', '24b4b39f-6233-4015-bdfb-533ffc685754'),
 ('856', '27', '3', '2017-07-04 10:29:26', '2017-07-04 10:29:26', 'fcb05485-f78d-477e-b423-55922fbfbc79'),
 ('857', '28', '3', '2017-07-04 10:29:26', '2017-07-04 10:29:26', '0f93bed7-90a1-4c75-b7cd-f05d0eebb40a'),
 ('858', '29', '3', '2017-07-04 10:29:26', '2017-07-04 10:29:26', 'e5d6a31b-517e-4f14-9765-d850d8411735'),
 ('859', '30', '3', '2017-07-04 10:29:26', '2017-07-04 10:29:26', '3a3019dd-2c42-4127-94d1-f1977a87c03e'),
 ('860', '31', '3', '2017-07-04 10:29:26', '2017-07-04 10:29:26', 'df1e31a6-c1db-4054-b966-73122b753131'),
 ('861', '32', '3', '2017-07-04 10:29:26', '2017-07-04 10:29:26', '1fa0d035-621a-4324-bed8-25cf859a3c68'),
 ('862', '33', '3', '2017-07-04 10:29:26', '2017-07-04 10:29:26', '1ecba41a-a2ad-44f4-80bb-dabfed14fc4d'),
 ('863', '34', '3', '2017-07-04 10:29:26', '2017-07-04 10:29:26', '6d20791c-a0a4-4a9c-8cf9-c26b6cb55d06'),
 ('864', '35', '3', '2017-07-04 10:29:26', '2017-07-04 10:29:26', 'cec07dd9-cfb9-4eab-beb5-cf4d82be8f1b'),
 ('865', '51', '3', '2017-07-04 10:29:26', '2017-07-04 10:29:26', '922ed796-2e28-4fc2-9e40-90a6a3363644'),
 ('866', '52', '3', '2017-07-04 10:29:26', '2017-07-04 10:29:26', '469cf73e-1f8e-47d7-8c0d-be2828a5dfc3'),
 ('867', '53', '3', '2017-07-04 10:29:26', '2017-07-04 10:29:26', '7dea38ec-1adf-4dee-9560-e3510ad90bc0'),
 ('868', '54', '3', '2017-07-04 10:29:26', '2017-07-04 10:29:26', '67657f7b-a027-407a-9cda-7e69570b56f1'),
 ('869', '55', '3', '2017-07-04 10:29:26', '2017-07-04 10:29:26', '04847075-7db5-4612-84e5-4103a074b853'),
 ('870', '56', '3', '2017-07-04 10:29:26', '2017-07-04 10:29:26', '7c00deb8-f6d1-44ec-85bd-ea58604eb273'),
 ('871', '37', '3', '2017-07-04 10:29:26', '2017-07-04 10:29:26', '8d060b36-bc82-4f61-88a9-f554610dce75'),
 ('872', '38', '3', '2017-07-04 10:29:26', '2017-07-04 10:29:26', '94e22be8-6743-4745-9f49-7dbbd58f625c'),
 ('873', '39', '3', '2017-07-04 10:29:26', '2017-07-04 10:29:26', '60af4f2b-119b-415a-b0e9-44d79b4cc935'),
 ('874', '40', '3', '2017-07-04 10:29:26', '2017-07-04 10:29:26', '68050573-12f3-4006-8b0a-1b0ffbf72e3e'),
 ('875', '57', '3', '2017-07-04 10:29:26', '2017-07-04 10:29:26', 'eaad61ec-02b9-48d1-8158-37dc6dff0784'),
 ('876', '58', '3', '2017-07-04 10:29:26', '2017-07-04 10:29:26', 'd05a9894-f58b-4991-b3d4-5a3cb770b8a3'),
 ('877', '59', '3', '2017-07-04 10:29:26', '2017-07-04 10:29:26', '58cf829f-9edd-477a-a630-5542262a72fb'),
 ('878', '60', '3', '2017-07-04 10:29:26', '2017-07-04 10:29:26', '47345847-296b-4d0b-a7e9-d13d0baf47b1'),
 ('879', '1', '1', '2017-07-04 10:29:37', '2017-07-04 10:29:37', 'd0c10069-0e1a-46ae-80a0-4b89c574cb58'),
 ('880', '2', '1', '2017-07-04 10:29:37', '2017-07-04 10:29:37', '5eb62ca4-eba7-4985-84a3-4fb50a353ebb'),
 ('881', '3', '1', '2017-07-04 10:29:37', '2017-07-04 10:29:37', '6f669966-847e-46b2-b9f3-59e7326f1836'),
 ('882', '4', '1', '2017-07-04 10:29:37', '2017-07-04 10:29:37', '679591b0-b811-43e2-b305-e4eafdc4f3e6'),
 ('883', '5', '1', '2017-07-04 10:29:37', '2017-07-04 10:29:37', '49f8dd23-983b-4bc6-b2f6-c685ed1dc5eb'),
 ('884', '6', '1', '2017-07-04 10:29:37', '2017-07-04 10:29:37', 'b967635d-3afc-4258-b8f9-1dd48dd768d9'),
 ('885', '7', '1', '2017-07-04 10:29:37', '2017-07-04 10:29:37', '70c23d37-c0de-4fbb-a56b-aa59b8977846'),
 ('886', '8', '1', '2017-07-04 10:29:37', '2017-07-04 10:29:37', 'e5fc7d3d-03a6-49b7-a7a9-f3ca28dd13b6'),
 ('887', '9', '1', '2017-07-04 10:29:37', '2017-07-04 10:29:37', 'eea3babb-c41b-4c23-999b-70b72d0af7ef'),
 ('888', '10', '1', '2017-07-04 10:29:37', '2017-07-04 10:29:37', '5105220d-8cbe-41af-aad4-360314792653'),
 ('889', '11', '1', '2017-07-04 10:29:37', '2017-07-04 10:29:37', '4782a72b-9596-46ce-a355-e74d65fb6d40'),
 ('890', '12', '1', '2017-07-04 10:29:37', '2017-07-04 10:29:37', '428176d5-f712-41fb-8eb0-223b1361ee2a'),
 ('891', '13', '1', '2017-07-04 10:29:37', '2017-07-04 10:29:37', '8db59a10-3339-4481-9e8d-1adf43729656'),
 ('892', '14', '1', '2017-07-04 10:29:37', '2017-07-04 10:29:37', 'e8bd580b-2121-46bb-bb39-22920c9f275c'),
 ('893', '15', '1', '2017-07-04 10:29:37', '2017-07-04 10:29:37', 'f91d01d4-4bcb-48ec-b855-3ffcc9b76199'),
 ('894', '16', '1', '2017-07-04 10:29:37', '2017-07-04 10:29:37', '7c45df86-d2a1-4abd-b0b1-a1a2a4540a14'),
 ('895', '17', '1', '2017-07-04 10:29:37', '2017-07-04 10:29:37', '0325ad9e-291f-47bf-9ffa-ac0b73504bde'),
 ('896', '18', '1', '2017-07-04 10:29:37', '2017-07-04 10:29:37', 'd2d80b20-fc1d-41c1-857d-de1d64701976'),
 ('897', '19', '1', '2017-07-04 10:29:37', '2017-07-04 10:29:37', 'd0985817-5fbc-4a4b-8252-287be62a83f9'),
 ('898', '20', '1', '2017-07-04 10:29:37', '2017-07-04 10:29:37', 'f436097d-584a-43ae-b593-ab46ab3d2f8d'),
 ('899', '21', '1', '2017-07-04 10:29:37', '2017-07-04 10:29:37', '5f637305-f538-4bc0-a4ef-bcfb313bee5d'),
 ('900', '22', '1', '2017-07-04 10:29:37', '2017-07-04 10:29:37', '312f475d-ee72-4bb2-a45b-1d8a4e2a933b'),
 ('901', '23', '1', '2017-07-04 10:29:37', '2017-07-04 10:29:37', '854431c6-7577-4f31-a461-29a4d9aea8c4'),
 ('902', '24', '1', '2017-07-04 10:29:37', '2017-07-04 10:29:37', '9f0e5879-0476-4633-9ecc-955c37a4b09e'),
 ('903', '25', '1', '2017-07-04 10:29:37', '2017-07-04 10:29:37', '69843a94-191a-44cf-ab4e-c49788e92fe9'),
 ('904', '26', '1', '2017-07-04 10:29:37', '2017-07-04 10:29:37', '2367aef0-077e-4620-ae76-f01df2acabc1'),
 ('905', '27', '1', '2017-07-04 10:29:37', '2017-07-04 10:29:37', '4f4d9c5a-31a4-4751-97e3-4c1ae0e029d2'),
 ('906', '28', '1', '2017-07-04 10:29:37', '2017-07-04 10:29:37', '5e4c16c9-5599-4930-91d9-ddfce92134de'),
 ('907', '29', '1', '2017-07-04 10:29:37', '2017-07-04 10:29:37', '8db8135c-b4ad-42f9-aa70-5f7887e95164');
INSERT INTO `craft_userpermissions_usergroups` (`id`, `permissionId`, `groupId`, `dateCreated`, `dateUpdated`, `uid`) VALUES
 ('908', '30', '1', '2017-07-04 10:29:37', '2017-07-04 10:29:37', '68b40e6b-d44d-4b1c-82f7-366a70bc98b5'),
 ('909', '31', '1', '2017-07-04 10:29:37', '2017-07-04 10:29:37', 'fc0baf61-7df7-4c11-b5e6-1d91c958c10f'),
 ('910', '32', '1', '2017-07-04 10:29:37', '2017-07-04 10:29:37', '740049fa-aab5-439c-a038-8d0d58f5aad6'),
 ('911', '33', '1', '2017-07-04 10:29:37', '2017-07-04 10:29:37', '82d0356b-a085-41df-a0bc-8d593b1e2b22'),
 ('912', '34', '1', '2017-07-04 10:29:37', '2017-07-04 10:29:37', 'f2daeae9-e0d6-479c-869b-143553ac890d'),
 ('913', '35', '1', '2017-07-04 10:29:37', '2017-07-04 10:29:37', 'aa87d640-4981-48fa-88ca-efd14ccb9ead'),
 ('914', '51', '1', '2017-07-04 10:29:37', '2017-07-04 10:29:37', '52ac6d1e-41b4-4d0f-94ef-3770d32eedb5'),
 ('915', '52', '1', '2017-07-04 10:29:37', '2017-07-04 10:29:37', '2b3d9338-09dc-4447-87d8-9f2b695d3b09'),
 ('916', '53', '1', '2017-07-04 10:29:37', '2017-07-04 10:29:37', '003ceb88-b508-4900-b9e6-2a140c93f876'),
 ('917', '54', '1', '2017-07-04 10:29:37', '2017-07-04 10:29:37', '1a6ace51-3193-44e2-805e-b52443d5253f'),
 ('918', '55', '1', '2017-07-04 10:29:37', '2017-07-04 10:29:37', '75d63c1d-36a2-4f3d-b4ee-cd4bd1e0c087'),
 ('919', '56', '1', '2017-07-04 10:29:37', '2017-07-04 10:29:37', 'aa0c8c2a-fc2b-48e4-aab6-3676874a220d'),
 ('920', '37', '1', '2017-07-04 10:29:37', '2017-07-04 10:29:37', '880a04d8-127a-4404-a9a7-f9ae826013f0'),
 ('921', '38', '1', '2017-07-04 10:29:37', '2017-07-04 10:29:37', 'e695f206-d975-4d25-865d-52d2beff2ddd'),
 ('922', '39', '1', '2017-07-04 10:29:37', '2017-07-04 10:29:37', '2b1b210b-cba0-4489-9f06-040440be741a'),
 ('923', '40', '1', '2017-07-04 10:29:37', '2017-07-04 10:29:37', 'e03f385c-a5ee-4c81-bfd8-7b233a1ed0f8'),
 ('924', '57', '1', '2017-07-04 10:29:37', '2017-07-04 10:29:37', 'fe0c1728-ce41-48a9-94cb-bc541e349c87'),
 ('925', '58', '1', '2017-07-04 10:29:37', '2017-07-04 10:29:37', '262160a6-ed01-4e43-b9c8-8b21aed362c0'),
 ('926', '59', '1', '2017-07-04 10:29:37', '2017-07-04 10:29:37', 'ce68e6ba-faac-41f3-95ff-24c20a834aa0'),
 ('927', '60', '1', '2017-07-04 10:29:37', '2017-07-04 10:29:37', 'b1595e8e-e725-4fe9-a611-fa6aca9cf407');



DROP TABLE IF EXISTS `craft_userpermissions_users`;


--
-- Schema for table `craft_userpermissions_users`
--
CREATE TABLE `craft_userpermissions_users` (
  `id` int(11) NOT NULL AUTO_INCREMENT,
  `permissionId` int(11) NOT NULL,
  `userId` int(11) NOT NULL,
  `dateCreated` datetime NOT NULL,
  `dateUpdated` datetime NOT NULL,
  `uid` char(36) COLLATE utf8_unicode_ci NOT NULL DEFAULT '0',
  PRIMARY KEY (`id`),
  UNIQUE KEY `craft_userpermissions_users_permissionId_userId_unq_idx` (`permissionId`,`userId`),
  KEY `craft_userpermissions_users_userId_fk` (`userId`)
) ENGINE=InnoDB DEFAULT CHARSET=utf8 COLLATE=utf8_unicode_ci;

DROP TABLE IF EXISTS `craft_users`;


--
-- Schema for table `craft_users`
--
CREATE TABLE `craft_users` (
  `id` int(11) NOT NULL,
  `username` varchar(100) COLLATE utf8_unicode_ci NOT NULL,
  `photo` varchar(100) COLLATE utf8_unicode_ci DEFAULT NULL,
  `firstName` varchar(100) COLLATE utf8_unicode_ci DEFAULT NULL,
  `lastName` varchar(100) COLLATE utf8_unicode_ci DEFAULT NULL,
  `email` varchar(255) COLLATE utf8_unicode_ci NOT NULL,
  `password` char(255) COLLATE utf8_unicode_ci DEFAULT NULL,
  `preferredLocale` char(12) COLLATE utf8_unicode_ci DEFAULT NULL,
  `weekStartDay` tinyint(1) unsigned NOT NULL DEFAULT '0',
  `admin` tinyint(1) unsigned NOT NULL DEFAULT '0',
  `client` tinyint(1) unsigned NOT NULL DEFAULT '0',
  `locked` tinyint(1) unsigned NOT NULL DEFAULT '0',
  `suspended` tinyint(1) unsigned NOT NULL DEFAULT '0',
  `pending` tinyint(1) unsigned NOT NULL DEFAULT '0',
  `archived` tinyint(1) unsigned NOT NULL DEFAULT '0',
  `lastLoginDate` datetime DEFAULT NULL,
  `lastLoginAttemptIPAddress` varchar(45) COLLATE utf8_unicode_ci DEFAULT NULL,
  `invalidLoginWindowStart` datetime DEFAULT NULL,
  `invalidLoginCount` tinyint(4) unsigned DEFAULT NULL,
  `lastInvalidLoginDate` datetime DEFAULT NULL,
  `lockoutDate` datetime DEFAULT NULL,
  `verificationCode` char(100) COLLATE utf8_unicode_ci DEFAULT NULL,
  `verificationCodeIssuedDate` datetime DEFAULT NULL,
  `unverifiedEmail` varchar(255) COLLATE utf8_unicode_ci DEFAULT NULL,
  `passwordResetRequired` tinyint(1) unsigned NOT NULL DEFAULT '0',
  `lastPasswordChangeDate` datetime DEFAULT NULL,
  `dateCreated` datetime NOT NULL,
  `dateUpdated` datetime NOT NULL,
  `uid` char(36) COLLATE utf8_unicode_ci NOT NULL DEFAULT '0',
  PRIMARY KEY (`id`),
  UNIQUE KEY `craft_users_username_unq_idx` (`username`),
  UNIQUE KEY `craft_users_email_unq_idx` (`email`),
  KEY `craft_users_verificationCode_idx` (`verificationCode`),
  KEY `craft_users_uid_idx` (`uid`),
  KEY `craft_users_preferredLocale_fk` (`preferredLocale`)
) ENGINE=InnoDB DEFAULT CHARSET=utf8 COLLATE=utf8_unicode_ci;

--
-- Data for table `craft_users`
--

INSERT INTO `craft_users` (`id`, `username`, `photo`, `firstName`, `lastName`, `email`, `password`, `preferredLocale`, `weekStartDay`, `admin`, `client`, `locked`, `suspended`, `pending`, `archived`, `lastLoginDate`, `lastLoginAttemptIPAddress`, `invalidLoginWindowStart`, `invalidLoginCount`, `lastInvalidLoginDate`, `lockoutDate`, `verificationCode`, `verificationCodeIssuedDate`, `unverifiedEmail`, `passwordResetRequired`, `lastPasswordChangeDate`, `dateCreated`, `dateUpdated`, `uid`) VALUES
 ('1', 'admin', NULL, NULL, NULL, 'admin@welance.de', '$2y$13$HodDUXFtAC/3pAUNoKwiM.n9ucptD8VF3B/js5dX58eEpuu4ceAYO', NULL, '0', '1', '0', '0', '0', '0', '0', '2017-07-04 09:59:46', '172.22.0.1', NULL, NULL, NULL, NULL, NULL, NULL, NULL, '0', '2017-07-03 11:38:58', '2017-07-03 11:38:58', '2017-07-04 09:59:46', 'e720fb85-e65e-484d-9b1b-123690245ec9');



DROP TABLE IF EXISTS `craft_widgets`;


--
-- Schema for table `craft_widgets`
--
CREATE TABLE `craft_widgets` (
  `id` int(11) NOT NULL AUTO_INCREMENT,
  `userId` int(11) NOT NULL,
  `type` varchar(150) COLLATE utf8_unicode_ci NOT NULL,
  `sortOrder` smallint(6) unsigned DEFAULT NULL,
  `colspan` tinyint(4) unsigned DEFAULT NULL,
  `settings` text COLLATE utf8_unicode_ci,
  `enabled` tinyint(1) unsigned NOT NULL DEFAULT '1',
  `dateCreated` datetime NOT NULL,
  `dateUpdated` datetime NOT NULL,
  `uid` char(36) COLLATE utf8_unicode_ci NOT NULL DEFAULT '0',
  PRIMARY KEY (`id`),
  KEY `craft_widgets_userId_fk` (`userId`)
) ENGINE=InnoDB AUTO_INCREMENT=5 DEFAULT CHARSET=utf8 COLLATE=utf8_unicode_ci;

--
-- Data for table `craft_widgets`
--

INSERT INTO `craft_widgets` (`id`, `userId`, `type`, `sortOrder`, `colspan`, `settings`, `enabled`, `dateCreated`, `dateUpdated`, `uid`) VALUES
 ('1', '1', 'RecentEntries', '1', NULL, NULL, '1', '2017-07-03 11:43:06', '2017-07-03 11:43:06', '2d99443f-c648-4f08-b442-2fdadd152c97'),
 ('2', '1', 'GetHelp', '2', NULL, NULL, '1', '2017-07-03 11:43:06', '2017-07-03 11:43:06', '7d55f4ac-c66d-4968-b59a-4d1500ba6da1'),
 ('3', '1', 'Updates', '3', NULL, NULL, '1', '2017-07-03 11:43:06', '2017-07-03 11:43:06', '6bad3a44-a814-4ff2-ac95-5026013d4320'),
 ('4', '1', 'Feed', '4', NULL, '{\"url\":\"https:\\/\\/craftcms.com\\/news.rss\",\"title\":\"Craft News\"}', '1', '2017-07-03 11:43:06', '2017-07-03 11:43:06', 'e2d4908a-7efd-46d6-bd4a-89621a2e5692');


--
-- Constraints for tables
--


--
-- Constraints for table `craft_assetfiles`
--
ALTER TABLE `craft_assetfiles`
	ADD CONSTRAINT `craft_assetfiles_folderId_fk` FOREIGN KEY (`folderId`) REFERENCES `craft_assetfolders` (`id`) ON DELETE CASCADE,
	ADD CONSTRAINT `craft_assetfiles_id_fk` FOREIGN KEY (`id`) REFERENCES `craft_elements` (`id`) ON DELETE CASCADE,
	ADD CONSTRAINT `craft_assetfiles_sourceId_fk` FOREIGN KEY (`sourceId`) REFERENCES `craft_assetsources` (`id`) ON DELETE CASCADE;

--
-- Constraints for table `craft_assetfolders`
--
ALTER TABLE `craft_assetfolders`
	ADD CONSTRAINT `craft_assetfolders_parentId_fk` FOREIGN KEY (`parentId`) REFERENCES `craft_assetfolders` (`id`) ON DELETE CASCADE,
	ADD CONSTRAINT `craft_assetfolders_sourceId_fk` FOREIGN KEY (`sourceId`) REFERENCES `craft_assetsources` (`id`) ON DELETE CASCADE;

--
-- Constraints for table `craft_assetindexdata`
--
ALTER TABLE `craft_assetindexdata`
	ADD CONSTRAINT `craft_assetindexdata_sourceId_fk` FOREIGN KEY (`sourceId`) REFERENCES `craft_assetsources` (`id`) ON DELETE CASCADE;

--
-- Constraints for table `craft_assetsources`
--
ALTER TABLE `craft_assetsources`
	ADD CONSTRAINT `craft_assetsources_fieldLayoutId_fk` FOREIGN KEY (`fieldLayoutId`) REFERENCES `craft_fieldlayouts` (`id`) ON DELETE SET NULL;

--
-- Constraints for table `craft_categories`
--
ALTER TABLE `craft_categories`
	ADD CONSTRAINT `craft_categories_groupId_fk` FOREIGN KEY (`groupId`) REFERENCES `craft_categorygroups` (`id`) ON DELETE CASCADE,
	ADD CONSTRAINT `craft_categories_id_fk` FOREIGN KEY (`id`) REFERENCES `craft_elements` (`id`) ON DELETE CASCADE;

--
-- Constraints for table `craft_categorygroups`
--
ALTER TABLE `craft_categorygroups`
	ADD CONSTRAINT `craft_categorygroups_fieldLayoutId_fk` FOREIGN KEY (`fieldLayoutId`) REFERENCES `craft_fieldlayouts` (`id`) ON DELETE SET NULL,
	ADD CONSTRAINT `craft_categorygroups_structureId_fk` FOREIGN KEY (`structureId`) REFERENCES `craft_structures` (`id`) ON DELETE CASCADE;

--
-- Constraints for table `craft_categorygroups_i18n`
--
ALTER TABLE `craft_categorygroups_i18n`
	ADD CONSTRAINT `craft_categorygroups_i18n_groupId_fk` FOREIGN KEY (`groupId`) REFERENCES `craft_categorygroups` (`id`) ON DELETE CASCADE,
	ADD CONSTRAINT `craft_categorygroups_i18n_locale_fk` FOREIGN KEY (`locale`) REFERENCES `craft_locales` (`locale`) ON DELETE CASCADE ON UPDATE CASCADE;

--
-- Constraints for table `craft_content`
--
ALTER TABLE `craft_content`
	ADD CONSTRAINT `craft_content_elementId_fk` FOREIGN KEY (`elementId`) REFERENCES `craft_elements` (`id`) ON DELETE CASCADE,
	ADD CONSTRAINT `craft_content_locale_fk` FOREIGN KEY (`locale`) REFERENCES `craft_locales` (`locale`) ON DELETE CASCADE ON UPDATE CASCADE;

--
-- Constraints for table `craft_elements_i18n`
--
ALTER TABLE `craft_elements_i18n`
	ADD CONSTRAINT `craft_elements_i18n_elementId_fk` FOREIGN KEY (`elementId`) REFERENCES `craft_elements` (`id`) ON DELETE CASCADE,
	ADD CONSTRAINT `craft_elements_i18n_locale_fk` FOREIGN KEY (`locale`) REFERENCES `craft_locales` (`locale`) ON DELETE CASCADE ON UPDATE CASCADE;

--
-- Constraints for table `craft_emailmessages`
--
ALTER TABLE `craft_emailmessages`
	ADD CONSTRAINT `craft_emailmessages_locale_fk` FOREIGN KEY (`locale`) REFERENCES `craft_locales` (`locale`) ON DELETE CASCADE ON UPDATE CASCADE;

--
-- Constraints for table `craft_entries`
--
ALTER TABLE `craft_entries`
	ADD CONSTRAINT `craft_entries_authorId_fk` FOREIGN KEY (`authorId`) REFERENCES `craft_users` (`id`) ON DELETE CASCADE,
	ADD CONSTRAINT `craft_entries_id_fk` FOREIGN KEY (`id`) REFERENCES `craft_elements` (`id`) ON DELETE CASCADE,
	ADD CONSTRAINT `craft_entries_sectionId_fk` FOREIGN KEY (`sectionId`) REFERENCES `craft_sections` (`id`) ON DELETE CASCADE,
	ADD CONSTRAINT `craft_entries_typeId_fk` FOREIGN KEY (`typeId`) REFERENCES `craft_entrytypes` (`id`) ON DELETE CASCADE;

--
-- Constraints for table `craft_entrydrafts`
--
ALTER TABLE `craft_entrydrafts`
	ADD CONSTRAINT `craft_entrydrafts_creatorId_fk` FOREIGN KEY (`creatorId`) REFERENCES `craft_users` (`id`) ON DELETE CASCADE,
	ADD CONSTRAINT `craft_entrydrafts_entryId_fk` FOREIGN KEY (`entryId`) REFERENCES `craft_entries` (`id`) ON DELETE CASCADE,
	ADD CONSTRAINT `craft_entrydrafts_locale_fk` FOREIGN KEY (`locale`) REFERENCES `craft_locales` (`locale`) ON DELETE CASCADE ON UPDATE CASCADE,
	ADD CONSTRAINT `craft_entrydrafts_sectionId_fk` FOREIGN KEY (`sectionId`) REFERENCES `craft_sections` (`id`) ON DELETE CASCADE;

--
-- Constraints for table `craft_entrytypes`
--
ALTER TABLE `craft_entrytypes`
	ADD CONSTRAINT `craft_entrytypes_fieldLayoutId_fk` FOREIGN KEY (`fieldLayoutId`) REFERENCES `craft_fieldlayouts` (`id`) ON DELETE SET NULL,
	ADD CONSTRAINT `craft_entrytypes_sectionId_fk` FOREIGN KEY (`sectionId`) REFERENCES `craft_sections` (`id`) ON DELETE CASCADE;

--
-- Constraints for table `craft_entryversions`
--
ALTER TABLE `craft_entryversions`
	ADD CONSTRAINT `craft_entryversions_creatorId_fk` FOREIGN KEY (`creatorId`) REFERENCES `craft_users` (`id`) ON DELETE SET NULL,
	ADD CONSTRAINT `craft_entryversions_entryId_fk` FOREIGN KEY (`entryId`) REFERENCES `craft_entries` (`id`) ON DELETE CASCADE,
	ADD CONSTRAINT `craft_entryversions_locale_fk` FOREIGN KEY (`locale`) REFERENCES `craft_locales` (`locale`) ON DELETE CASCADE ON UPDATE CASCADE,
	ADD CONSTRAINT `craft_entryversions_sectionId_fk` FOREIGN KEY (`sectionId`) REFERENCES `craft_sections` (`id`) ON DELETE CASCADE;

--
-- Constraints for table `craft_fieldlayoutfields`
--
ALTER TABLE `craft_fieldlayoutfields`
	ADD CONSTRAINT `craft_fieldlayoutfields_fieldId_fk` FOREIGN KEY (`fieldId`) REFERENCES `craft_fields` (`id`) ON DELETE CASCADE,
	ADD CONSTRAINT `craft_fieldlayoutfields_layoutId_fk` FOREIGN KEY (`layoutId`) REFERENCES `craft_fieldlayouts` (`id`) ON DELETE CASCADE,
	ADD CONSTRAINT `craft_fieldlayoutfields_tabId_fk` FOREIGN KEY (`tabId`) REFERENCES `craft_fieldlayouttabs` (`id`) ON DELETE CASCADE;

--
-- Constraints for table `craft_fieldlayouttabs`
--
ALTER TABLE `craft_fieldlayouttabs`
	ADD CONSTRAINT `craft_fieldlayouttabs_layoutId_fk` FOREIGN KEY (`layoutId`) REFERENCES `craft_fieldlayouts` (`id`) ON DELETE CASCADE;

--
-- Constraints for table `craft_fields`
--
ALTER TABLE `craft_fields`
	ADD CONSTRAINT `craft_fields_groupId_fk` FOREIGN KEY (`groupId`) REFERENCES `craft_fieldgroups` (`id`) ON DELETE CASCADE;

--
-- Constraints for table `craft_globalsets`
--
ALTER TABLE `craft_globalsets`
	ADD CONSTRAINT `craft_globalsets_fieldLayoutId_fk` FOREIGN KEY (`fieldLayoutId`) REFERENCES `craft_fieldlayouts` (`id`) ON DELETE SET NULL,
	ADD CONSTRAINT `craft_globalsets_id_fk` FOREIGN KEY (`id`) REFERENCES `craft_elements` (`id`) ON DELETE CASCADE;

--
-- Constraints for table `craft_matrixblocks`
--
ALTER TABLE `craft_matrixblocks`
	ADD CONSTRAINT `craft_matrixblocks_fieldId_fk` FOREIGN KEY (`fieldId`) REFERENCES `craft_fields` (`id`) ON DELETE CASCADE,
	ADD CONSTRAINT `craft_matrixblocks_id_fk` FOREIGN KEY (`id`) REFERENCES `craft_elements` (`id`) ON DELETE CASCADE,
	ADD CONSTRAINT `craft_matrixblocks_ownerId_fk` FOREIGN KEY (`ownerId`) REFERENCES `craft_elements` (`id`) ON DELETE CASCADE,
	ADD CONSTRAINT `craft_matrixblocks_ownerLocale_fk` FOREIGN KEY (`ownerLocale`) REFERENCES `craft_locales` (`locale`) ON DELETE CASCADE ON UPDATE CASCADE,
	ADD CONSTRAINT `craft_matrixblocks_typeId_fk` FOREIGN KEY (`typeId`) REFERENCES `craft_matrixblocktypes` (`id`) ON DELETE CASCADE;

--
-- Constraints for table `craft_matrixblocktypes`
--
ALTER TABLE `craft_matrixblocktypes`
	ADD CONSTRAINT `craft_matrixblocktypes_fieldId_fk` FOREIGN KEY (`fieldId`) REFERENCES `craft_fields` (`id`) ON DELETE CASCADE,
	ADD CONSTRAINT `craft_matrixblocktypes_fieldLayoutId_fk` FOREIGN KEY (`fieldLayoutId`) REFERENCES `craft_fieldlayouts` (`id`) ON DELETE SET NULL;

--
-- Constraints for table `craft_matrixcontent_attachment`
--
ALTER TABLE `craft_matrixcontent_attachment`
	ADD CONSTRAINT `craft_matrixcontent_attachment_elementId_fk` FOREIGN KEY (`elementId`) REFERENCES `craft_elements` (`id`) ON DELETE CASCADE,
	ADD CONSTRAINT `craft_matrixcontent_attachment_locale_fk` FOREIGN KEY (`locale`) REFERENCES `craft_locales` (`locale`) ON DELETE CASCADE ON UPDATE CASCADE;

--
-- Constraints for table `craft_matrixcontent_linkurl`
--
ALTER TABLE `craft_matrixcontent_linkurl`
	ADD CONSTRAINT `craft_matrixcontent_linkurl_elementId_fk` FOREIGN KEY (`elementId`) REFERENCES `craft_elements` (`id`) ON DELETE CASCADE,
	ADD CONSTRAINT `craft_matrixcontent_linkurl_locale_fk` FOREIGN KEY (`locale`) REFERENCES `craft_locales` (`locale`) ON DELETE CASCADE ON UPDATE CASCADE;

--
-- Constraints for table `craft_matrixcontent_pagebody`
--
ALTER TABLE `craft_matrixcontent_pagebody`
	ADD CONSTRAINT `craft_matrixcontent_pagebody_elementId_fk` FOREIGN KEY (`elementId`) REFERENCES `craft_elements` (`id`) ON DELETE CASCADE,
	ADD CONSTRAINT `craft_matrixcontent_pagebody_locale_fk` FOREIGN KEY (`locale`) REFERENCES `craft_locales` (`locale`) ON DELETE CASCADE ON UPDATE CASCADE;

--
-- Constraints for table `craft_migrations`
--
ALTER TABLE `craft_migrations`
	ADD CONSTRAINT `craft_migrations_pluginId_fk` FOREIGN KEY (`pluginId`) REFERENCES `craft_plugins` (`id`) ON DELETE CASCADE;

--
-- Constraints for table `craft_relations`
--
ALTER TABLE `craft_relations`
	ADD CONSTRAINT `craft_relations_fieldId_fk` FOREIGN KEY (`fieldId`) REFERENCES `craft_fields` (`id`) ON DELETE CASCADE,
	ADD CONSTRAINT `craft_relations_sourceId_fk` FOREIGN KEY (`sourceId`) REFERENCES `craft_elements` (`id`) ON DELETE CASCADE,
	ADD CONSTRAINT `craft_relations_sourceLocale_fk` FOREIGN KEY (`sourceLocale`) REFERENCES `craft_locales` (`locale`) ON DELETE CASCADE ON UPDATE CASCADE,
	ADD CONSTRAINT `craft_relations_targetId_fk` FOREIGN KEY (`targetId`) REFERENCES `craft_elements` (`id`) ON DELETE CASCADE;

--
-- Constraints for table `craft_routes`
--
ALTER TABLE `craft_routes`
	ADD CONSTRAINT `craft_routes_locale_fk` FOREIGN KEY (`locale`) REFERENCES `craft_locales` (`locale`) ON DELETE CASCADE ON UPDATE CASCADE;

--
-- Constraints for table `craft_sections`
--
ALTER TABLE `craft_sections`
	ADD CONSTRAINT `craft_sections_structureId_fk` FOREIGN KEY (`structureId`) REFERENCES `craft_structures` (`id`) ON DELETE SET NULL;

--
-- Constraints for table `craft_sections_i18n`
--
ALTER TABLE `craft_sections_i18n`
	ADD CONSTRAINT `craft_sections_i18n_locale_fk` FOREIGN KEY (`locale`) REFERENCES `craft_locales` (`locale`) ON DELETE CASCADE ON UPDATE CASCADE,
	ADD CONSTRAINT `craft_sections_i18n_sectionId_fk` FOREIGN KEY (`sectionId`) REFERENCES `craft_sections` (`id`) ON DELETE CASCADE;

--
-- Constraints for table `craft_sessions`
--
ALTER TABLE `craft_sessions`
	ADD CONSTRAINT `craft_sessions_userId_fk` FOREIGN KEY (`userId`) REFERENCES `craft_users` (`id`) ON DELETE CASCADE;

--
-- Constraints for table `craft_shunnedmessages`
--
ALTER TABLE `craft_shunnedmessages`
	ADD CONSTRAINT `craft_shunnedmessages_userId_fk` FOREIGN KEY (`userId`) REFERENCES `craft_users` (`id`) ON DELETE CASCADE;

--
-- Constraints for table `craft_structureelements`
--
ALTER TABLE `craft_structureelements`
	ADD CONSTRAINT `craft_structureelements_elementId_fk` FOREIGN KEY (`elementId`) REFERENCES `craft_elements` (`id`) ON DELETE CASCADE,
	ADD CONSTRAINT `craft_structureelements_structureId_fk` FOREIGN KEY (`structureId`) REFERENCES `craft_structures` (`id`) ON DELETE CASCADE;

--
-- Constraints for table `craft_taggroups`
--
ALTER TABLE `craft_taggroups`
	ADD CONSTRAINT `craft_taggroups_fieldLayoutId_fk` FOREIGN KEY (`fieldLayoutId`) REFERENCES `craft_fieldlayouts` (`id`) ON DELETE SET NULL;

--
-- Constraints for table `craft_tags`
--
ALTER TABLE `craft_tags`
	ADD CONSTRAINT `craft_tags_groupId_fk` FOREIGN KEY (`groupId`) REFERENCES `craft_taggroups` (`id`) ON DELETE CASCADE,
	ADD CONSTRAINT `craft_tags_id_fk` FOREIGN KEY (`id`) REFERENCES `craft_elements` (`id`) ON DELETE CASCADE;

--
-- Constraints for table `craft_templatecachecriteria`
--
ALTER TABLE `craft_templatecachecriteria`
	ADD CONSTRAINT `craft_templatecachecriteria_cacheId_fk` FOREIGN KEY (`cacheId`) REFERENCES `craft_templatecaches` (`id`) ON DELETE CASCADE;

--
-- Constraints for table `craft_templatecacheelements`
--
ALTER TABLE `craft_templatecacheelements`
	ADD CONSTRAINT `craft_templatecacheelements_cacheId_fk` FOREIGN KEY (`cacheId`) REFERENCES `craft_templatecaches` (`id`) ON DELETE CASCADE,
	ADD CONSTRAINT `craft_templatecacheelements_elementId_fk` FOREIGN KEY (`elementId`) REFERENCES `craft_elements` (`id`) ON DELETE CASCADE;

--
-- Constraints for table `craft_templatecaches`
--
ALTER TABLE `craft_templatecaches`
	ADD CONSTRAINT `craft_templatecaches_locale_fk` FOREIGN KEY (`locale`) REFERENCES `craft_locales` (`locale`) ON DELETE CASCADE ON UPDATE CASCADE;

--
-- Constraints for table `craft_usergroups_users`
--
ALTER TABLE `craft_usergroups_users`
	ADD CONSTRAINT `craft_usergroups_users_groupId_fk` FOREIGN KEY (`groupId`) REFERENCES `craft_usergroups` (`id`) ON DELETE CASCADE,
	ADD CONSTRAINT `craft_usergroups_users_userId_fk` FOREIGN KEY (`userId`) REFERENCES `craft_users` (`id`) ON DELETE CASCADE;

--
-- Constraints for table `craft_userpermissions_usergroups`
--
ALTER TABLE `craft_userpermissions_usergroups`
	ADD CONSTRAINT `craft_userpermissions_usergroups_groupId_fk` FOREIGN KEY (`groupId`) REFERENCES `craft_usergroups` (`id`) ON DELETE CASCADE,
	ADD CONSTRAINT `craft_userpermissions_usergroups_permissionId_fk` FOREIGN KEY (`permissionId`) REFERENCES `craft_userpermissions` (`id`) ON DELETE CASCADE;

--
-- Constraints for table `craft_userpermissions_users`
--
ALTER TABLE `craft_userpermissions_users`
	ADD CONSTRAINT `craft_userpermissions_users_permissionId_fk` FOREIGN KEY (`permissionId`) REFERENCES `craft_userpermissions` (`id`) ON DELETE CASCADE,
	ADD CONSTRAINT `craft_userpermissions_users_userId_fk` FOREIGN KEY (`userId`) REFERENCES `craft_users` (`id`) ON DELETE CASCADE;

--
-- Constraints for table `craft_users`
--
ALTER TABLE `craft_users`
	ADD CONSTRAINT `craft_users_id_fk` FOREIGN KEY (`id`) REFERENCES `craft_elements` (`id`) ON DELETE CASCADE,
	ADD CONSTRAINT `craft_users_preferredLocale_fk` FOREIGN KEY (`preferredLocale`) REFERENCES `craft_locales` (`locale`) ON DELETE SET NULL ON UPDATE CASCADE;

--
-- Constraints for table `craft_widgets`
--
ALTER TABLE `craft_widgets`
	ADD CONSTRAINT `craft_widgets_userId_fk` FOREIGN KEY (`userId`) REFERENCES `craft_users` (`id`) ON DELETE CASCADE;

SET FOREIGN_KEY_CHECKS = 1;
